question,answer,contexts,ground_truth,retrieved_context_ids,reference_context_ids,context_recall,faithfulness,answer_relevancy
DRUNK ELEPHANT markasının The Littles™ ürününün puanı kaç?,DRUNK ELEPHANT markasının The Littles™ ürününün puanı 4.4'tür.,"[""Ürün adı: The Littles™\nMarka: DRUNK ELEPHANT\nKategori: Moisturizer\nFiyat: 90\nPuan: 4.4\nUygun cilt tipleri: Combination, Dry, Normal, Oily\n\nÜrün tanıtımı: The Littles™, Drunk Elephant'ın çeşitli cilt tiplerine uygun, kapsamlı bir cilt bakım rutini sunan mini ürün setidir. Temizleyiciden güneş koruyucuya kadar birçok temel ürünü içerir.\nİçerik analizi: Ürün seti, nemlendirici, antioksidan, eksfoliyan ve güneş koruyucu gibi farklı cilt ihtiyaçlarına yönelik zengin formüller sunar. Marula yağı ve çeşitli bitki özleri sıkça kullanılmıştır. Isopropyl Isostearate ve Sclerocarya Birrea Seed Oil bazı cilt tiplerinde komedojenik risk taşıyabilir. Ascorbic Acid, Glycolic Acid, Salicylic Acid, Lactic Acid, Citric Acid gibi aktifler ve Phenoxyethanol, Chlorphenesin hassasiyet/iritasyon riski yaratabilir. Niacinamide bazı kişilerde kızarıklığa neden olabilir.\n\nIngredients: Beste™ No.9 Jelly Cleanser: Water, Sodium Lauroyl Methyl Isethionate, Glycerin, Cocamidopropyl Betaine, Cocamidopropyl Hydroxysultaine, Sodium Methyl Oleoyl Taurate, Propanediol, Aloe Barbadensis Leaf Extract, Coco-Glucoside, Lauryl Glucoside, Cucumis Melo Cantalupensis Fruit Extract, Sclerocarya Birrea Seed Oil, Dipotassium Glycyrrhizate, Citric Acid, Phenoxyethanol, Sodium Benzoate, Sodium Chloride. C-Firma™ Day Serum: Water, Ethoxydiglycol, Ascorbic Acid, Glycerin, Laureth-23, Lactobacillus/Pumpkin Ferment Extract, Sclerocarya Birrea Seed Oil, Ferulic Acid, Sodium Hyaluronate, Chondrus Crispus Extract, Camellia Sinensis Leaf Extract, Lactobacillus/Punica Granatum Fruit Ferment Extract, Glycyrrhiza Glabra (Licorice) Root Extract, Vitis Vinifera (Grape) Juice Extract, Phyllanthus Emblica Fruit Extract, Hydrolyzed Wheat Protein, Tocopherol, Caprylhydroxamic Acid, Acetyl Glucosamine, Hydrolyzed Quinoa, Glutamylamidoethyl Imidazole, Dipotassium Glycyrrhizate, Tetrahydrodiferuloylmethane, Tetrahydrodemethoxydiferuloylmethane, Tetrahydrobisdemethoxydiferuloylmethane, Sodium Hyaluronate Crosspolymer, Glycine, Sucrose, Maltodextrin, Propanediol, Caprylyl Glycol, Sodium Hydroxide, Xanthan gum, Hydroxyethyl Acrylate/Sodium Acryloyldimethyl Taurate Copolymer, Isohexadecane, Polysorbate 60. B-Hydra™ Intensive Hydration Serum: Water,Coconut Alkanes, Ammonium Acryloyldimethyltaurate/VP Copolymer, Glycerin, Pentylene Glycol, Sclerocarya Birrea Seed Oil, Wheat Amino Acids, Ananas Sativus (Pineapple) Fruit Extract, Berberis Vulgaris Root Extract, Citrullus Lanatus (Watermelon) Fruit Extract, Lens Esculenta (Lentil) Fruit Extract, Pyrus Malus (Apple) Fruit Extract, Coco-Caprylate/Caprate, Panthenol, Sodium PCA, Sodium Hyaluronate Crosspolymer, Dipotassium Glycyrrhizate, Niacinamide, Cyclodextrin, Sodium Hyaluronate, Sodium Lactate, Phenoxyethanol, Hydroxyproline, Trisodium Ethylenediamine Disuccinate, Citric Acid, Caprylyl Glycol, Chlorphenesin, Ethylhexylglycerin. T.L.C. Framboos™ Glycolic Night Serum: Water, Glycolic Acid, Butylene Glycol, Glycerin, Sodium Hydroxide, Salicylic Acid, Lactic Acid, Citric Acid, Vitis Vinifera (Grape) Juice Extract, Aloe Barbadensis Leaf Juice, Opuntia Ficus-Indica Extract, Aesculus Hippocastanum (Horse Chestnut) Seed Extract, Camellia Sinensis Leaf Extract, Rubus Idaeus (Raspberry) Fruit Extract, Saccharomyces Cerevisiae Extract, Buddleja Davidii Meristem Cell Culture, Sclerocarya Birrea Seed Oil, Sodium Hyaluronate Crosspolymer, Allantoin, Hydroxyethylcellulose, Galactoarabinan, Propanediol, Disodium EDTA, Xanthan Gum, Hexylene Glycol, Phenoxyethanol, Caprylyl Glycol, Ethylhexylglycerin, Sodium Nitrate, Potassium Sorbate, Pentylene Glycol, Sodium Benzoate. Virgin Marula Luxury Facial Oil: Sclerocarya Birrea Seed OilLala Retro™Whipped CreamWater,Glycerin, Caprylic/ Capric Triglyceride, Isopropyl Isostearate, Pseudozyma Epicola/Camellia Sinensis Seed Oil/Glucose/Glycine Soja Meal/Malt Extract/Yeast Extract Ferment Filtrate (Pseudozyma Epicola/Camellia Sinensis Seed Oil/Glucose/Yeast Extract Ferment Filtrate), Stearic Acid, Glyceryl Stearate SE, Cetearyl Alcohol, Pentylene Glycol, Plantago Lanceolata Leaf Extract, Adansonia Digitata Seed Oil, Citrullus Lanatus (Watermelon) Seed Oil, Passiflora Edulis Seed Oil, Schinziophyton Rautanenii Kernel Oil, Sclerocarya Birrea Seed Oil, Polyglyceryl-6 Ximenia Americana Seedate, Sodium Hyaluronate Crosspolymer, Ceteareth-20, Trisodium Ethylenediamine Disuccinate, Sodium Hydroxide, Citric Acid, Carbomer, Xanthan Gum, Caprylyl Glycol, Chlorphenesin, Phenoxyethanol, Ethylhexylglycerin. Umbra™ Sheer Physical Daily Defense SPF 30: Zinc Oxide 20%, Water, Caprylic/Capric Triglyceride, Dicaprylyl Carbonate, Glycerin,Pentylene Glycol, Steareth-2, Propanediol, Steareth-21, Polyhydroxystearic Acid, Cetearyl Alcohol, Silica, Sclerocarya Birrea Seed Oil, Aloe Barbadensis Leaf Extract, Chondrus Crispus Extract, Haematococcus Pluvialis Extract, Helianthus Annuus (Sunflower) Sprout Extract, Vitis Vinifera (Grape) Juice Extract, Helianthus Annuus (Sunflower) Seed Oil, Simmondsia Chinensis (Jojoba) Seed Oil, Raspberry Seed Oil/Tocopheryl Succinate Aminopropanediol Esters, Hydrolyzed Wheat Protein,Tocopheryl Acetate, Tocopherol, Sea Water, Acetyl Glucosamine, Cetearyl Glucoside, Sodium Stearoyl Glutamate, Tetrahexyldecyl Ascorbate, Glycine, Sucrose, Lecithin, Triethoxycaprylylsilane, Xanthan Gum, Trisodium Ethylenediamine Disuccinate, Caprylhydroxamic Acid, Mica, Caprylyl Glycol, Phenoxyethanol, Titanium Dioxide (CI 77891), Iron Oxides (CI 77491). Shaba Complex™ Eye Serum: Water, Octyldodecanol, Glycerin, Boron Nitride, Saccharomyces/Xylinum/Black Tea Ferment, Coconut Alkanes, Cetyl Alcohol, Cetearyl Olivate, Sorbitan Olivate, Niacinamide, Copper Tripeptide-1, Leontopodium Alpinum Meristem Cell Culture, Dipeptide-2, Palmitoyl Tripeptide-1, Palmitoyl Tetrapeptide-7, Copper Lysinate/Prolinate, Hesperidin Methyl Chalcone, Chondrus Crispus (Carrageenan), Mangifera Indica (Mango) Seed Butter, Glycine Soja (Soybean) Oil, Hippophae Rhamnoides Oil, Sclerocarya Birrea Seed Oil, Sodium Hyaluronate Crosspolymer, Hydroxyethylcellulose, Coco-Caprylate/Caprate, Steareth-20, Lecithin, Panthenol, N-Hydroxysuccinimide, Ubiquinone, Citric Acid, Thioctic Acid, Tocopherol, Chrysin, Sclerotium Gum, Methylglucoside Phosphate, Xanthan Gum, Potassium Sorbate, Sodium Benzoate, Chlorphenesin, Caprylyl Glycol, Sodium Hydroxide, Phenoxyethanol, Pentylene Glycol, Ethylhexylglycerin.""
 'Ürün adı: Lala Retro™ Whipped Cream\nMarka: DRUNK ELEPHANT\nKategori: Moisturizer\nFiyat: 60\nPuan: 4.2\nUygun cilt tipleri: Combination, Dry, Normal, Oily\n\nÜrün tanıtımı: Bu ürün, cildi nemlendirmeye yardımcı olabilecek bir nemlendiricidir. Karma, kuru, normal ve yağlı dahil olmak üzere çeşitli cilt tipleri için uygun olabilir.\nİçerik analizi: Bu formül, yoğun nemlendirme sağlayan gliserin ve çeşitli besleyici bitkisel yağlar içerir. Fermente içerikler cilt bariyerini desteklemeye yardımcı olabilir. Sodyum Hiyalüronat Çapraz Polimer ile nem tutulumu hedeflenmiştir. Komedojenik risk yaratabilecek içerikler Isopropyl Isostearate ve Stearic Acid olabilir. Hassasiyet/iritasyon riski taşıyabilecek içerikler Chlorphenesin, Phenoxyethanol ve Ceteareth-20 olabilir.\n\nIngredients: Water, Glycerin, Caprylic/ Capric Triglyceride, Isopropyl Isostearate, Pseudozyma Epicola/Camellia Sinensis Seed Oil/Glucose/Glycine Soja Meal/Malt Extract/Yeast Extract Ferment Filtrate (Pseudozyma Epicola/Camellia Sinensis Seed Oil/Glucose/Yeast Extract Ferment Filtrate), Stearic Acid, Glyceryl Stearate SE, Cetearyl Alcohol, Pentylene Glycol, Plantago Lanceolata Leaf Extract, Adansonia Digitata Seed Oil, Citrullus Lanatus (Watermelon) Seed Oil, Passiflora Edulis Seed Oil, Schinziophyton Rautanenii Kernel Oil, Sclerocarya Birrea Seed Oil, Polyglyceryl-6 Ximenia Americana Seedate, Sodium Hyaluronate Crosspolymer, Ceteareth-20, Trisodium Ethylenediamine Disuccinate, Sodium Hydroxide, Citric Acid, Carbomer, Xanthan Gum, Caprylyl Glycol, Chlorphenesin, Phenoxyethanol, Ethylhexylglycerin.'
 'Ürün adı: Virgin Marula Luxury Facial Oil\nMarka: DRUNK ELEPHANT\nKategori: Moisturizer\nFiyat: 72\nPuan: 4.4\nUygun cilt tipleri: Combination, Dry, Normal, Oily\n\nÜrün tanıtımı: Bu ürün, cildi nemlendirmeye yardımcı olabilecek %100 saf ve rafine edilmemiş marula çekirdeği yağı içeren lüks bir yüz yağıdır. Çeşitli cilt tipleri için uygun olabilir ve cilde besleyici bir bakım sunmayı hedefleyebilir.\n100% Unrefined Sclerocraya Birrea (Marula) Kernel Oil.\n\nİçerik analizi: Bu ürün tek bir bileşenden, saf Marula çekirdeği yağından oluşur. Cildi nemlendirmeye ve beslemeye yardımcı olabilir. Sclerocraya Birrea (Marula) Kernel Oil bazı cilt tiplerinde komedojenik risk taşıyabilir. Ayrıca, doğal bir yağ olduğu için hassasiyet/iritasyon riski yaratabilir.\n\nIngredients: 100% Unrefined Sclerocraya Birrea (Marula) Kernel Oil.'
 'Ürün adı: Protini™ Polypeptide Cream\nMarka: DRUNK ELEPHANT\nKategori: Moisturizer\nFiyat: 68\nPuan: 4.4\nUygun cilt tipleri: Combination, Dry, Normal, Oily\n\nÜrün tanıtımı: Bu nemlendirici krem, çeşitli peptitler ve nemlendirici bileşenler içeren bir formüle sahiptir. Cildin nemlenmesine ve genel görünümünün desteklenmesine yardımcı olabilir.\nİçerik analizi: Bu formül, çeşitli peptitler, amino asitler ve nemlendirici bileşenler açısından zengindir. Cilt bariyerini desteklemeye ve nemlendirmeye odaklanmış görünmektedir. Sclerocarya Birrea Seed Oil, Cetearyl Alcohol komedojenik risk taşıyabilir. Polysorbate 20, Polysorbate 60, Phenoxyethanol, Chlorphenesin ve Lactic Acid/Glycolic Acid Copolymer hassasiyet/iritasyon riski yaratabilir.\n\nIngredients: Water, Dicaprylyl Carbonate, Glycerin, Cetearyl Alcohol, Cetearyl Olivate, Sorbitan Olivate, Sclerocarya Birrea Seed Oil, Bacillus/Soybean/ Folic Acid Ferment Extract, Nymphaea Alba Root Extract, sh-Oligopeptide-1, sh-Oligopeptide-2, sh-Polypeptide-1, sh-Polypeptide-9, sh-Polypeptide-11, Copper Palmitoyl Heptapeptide-14, Heptapeptide-15 Palmitate, Palmitoyl Tetrapeptide-7, Palmitoyl Tripeptide-1, Alanine, Arginine, Glycine, Histidine, Isoleucine, Phenylalanine, Proline, Serine, Threonine, Valine, Acetyl Glutamine, Coconut Alkanes , Coco-Caprylate/Caprate, Sodium Hyaluronate, Aspartic Acid, Linoleic Acid, Linolenic Acid, Lecithin, Butylene Glycol, Polyvinyl Alcohol, Sodium Lactate, Sodium PCA, PCA, Sorbitan Isostearate, Carbomer, Polysorbate 20, Polysorbate 60, Lactic Acid/Glycolic Acid Copolymer, Hydroxyethyl Acrylate/Sodium Acryloyldimethyl Taurate Copolymer, Xanthan Gum, Isomalt, 1,2-Hexanediol, Caprylyl Glycol, Chlorphenesin, Phenoxyethanol, Tocopherol, Sodium Benzoate, Phenylpropanol, Glyceryl Caprylate, Symphytum Officinale Callus Culture Extract.'
 ""Ürün adı: Little Miss Miracle Limited-Edition Crème de la Mer\nMarka: LA MER\nKategori: Moisturizer\nFiyat: 325\nPuan: 5.0\nUygun cilt tipleri: Belirlenemedi\n\nÜrün tanıtımı: Little Miss Miracle Limited-Edition Crème de la Mer, LA MER'in özel bir nemlendiricisidir. Cildi nemlendirmeye ve beslemeye yardımcı olmayı hedefleyen lüks bir üründür.\nİçerik analizi: Formül, yoğun nemlendirme ve bariyer desteği sağlayan oklüzif ve emoliyan içeriklerle zengindir. Mineral Oil, Petrolatum, Microcrystalline Wax, Lanolin Alcohol, Sesamum Indicum (Sesame) Seed Oil, Paraffin, Decyl Oleate, Magnesium Stearate komedojenik risk taşıyabilir. Fragrance, Limonene, Geraniol, Linalool, Hydroxycitronellal, Citronellol, Benzyl Salicylate, Citral, Alcohol Denat., Citrus Aurantifolia (Lime) Extract, Eucalyptus Globulus (Eucalyptus) Leaf Oil hassasiyet/iritasyon riski yaratabilir.\n\nIngredients: Algae (Seaweed) Extract, Mineral Oil, Petrolatum, Glycerin, Isohexadecane, Microcrystalline Wax, Lanolin Alcohol, Citrus Aurantifolia (Lime) Extract, Sesamum Indicum (Sesame) Seed Oil, Eucalyptus Globulus (Eucalyptus) Leaf Oil, Sesamum Indicum (Sesame) Seed Powder, Medicago Sativa (Alfalfa) Seed Powder, Helianthus Annuus (Sunflower) Seedcake, Prunus Amygdalus Dulcis (Sweet Almond) Seed Meal, Sodium Gluconate, Copper Gluconate, Calcium Gluconate, Magnesium Gluconate, Zinc Gluconate, Magnesium Sulfate, Paraffin, Tocopheryl Succinate, Niacin, Water, Beta-Carotene, Decyl Oleate, Aluminum Distearate, Octyldodecanol, Citric Acid, Cyanocobalamin, Magnesium Stearate, Panthenol, Limonene, Geraniol, Linalool, Hydroxycitronellal, Citronellol, Benzyl Salicylate, Citral, Sodium Benzoate, Alcohol Denat., Fragrance.""]",Puan: 4.4.,"['652c6936b3b76a58c19c0a0c639d562ab0f579dd4c9dc9f29bdd1ab7af879191'
 'a48e2ca666e1c58f48ad12d9a129f8f91c74989bb819a8712641c5a32076b62d'
 '0298e1a8255f33f4ad3cdddc06c0436c6d97e78894df11e4e25b28252d3143dd'
 '6fcecbb9ee483b8734f692e69180ae96ea0dbba64bcdb617e4cf561b26d2849d'
 'af7306dc42136d29b5b522beae4a5d59999f2ab5a28ad43d5d66ac487e514680']",['652c6936b3b76a58c19c0a0c639d562ab0f579dd4c9dc9f29bdd1ab7af879191'],1.0,1.0,0.8944982336376377
The Littles™ ürünü hangi cilt tipleri için uygundur?,"The Littles™ ürünü Combination, Dry, Normal, Oily cilt tipleri için uygundur.","[""Ürün adı: The Littles™\nMarka: DRUNK ELEPHANT\nKategori: Moisturizer\nFiyat: 90\nPuan: 4.4\nUygun cilt tipleri: Combination, Dry, Normal, Oily\n\nÜrün tanıtımı: The Littles™, Drunk Elephant'ın çeşitli cilt tiplerine uygun, kapsamlı bir cilt bakım rutini sunan mini ürün setidir. Temizleyiciden güneş koruyucuya kadar birçok temel ürünü içerir.\nİçerik analizi: Ürün seti, nemlendirici, antioksidan, eksfoliyan ve güneş koruyucu gibi farklı cilt ihtiyaçlarına yönelik zengin formüller sunar. Marula yağı ve çeşitli bitki özleri sıkça kullanılmıştır. Isopropyl Isostearate ve Sclerocarya Birrea Seed Oil bazı cilt tiplerinde komedojenik risk taşıyabilir. Ascorbic Acid, Glycolic Acid, Salicylic Acid, Lactic Acid, Citric Acid gibi aktifler ve Phenoxyethanol, Chlorphenesin hassasiyet/iritasyon riski yaratabilir. Niacinamide bazı kişilerde kızarıklığa neden olabilir.\n\nIngredients: Beste™ No.9 Jelly Cleanser: Water, Sodium Lauroyl Methyl Isethionate, Glycerin, Cocamidopropyl Betaine, Cocamidopropyl Hydroxysultaine, Sodium Methyl Oleoyl Taurate, Propanediol, Aloe Barbadensis Leaf Extract, Coco-Glucoside, Lauryl Glucoside, Cucumis Melo Cantalupensis Fruit Extract, Sclerocarya Birrea Seed Oil, Dipotassium Glycyrrhizate, Citric Acid, Phenoxyethanol, Sodium Benzoate, Sodium Chloride. C-Firma™ Day Serum: Water, Ethoxydiglycol, Ascorbic Acid, Glycerin, Laureth-23, Lactobacillus/Pumpkin Ferment Extract, Sclerocarya Birrea Seed Oil, Ferulic Acid, Sodium Hyaluronate, Chondrus Crispus Extract, Camellia Sinensis Leaf Extract, Lactobacillus/Punica Granatum Fruit Ferment Extract, Glycyrrhiza Glabra (Licorice) Root Extract, Vitis Vinifera (Grape) Juice Extract, Phyllanthus Emblica Fruit Extract, Hydrolyzed Wheat Protein, Tocopherol, Caprylhydroxamic Acid, Acetyl Glucosamine, Hydrolyzed Quinoa, Glutamylamidoethyl Imidazole, Dipotassium Glycyrrhizate, Tetrahydrodiferuloylmethane, Tetrahydrodemethoxydiferuloylmethane, Tetrahydrobisdemethoxydiferuloylmethane, Sodium Hyaluronate Crosspolymer, Glycine, Sucrose, Maltodextrin, Propanediol, Caprylyl Glycol, Sodium Hydroxide, Xanthan gum, Hydroxyethyl Acrylate/Sodium Acryloyldimethyl Taurate Copolymer, Isohexadecane, Polysorbate 60. B-Hydra™ Intensive Hydration Serum: Water,Coconut Alkanes, Ammonium Acryloyldimethyltaurate/VP Copolymer, Glycerin, Pentylene Glycol, Sclerocarya Birrea Seed Oil, Wheat Amino Acids, Ananas Sativus (Pineapple) Fruit Extract, Berberis Vulgaris Root Extract, Citrullus Lanatus (Watermelon) Fruit Extract, Lens Esculenta (Lentil) Fruit Extract, Pyrus Malus (Apple) Fruit Extract, Coco-Caprylate/Caprate, Panthenol, Sodium PCA, Sodium Hyaluronate Crosspolymer, Dipotassium Glycyrrhizate, Niacinamide, Cyclodextrin, Sodium Hyaluronate, Sodium Lactate, Phenoxyethanol, Hydroxyproline, Trisodium Ethylenediamine Disuccinate, Citric Acid, Caprylyl Glycol, Chlorphenesin, Ethylhexylglycerin. T.L.C. Framboos™ Glycolic Night Serum: Water, Glycolic Acid, Butylene Glycol, Glycerin, Sodium Hydroxide, Salicylic Acid, Lactic Acid, Citric Acid, Vitis Vinifera (Grape) Juice Extract, Aloe Barbadensis Leaf Juice, Opuntia Ficus-Indica Extract, Aesculus Hippocastanum (Horse Chestnut) Seed Extract, Camellia Sinensis Leaf Extract, Rubus Idaeus (Raspberry) Fruit Extract, Saccharomyces Cerevisiae Extract, Buddleja Davidii Meristem Cell Culture, Sclerocarya Birrea Seed Oil, Sodium Hyaluronate Crosspolymer, Allantoin, Hydroxyethylcellulose, Galactoarabinan, Propanediol, Disodium EDTA, Xanthan Gum, Hexylene Glycol, Phenoxyethanol, Caprylyl Glycol, Ethylhexylglycerin, Sodium Nitrate, Potassium Sorbate, Pentylene Glycol, Sodium Benzoate. Virgin Marula Luxury Facial Oil: Sclerocarya Birrea Seed OilLala Retro™Whipped CreamWater,Glycerin, Caprylic/ Capric Triglyceride, Isopropyl Isostearate, Pseudozyma Epicola/Camellia Sinensis Seed Oil/Glucose/Glycine Soja Meal/Malt Extract/Yeast Extract Ferment Filtrate (Pseudozyma Epicola/Camellia Sinensis Seed Oil/Glucose/Yeast Extract Ferment Filtrate), Stearic Acid, Glyceryl Stearate SE, Cetearyl Alcohol, Pentylene Glycol, Plantago Lanceolata Leaf Extract, Adansonia Digitata Seed Oil, Citrullus Lanatus (Watermelon) Seed Oil, Passiflora Edulis Seed Oil, Schinziophyton Rautanenii Kernel Oil, Sclerocarya Birrea Seed Oil, Polyglyceryl-6 Ximenia Americana Seedate, Sodium Hyaluronate Crosspolymer, Ceteareth-20, Trisodium Ethylenediamine Disuccinate, Sodium Hydroxide, Citric Acid, Carbomer, Xanthan Gum, Caprylyl Glycol, Chlorphenesin, Phenoxyethanol, Ethylhexylglycerin. Umbra™ Sheer Physical Daily Defense SPF 30: Zinc Oxide 20%, Water, Caprylic/Capric Triglyceride, Dicaprylyl Carbonate, Glycerin,Pentylene Glycol, Steareth-2, Propanediol, Steareth-21, Polyhydroxystearic Acid, Cetearyl Alcohol, Silica, Sclerocarya Birrea Seed Oil, Aloe Barbadensis Leaf Extract, Chondrus Crispus Extract, Haematococcus Pluvialis Extract, Helianthus Annuus (Sunflower) Sprout Extract, Vitis Vinifera (Grape) Juice Extract, Helianthus Annuus (Sunflower) Seed Oil, Simmondsia Chinensis (Jojoba) Seed Oil, Raspberry Seed Oil/Tocopheryl Succinate Aminopropanediol Esters, Hydrolyzed Wheat Protein,Tocopheryl Acetate, Tocopherol, Sea Water, Acetyl Glucosamine, Cetearyl Glucoside, Sodium Stearoyl Glutamate, Tetrahexyldecyl Ascorbate, Glycine, Sucrose, Lecithin, Triethoxycaprylylsilane, Xanthan Gum, Trisodium Ethylenediamine Disuccinate, Caprylhydroxamic Acid, Mica, Caprylyl Glycol, Phenoxyethanol, Titanium Dioxide (CI 77891), Iron Oxides (CI 77491). Shaba Complex™ Eye Serum: Water, Octyldodecanol, Glycerin, Boron Nitride, Saccharomyces/Xylinum/Black Tea Ferment, Coconut Alkanes, Cetyl Alcohol, Cetearyl Olivate, Sorbitan Olivate, Niacinamide, Copper Tripeptide-1, Leontopodium Alpinum Meristem Cell Culture, Dipeptide-2, Palmitoyl Tripeptide-1, Palmitoyl Tetrapeptide-7, Copper Lysinate/Prolinate, Hesperidin Methyl Chalcone, Chondrus Crispus (Carrageenan), Mangifera Indica (Mango) Seed Butter, Glycine Soja (Soybean) Oil, Hippophae Rhamnoides Oil, Sclerocarya Birrea Seed Oil, Sodium Hyaluronate Crosspolymer, Hydroxyethylcellulose, Coco-Caprylate/Caprate, Steareth-20, Lecithin, Panthenol, N-Hydroxysuccinimide, Ubiquinone, Citric Acid, Thioctic Acid, Tocopherol, Chrysin, Sclerotium Gum, Methylglucoside Phosphate, Xanthan Gum, Potassium Sorbate, Sodium Benzoate, Chlorphenesin, Caprylyl Glycol, Sodium Hydroxide, Phenoxyethanol, Pentylene Glycol, Ethylhexylglycerin.""
 'Ürün adı: Crème de la Mer Mini\nMarka: LA MER\nKategori: Moisturizer\nFiyat: 85\nPuan: 4.1\nUygun cilt tipleri: Combination, Dry, Normal, Oily, Sensitive\n\nÜrün tanıtımı: LA MER Crème de la Mer Mini, çeşitli cilt tipleri için tasarlanmış bir nemlendiricidir. Cilde yoğun nem sağlamayı hedefleyebilir.\nİçerik analizi: Formül, yoğun nemlendirme ve cilt bariyerini desteklemeyi amaçlayan oklüzif ve nemlendirici içerikler açısından zengindir. Ayrıca çeşitli bitki özleri, vitaminler ve koku bileşenleri içerir. Lanolin Alcohol, Sesamum Indicum (Sesame) Seed Oil ve Decyl Oleate gibi içerikler komedojenik risk taşıyabilir. Alcohol Denat., Fragrance, Eucalyptus Globulus (Eucalyptus) Leaf Oil ve Limonene gibi bileşenler hassasiyet veya iritasyon riski yaratabilir.\n\nIngredients: Algae (Seaweed) Extract, Mineral Oil, Petrolatum, Glycerin, Isohexadecane, Microcrystalline Wax, Lanolin Alcohol, Citrus Aurantifolia (Lime) Extract, Sesamum Indicum (Sesame) Seed Oil, Eucalyptus Globulus (Eucalyptus) Leaf Oil, Sesamum Indicum (Sesame) Seed Powder, Medicago Sativa (Alfalfa) Seed Powder, Helianthus Annuus (Sunflower) Seedcake, Prunus Amygdalus Dulcis (Sweet Almond) Seed Meal, Sodium Gluconate, Copper Gluconate, Calcium Gluconate, Magnesium Gluconate, Zinc Gluconate, Magnesium Sulfate, Paraffin, Tocopheryl Succinate, Niacin, Water, Beta-Carotene, Decyl Oleate, Aluminum Distearate, Octyldodecanol, Citric Acid, Cyanocobalamin, Magnesium Stearate, Panthenol, Limonene, Geraniol, Linalool, Hydroxycitronellal, Citronellol, Benzyl Salicylate, Citral, Sodium Benzoate, Alcohol Denat., Fragrance.'
 ""Ürün adı: Little Miss Miracle Limited-Edition Crème de la Mer\nMarka: LA MER\nKategori: Moisturizer\nFiyat: 325\nPuan: 5.0\nUygun cilt tipleri: Belirlenemedi\n\nÜrün tanıtımı: Little Miss Miracle Limited-Edition Crème de la Mer, LA MER'in özel bir nemlendiricisidir. Cildi nemlendirmeye ve beslemeye yardımcı olmayı hedefleyen lüks bir üründür.\nİçerik analizi: Formül, yoğun nemlendirme ve bariyer desteği sağlayan oklüzif ve emoliyan içeriklerle zengindir. Mineral Oil, Petrolatum, Microcrystalline Wax, Lanolin Alcohol, Sesamum Indicum (Sesame) Seed Oil, Paraffin, Decyl Oleate, Magnesium Stearate komedojenik risk taşıyabilir. Fragrance, Limonene, Geraniol, Linalool, Hydroxycitronellal, Citronellol, Benzyl Salicylate, Citral, Alcohol Denat., Citrus Aurantifolia (Lime) Extract, Eucalyptus Globulus (Eucalyptus) Leaf Oil hassasiyet/iritasyon riski yaratabilir.\n\nIngredients: Algae (Seaweed) Extract, Mineral Oil, Petrolatum, Glycerin, Isohexadecane, Microcrystalline Wax, Lanolin Alcohol, Citrus Aurantifolia (Lime) Extract, Sesamum Indicum (Sesame) Seed Oil, Eucalyptus Globulus (Eucalyptus) Leaf Oil, Sesamum Indicum (Sesame) Seed Powder, Medicago Sativa (Alfalfa) Seed Powder, Helianthus Annuus (Sunflower) Seedcake, Prunus Amygdalus Dulcis (Sweet Almond) Seed Meal, Sodium Gluconate, Copper Gluconate, Calcium Gluconate, Magnesium Gluconate, Zinc Gluconate, Magnesium Sulfate, Paraffin, Tocopheryl Succinate, Niacin, Water, Beta-Carotene, Decyl Oleate, Aluminum Distearate, Octyldodecanol, Citric Acid, Cyanocobalamin, Magnesium Stearate, Panthenol, Limonene, Geraniol, Linalool, Hydroxycitronellal, Citronellol, Benzyl Salicylate, Citral, Sodium Benzoate, Alcohol Denat., Fragrance.""
 'Ürün adı: Your Skin But Better™ CC+™ Cream with SPF 50+\nMarka: IT COSMETICS\nKategori: Moisturizer\nFiyat: 38\nPuan: 4.1\nUygun cilt tipleri: Combination, Dry, Normal, Oily, Sensitive\n\nÜrün tanıtımı: Bu ürün, cilde renk eşitleme ve yüksek SPF 50+ güneş koruması sunan, nemlendirici özelliklere sahip bir CC kremidir. Cilt tonunu eşitlemeye ve nemlendirmeye yardımcı olabilir.\nİçerik analizi: Ürün, nemlendirici, SPF ve çeşitli aktif bileşenler içeren zengin bir formüle sahiptir. Salyangoz salgısı filtratı, silikonlar, bitkisel yağlar ve vitaminler içerir. Stearik Asit, Orbignya Oleifera Seed Oil ve Persea Gratissima (Avocado) Oil komedojenik risk taşıyabilir. Narenciye yağları (Citrus Medica Limonum Peel Oil, Citrus Aurantium Bergamia Fruit Oil vb.) ve Eucalyptus Globulus Leaf Oil hassasiyet/iritasyon riski yaratabilir. Chlorhexidine Digluconate de hassasiyet riski taşıyabilir.\n\nIngredients: Water, Snail Secretion Filtrate, Phenyl Trimethicone, Dimethicone, Butylene Glycol, Butylene Glycol Dicaprylate/Dicaprate, Orbignya Oleifera Seed Oil, Butyloctyl Salicylate, Cetyl Peg/Ppg-10/1 Dimethicone, Cyclopentasiloxane, Cyclohexasiloxane, Magnesium Sulfate, Polyglyceryl-4 Isostearate, Dimethicone/Vinyl Dimethicone Crosspolymer, Aluminum Hydroxide, Hexyl Laurate, Stearic Acid, Calcium Stearate, Caprylyl Glycol, Triethoxycaprylylsilane, Ethylhexylglycerin, Citrus Medica Limonum (Lemon) Peel Oil, Tocopheryl Acetate, Sorbitan Isostearate, Phenoxyethanol, Citrus Aurantium Bergamia (Bergamot) Fruit Oil, 1,2-Hexanediol, Disodium Edta, Citrus Aurantium Dulcis (Orange) Peel Oil, Citrus Aurantifolia (Lime) Oil, Vitis Vinifera (Grape) Seed Oil, Punica Granatum Seed Oil, Pinus Sylvestris Leaf Oil, Persea Gratissima (Avocado) Oil, Niacinamide, Citrus Grandis (Grapefruit) Peel Oil, Cholesterol, Anthemis Nobilis Flower Water, Lactobacillus/Honeysuckle Flower/Licorice Root/Morus Alba Root/Pueraria Lobata Root/Schizandra Chinensis Fruit/Scutellaria Baicalensis Root/Sophora Japonica Flower Extract Ferment Filtrate, Perfluorohexane, Olea Europaea (Olive) Leaf Extract, Glycerin, Eucalyptus Globulus Leaf Oil, Camellia Sinensis Leaf Extract, Chrysanthemum Indicum Flower Extract, Pueraria Lobata Root Extract, Perfluorodecalin, Morus Alba Fruit Extract, Magnolia Kobus Bark Extract, Glycine Soja (Soybean) Sprout Extract, Diospyros Kaki Leaf Extract, Cinnamomum Cassia Bark Extract, Artemisia Princeps Leaf Extract, Pentafluoropropane, Curcuma Longa (Turmeric) Root Extract, Steareth-20, Hydrolyzed Hyaluronic Acid, Colloidal Oatmeal, Hydrolyzed Silk, Citric Acid, Sodium Benzoate, Potassium Sorbate, Aloe Barbadensis Leaf Extract, N-Hydroxysuccinimide, Hydrolyzed Collagen, Caprylhydroxamic Acid, Tocopherol, Thiamine Hcl, Riboflavin, Retinyl Palmitate, Pantothenic Acid, Palmitoyl Oligopeptide, Niacin, Folic Acid, Chrysin, Carnitine Hcl, Biotin, Ascorbic Acid, Palmitoyl Tetrapeptide-7, Chlorhexidine Digluconate. May Contain: Iron Oxides (Ci 77492, Ci 77491, Ci 77499).'
 'Ürün adı: Lotus Youth Preserve Moisturizer\nMarka: FRESH\nKategori: Moisturizer\nFiyat: 45\nPuan: 4.3\nUygun cilt tipleri: Belirlenemedi\n\nÜrün tanıtımı: Bu nemlendirici, cildi nemlendirmeye ve beslemeye yardımcı olan çeşitli bitki özleri ve nemlendiriciler içerir. Cildin daha genç bir görünüm kazanmasına destek olabilir.\nİçerik analizi: Bu formül, nemlendirme ve antioksidan destek sağlamayı hedefleyen çeşitli nemlendiriciler, yumuşatıcılar ve bitki özleri içerir. Cilde nem çekmeye ve nemi korumaya yardımcı bileşenler barındırır. Cetearyl Alcohol, Cetyl Alcohol, Stearyl Alcohol gibi bazı yağ alkolleri komedojenik risk taşıyabilir. Citrus Limon (Lemon) Peel Oil, Limonene, Citral gibi koku bileşenleri hassasiyet/iritasyon riski yaratabilir.\n\nIngredients: Water, Glycerin, Propylene Glycol Dicaprylate/Dicaprate, Pentylene Glycol, Cetearyl Alcohol, Caprylic/Capric Triglyceride, Cetearyl Isononanoate, Betaine, Polymethyl Methacrylate, Steareth-21, Ficus Carica (Fig) Fruit Extract, Lepidium Meyenii Root Extract, Citrus Limon (Lemon) Peel Oil, Cucumis Sativus (Cucumber) Fruit Extract, Algae Extract, Nelumbo Nucifera Flower Extract, Hibiscus Esculentus Fruit Extract, Sodium Hyaluronate, Tocopheryl Acetate, Ascorbyl Tetraisopalmitate, Tocopherol, Behenyl Alcohol, Cetearyl Glucoside, Sorbitol, Dimethicone, Sodium PCA, Caprylyl Glycol, Carbomer, Tromethamine, Cetyl Alcohol, Stearyl Alcohol, Butylene Glycol, Xanthan Gum, Caramel, Citric Acid, Potassium Sorbate, Sorbic Acid, Phenoxyethanol, Limonene, Citral.']","Uygun cilt tipleri: Combination, Dry, Normal, Oily.","['652c6936b3b76a58c19c0a0c639d562ab0f579dd4c9dc9f29bdd1ab7af879191'
 'a39ed2a19f44e024c760ac9ee4e1990ef316651340b02424158d8bc43e6bf64f'
 'af7306dc42136d29b5b522beae4a5d59999f2ab5a28ad43d5d66ac487e514680'
 '02415a33943b2cc65c009174fd5b3f5a0cffb6f23d553fd8266e9b7f26f16cc0'
 '544c5b4f7ef25fb4f074afdfc342bfe9888aebed2373198a20e12bf041bdf646']",['652c6936b3b76a58c19c0a0c639d562ab0f579dd4c9dc9f29bdd1ab7af879191'],,1.0,0.9092387265802856
"The Littles™ ürünün,n fiyatı nedir?",The Littles™ ürününün fiyatı 90'dır.,"[""Ürün adı: The Littles™\nMarka: DRUNK ELEPHANT\nKategori: Moisturizer\nFiyat: 90\nPuan: 4.4\nUygun cilt tipleri: Combination, Dry, Normal, Oily\n\nÜrün tanıtımı: The Littles™, Drunk Elephant'ın çeşitli cilt tiplerine uygun, kapsamlı bir cilt bakım rutini sunan mini ürün setidir. Temizleyiciden güneş koruyucuya kadar birçok temel ürünü içerir.\nİçerik analizi: Ürün seti, nemlendirici, antioksidan, eksfoliyan ve güneş koruyucu gibi farklı cilt ihtiyaçlarına yönelik zengin formüller sunar. Marula yağı ve çeşitli bitki özleri sıkça kullanılmıştır. Isopropyl Isostearate ve Sclerocarya Birrea Seed Oil bazı cilt tiplerinde komedojenik risk taşıyabilir. Ascorbic Acid, Glycolic Acid, Salicylic Acid, Lactic Acid, Citric Acid gibi aktifler ve Phenoxyethanol, Chlorphenesin hassasiyet/iritasyon riski yaratabilir. Niacinamide bazı kişilerde kızarıklığa neden olabilir.\n\nIngredients: Beste™ No.9 Jelly Cleanser: Water, Sodium Lauroyl Methyl Isethionate, Glycerin, Cocamidopropyl Betaine, Cocamidopropyl Hydroxysultaine, Sodium Methyl Oleoyl Taurate, Propanediol, Aloe Barbadensis Leaf Extract, Coco-Glucoside, Lauryl Glucoside, Cucumis Melo Cantalupensis Fruit Extract, Sclerocarya Birrea Seed Oil, Dipotassium Glycyrrhizate, Citric Acid, Phenoxyethanol, Sodium Benzoate, Sodium Chloride. C-Firma™ Day Serum: Water, Ethoxydiglycol, Ascorbic Acid, Glycerin, Laureth-23, Lactobacillus/Pumpkin Ferment Extract, Sclerocarya Birrea Seed Oil, Ferulic Acid, Sodium Hyaluronate, Chondrus Crispus Extract, Camellia Sinensis Leaf Extract, Lactobacillus/Punica Granatum Fruit Ferment Extract, Glycyrrhiza Glabra (Licorice) Root Extract, Vitis Vinifera (Grape) Juice Extract, Phyllanthus Emblica Fruit Extract, Hydrolyzed Wheat Protein, Tocopherol, Caprylhydroxamic Acid, Acetyl Glucosamine, Hydrolyzed Quinoa, Glutamylamidoethyl Imidazole, Dipotassium Glycyrrhizate, Tetrahydrodiferuloylmethane, Tetrahydrodemethoxydiferuloylmethane, Tetrahydrobisdemethoxydiferuloylmethane, Sodium Hyaluronate Crosspolymer, Glycine, Sucrose, Maltodextrin, Propanediol, Caprylyl Glycol, Sodium Hydroxide, Xanthan gum, Hydroxyethyl Acrylate/Sodium Acryloyldimethyl Taurate Copolymer, Isohexadecane, Polysorbate 60. B-Hydra™ Intensive Hydration Serum: Water,Coconut Alkanes, Ammonium Acryloyldimethyltaurate/VP Copolymer, Glycerin, Pentylene Glycol, Sclerocarya Birrea Seed Oil, Wheat Amino Acids, Ananas Sativus (Pineapple) Fruit Extract, Berberis Vulgaris Root Extract, Citrullus Lanatus (Watermelon) Fruit Extract, Lens Esculenta (Lentil) Fruit Extract, Pyrus Malus (Apple) Fruit Extract, Coco-Caprylate/Caprate, Panthenol, Sodium PCA, Sodium Hyaluronate Crosspolymer, Dipotassium Glycyrrhizate, Niacinamide, Cyclodextrin, Sodium Hyaluronate, Sodium Lactate, Phenoxyethanol, Hydroxyproline, Trisodium Ethylenediamine Disuccinate, Citric Acid, Caprylyl Glycol, Chlorphenesin, Ethylhexylglycerin. T.L.C. Framboos™ Glycolic Night Serum: Water, Glycolic Acid, Butylene Glycol, Glycerin, Sodium Hydroxide, Salicylic Acid, Lactic Acid, Citric Acid, Vitis Vinifera (Grape) Juice Extract, Aloe Barbadensis Leaf Juice, Opuntia Ficus-Indica Extract, Aesculus Hippocastanum (Horse Chestnut) Seed Extract, Camellia Sinensis Leaf Extract, Rubus Idaeus (Raspberry) Fruit Extract, Saccharomyces Cerevisiae Extract, Buddleja Davidii Meristem Cell Culture, Sclerocarya Birrea Seed Oil, Sodium Hyaluronate Crosspolymer, Allantoin, Hydroxyethylcellulose, Galactoarabinan, Propanediol, Disodium EDTA, Xanthan Gum, Hexylene Glycol, Phenoxyethanol, Caprylyl Glycol, Ethylhexylglycerin, Sodium Nitrate, Potassium Sorbate, Pentylene Glycol, Sodium Benzoate. Virgin Marula Luxury Facial Oil: Sclerocarya Birrea Seed OilLala Retro™Whipped CreamWater,Glycerin, Caprylic/ Capric Triglyceride, Isopropyl Isostearate, Pseudozyma Epicola/Camellia Sinensis Seed Oil/Glucose/Glycine Soja Meal/Malt Extract/Yeast Extract Ferment Filtrate (Pseudozyma Epicola/Camellia Sinensis Seed Oil/Glucose/Yeast Extract Ferment Filtrate), Stearic Acid, Glyceryl Stearate SE, Cetearyl Alcohol, Pentylene Glycol, Plantago Lanceolata Leaf Extract, Adansonia Digitata Seed Oil, Citrullus Lanatus (Watermelon) Seed Oil, Passiflora Edulis Seed Oil, Schinziophyton Rautanenii Kernel Oil, Sclerocarya Birrea Seed Oil, Polyglyceryl-6 Ximenia Americana Seedate, Sodium Hyaluronate Crosspolymer, Ceteareth-20, Trisodium Ethylenediamine Disuccinate, Sodium Hydroxide, Citric Acid, Carbomer, Xanthan Gum, Caprylyl Glycol, Chlorphenesin, Phenoxyethanol, Ethylhexylglycerin. Umbra™ Sheer Physical Daily Defense SPF 30: Zinc Oxide 20%, Water, Caprylic/Capric Triglyceride, Dicaprylyl Carbonate, Glycerin,Pentylene Glycol, Steareth-2, Propanediol, Steareth-21, Polyhydroxystearic Acid, Cetearyl Alcohol, Silica, Sclerocarya Birrea Seed Oil, Aloe Barbadensis Leaf Extract, Chondrus Crispus Extract, Haematococcus Pluvialis Extract, Helianthus Annuus (Sunflower) Sprout Extract, Vitis Vinifera (Grape) Juice Extract, Helianthus Annuus (Sunflower) Seed Oil, Simmondsia Chinensis (Jojoba) Seed Oil, Raspberry Seed Oil/Tocopheryl Succinate Aminopropanediol Esters, Hydrolyzed Wheat Protein,Tocopheryl Acetate, Tocopherol, Sea Water, Acetyl Glucosamine, Cetearyl Glucoside, Sodium Stearoyl Glutamate, Tetrahexyldecyl Ascorbate, Glycine, Sucrose, Lecithin, Triethoxycaprylylsilane, Xanthan Gum, Trisodium Ethylenediamine Disuccinate, Caprylhydroxamic Acid, Mica, Caprylyl Glycol, Phenoxyethanol, Titanium Dioxide (CI 77891), Iron Oxides (CI 77491). Shaba Complex™ Eye Serum: Water, Octyldodecanol, Glycerin, Boron Nitride, Saccharomyces/Xylinum/Black Tea Ferment, Coconut Alkanes, Cetyl Alcohol, Cetearyl Olivate, Sorbitan Olivate, Niacinamide, Copper Tripeptide-1, Leontopodium Alpinum Meristem Cell Culture, Dipeptide-2, Palmitoyl Tripeptide-1, Palmitoyl Tetrapeptide-7, Copper Lysinate/Prolinate, Hesperidin Methyl Chalcone, Chondrus Crispus (Carrageenan), Mangifera Indica (Mango) Seed Butter, Glycine Soja (Soybean) Oil, Hippophae Rhamnoides Oil, Sclerocarya Birrea Seed Oil, Sodium Hyaluronate Crosspolymer, Hydroxyethylcellulose, Coco-Caprylate/Caprate, Steareth-20, Lecithin, Panthenol, N-Hydroxysuccinimide, Ubiquinone, Citric Acid, Thioctic Acid, Tocopherol, Chrysin, Sclerotium Gum, Methylglucoside Phosphate, Xanthan Gum, Potassium Sorbate, Sodium Benzoate, Chlorphenesin, Caprylyl Glycol, Sodium Hydroxide, Phenoxyethanol, Pentylene Glycol, Ethylhexylglycerin.""
 'Ürün adı: Crème de la Mer Mini\nMarka: LA MER\nKategori: Moisturizer\nFiyat: 85\nPuan: 4.1\nUygun cilt tipleri: Combination, Dry, Normal, Oily, Sensitive\n\nÜrün tanıtımı: LA MER Crème de la Mer Mini, çeşitli cilt tipleri için tasarlanmış bir nemlendiricidir. Cilde yoğun nem sağlamayı hedefleyebilir.\nİçerik analizi: Formül, yoğun nemlendirme ve cilt bariyerini desteklemeyi amaçlayan oklüzif ve nemlendirici içerikler açısından zengindir. Ayrıca çeşitli bitki özleri, vitaminler ve koku bileşenleri içerir. Lanolin Alcohol, Sesamum Indicum (Sesame) Seed Oil ve Decyl Oleate gibi içerikler komedojenik risk taşıyabilir. Alcohol Denat., Fragrance, Eucalyptus Globulus (Eucalyptus) Leaf Oil ve Limonene gibi bileşenler hassasiyet veya iritasyon riski yaratabilir.\n\nIngredients: Algae (Seaweed) Extract, Mineral Oil, Petrolatum, Glycerin, Isohexadecane, Microcrystalline Wax, Lanolin Alcohol, Citrus Aurantifolia (Lime) Extract, Sesamum Indicum (Sesame) Seed Oil, Eucalyptus Globulus (Eucalyptus) Leaf Oil, Sesamum Indicum (Sesame) Seed Powder, Medicago Sativa (Alfalfa) Seed Powder, Helianthus Annuus (Sunflower) Seedcake, Prunus Amygdalus Dulcis (Sweet Almond) Seed Meal, Sodium Gluconate, Copper Gluconate, Calcium Gluconate, Magnesium Gluconate, Zinc Gluconate, Magnesium Sulfate, Paraffin, Tocopheryl Succinate, Niacin, Water, Beta-Carotene, Decyl Oleate, Aluminum Distearate, Octyldodecanol, Citric Acid, Cyanocobalamin, Magnesium Stearate, Panthenol, Limonene, Geraniol, Linalool, Hydroxycitronellal, Citronellol, Benzyl Salicylate, Citral, Sodium Benzoate, Alcohol Denat., Fragrance.'
 ""Ürün adı: Little Miss Miracle Limited-Edition Crème de la Mer\nMarka: LA MER\nKategori: Moisturizer\nFiyat: 325\nPuan: 5.0\nUygun cilt tipleri: Belirlenemedi\n\nÜrün tanıtımı: Little Miss Miracle Limited-Edition Crème de la Mer, LA MER'in özel bir nemlendiricisidir. Cildi nemlendirmeye ve beslemeye yardımcı olmayı hedefleyen lüks bir üründür.\nİçerik analizi: Formül, yoğun nemlendirme ve bariyer desteği sağlayan oklüzif ve emoliyan içeriklerle zengindir. Mineral Oil, Petrolatum, Microcrystalline Wax, Lanolin Alcohol, Sesamum Indicum (Sesame) Seed Oil, Paraffin, Decyl Oleate, Magnesium Stearate komedojenik risk taşıyabilir. Fragrance, Limonene, Geraniol, Linalool, Hydroxycitronellal, Citronellol, Benzyl Salicylate, Citral, Alcohol Denat., Citrus Aurantifolia (Lime) Extract, Eucalyptus Globulus (Eucalyptus) Leaf Oil hassasiyet/iritasyon riski yaratabilir.\n\nIngredients: Algae (Seaweed) Extract, Mineral Oil, Petrolatum, Glycerin, Isohexadecane, Microcrystalline Wax, Lanolin Alcohol, Citrus Aurantifolia (Lime) Extract, Sesamum Indicum (Sesame) Seed Oil, Eucalyptus Globulus (Eucalyptus) Leaf Oil, Sesamum Indicum (Sesame) Seed Powder, Medicago Sativa (Alfalfa) Seed Powder, Helianthus Annuus (Sunflower) Seedcake, Prunus Amygdalus Dulcis (Sweet Almond) Seed Meal, Sodium Gluconate, Copper Gluconate, Calcium Gluconate, Magnesium Gluconate, Zinc Gluconate, Magnesium Sulfate, Paraffin, Tocopheryl Succinate, Niacin, Water, Beta-Carotene, Decyl Oleate, Aluminum Distearate, Octyldodecanol, Citric Acid, Cyanocobalamin, Magnesium Stearate, Panthenol, Limonene, Geraniol, Linalool, Hydroxycitronellal, Citronellol, Benzyl Salicylate, Citral, Sodium Benzoate, Alcohol Denat., Fragrance.""
 'Ürün adı: Your Skin But Better™ CC+™ Cream with SPF 50+\nMarka: IT COSMETICS\nKategori: Moisturizer\nFiyat: 38\nPuan: 4.1\nUygun cilt tipleri: Combination, Dry, Normal, Oily, Sensitive\n\nÜrün tanıtımı: Bu ürün, cilde renk eşitleme ve yüksek SPF 50+ güneş koruması sunan, nemlendirici özelliklere sahip bir CC kremidir. Cilt tonunu eşitlemeye ve nemlendirmeye yardımcı olabilir.\nİçerik analizi: Ürün, nemlendirici, SPF ve çeşitli aktif bileşenler içeren zengin bir formüle sahiptir. Salyangoz salgısı filtratı, silikonlar, bitkisel yağlar ve vitaminler içerir. Stearik Asit, Orbignya Oleifera Seed Oil ve Persea Gratissima (Avocado) Oil komedojenik risk taşıyabilir. Narenciye yağları (Citrus Medica Limonum Peel Oil, Citrus Aurantium Bergamia Fruit Oil vb.) ve Eucalyptus Globulus Leaf Oil hassasiyet/iritasyon riski yaratabilir. Chlorhexidine Digluconate de hassasiyet riski taşıyabilir.\n\nIngredients: Water, Snail Secretion Filtrate, Phenyl Trimethicone, Dimethicone, Butylene Glycol, Butylene Glycol Dicaprylate/Dicaprate, Orbignya Oleifera Seed Oil, Butyloctyl Salicylate, Cetyl Peg/Ppg-10/1 Dimethicone, Cyclopentasiloxane, Cyclohexasiloxane, Magnesium Sulfate, Polyglyceryl-4 Isostearate, Dimethicone/Vinyl Dimethicone Crosspolymer, Aluminum Hydroxide, Hexyl Laurate, Stearic Acid, Calcium Stearate, Caprylyl Glycol, Triethoxycaprylylsilane, Ethylhexylglycerin, Citrus Medica Limonum (Lemon) Peel Oil, Tocopheryl Acetate, Sorbitan Isostearate, Phenoxyethanol, Citrus Aurantium Bergamia (Bergamot) Fruit Oil, 1,2-Hexanediol, Disodium Edta, Citrus Aurantium Dulcis (Orange) Peel Oil, Citrus Aurantifolia (Lime) Oil, Vitis Vinifera (Grape) Seed Oil, Punica Granatum Seed Oil, Pinus Sylvestris Leaf Oil, Persea Gratissima (Avocado) Oil, Niacinamide, Citrus Grandis (Grapefruit) Peel Oil, Cholesterol, Anthemis Nobilis Flower Water, Lactobacillus/Honeysuckle Flower/Licorice Root/Morus Alba Root/Pueraria Lobata Root/Schizandra Chinensis Fruit/Scutellaria Baicalensis Root/Sophora Japonica Flower Extract Ferment Filtrate, Perfluorohexane, Olea Europaea (Olive) Leaf Extract, Glycerin, Eucalyptus Globulus Leaf Oil, Camellia Sinensis Leaf Extract, Chrysanthemum Indicum Flower Extract, Pueraria Lobata Root Extract, Perfluorodecalin, Morus Alba Fruit Extract, Magnolia Kobus Bark Extract, Glycine Soja (Soybean) Sprout Extract, Diospyros Kaki Leaf Extract, Cinnamomum Cassia Bark Extract, Artemisia Princeps Leaf Extract, Pentafluoropropane, Curcuma Longa (Turmeric) Root Extract, Steareth-20, Hydrolyzed Hyaluronic Acid, Colloidal Oatmeal, Hydrolyzed Silk, Citric Acid, Sodium Benzoate, Potassium Sorbate, Aloe Barbadensis Leaf Extract, N-Hydroxysuccinimide, Hydrolyzed Collagen, Caprylhydroxamic Acid, Tocopherol, Thiamine Hcl, Riboflavin, Retinyl Palmitate, Pantothenic Acid, Palmitoyl Oligopeptide, Niacin, Folic Acid, Chrysin, Carnitine Hcl, Biotin, Ascorbic Acid, Palmitoyl Tetrapeptide-7, Chlorhexidine Digluconate. May Contain: Iron Oxides (Ci 77492, Ci 77491, Ci 77499).'
 'Ürün adı: Lotus Youth Preserve Moisturizer\nMarka: FRESH\nKategori: Moisturizer\nFiyat: 45\nPuan: 4.3\nUygun cilt tipleri: Belirlenemedi\n\nÜrün tanıtımı: Bu nemlendirici, cildi nemlendirmeye ve beslemeye yardımcı olan çeşitli bitki özleri ve nemlendiriciler içerir. Cildin daha genç bir görünüm kazanmasına destek olabilir.\nİçerik analizi: Bu formül, nemlendirme ve antioksidan destek sağlamayı hedefleyen çeşitli nemlendiriciler, yumuşatıcılar ve bitki özleri içerir. Cilde nem çekmeye ve nemi korumaya yardımcı bileşenler barındırır. Cetearyl Alcohol, Cetyl Alcohol, Stearyl Alcohol gibi bazı yağ alkolleri komedojenik risk taşıyabilir. Citrus Limon (Lemon) Peel Oil, Limonene, Citral gibi koku bileşenleri hassasiyet/iritasyon riski yaratabilir.\n\nIngredients: Water, Glycerin, Propylene Glycol Dicaprylate/Dicaprate, Pentylene Glycol, Cetearyl Alcohol, Caprylic/Capric Triglyceride, Cetearyl Isononanoate, Betaine, Polymethyl Methacrylate, Steareth-21, Ficus Carica (Fig) Fruit Extract, Lepidium Meyenii Root Extract, Citrus Limon (Lemon) Peel Oil, Cucumis Sativus (Cucumber) Fruit Extract, Algae Extract, Nelumbo Nucifera Flower Extract, Hibiscus Esculentus Fruit Extract, Sodium Hyaluronate, Tocopheryl Acetate, Ascorbyl Tetraisopalmitate, Tocopherol, Behenyl Alcohol, Cetearyl Glucoside, Sorbitol, Dimethicone, Sodium PCA, Caprylyl Glycol, Carbomer, Tromethamine, Cetyl Alcohol, Stearyl Alcohol, Butylene Glycol, Xanthan Gum, Caramel, Citric Acid, Potassium Sorbate, Sorbic Acid, Phenoxyethanol, Limonene, Citral.']",Fiyat: 90.,"['652c6936b3b76a58c19c0a0c639d562ab0f579dd4c9dc9f29bdd1ab7af879191'
 'a39ed2a19f44e024c760ac9ee4e1990ef316651340b02424158d8bc43e6bf64f'
 'af7306dc42136d29b5b522beae4a5d59999f2ab5a28ad43d5d66ac487e514680'
 '02415a33943b2cc65c009174fd5b3f5a0cffb6f23d553fd8266e9b7f26f16cc0'
 '544c5b4f7ef25fb4f074afdfc342bfe9888aebed2373198a20e12bf041bdf646']",['652c6936b3b76a58c19c0a0c639d562ab0f579dd4c9dc9f29bdd1ab7af879191'],1.0,1.0,0.9136711697380204
TATCHA markasının The Water Cream ürününün puanı kaç?,TATCHA The Water Cream ürününün puanı 4.2'dir.,"['Ürün adı: The Water Cream\nMarka: TATCHA\nKategori: Moisturizer\nFiyat: 68\nPuan: 4.2\nUygun cilt tipleri: Combination, Normal, Oily, Sensitive\n\nÜrün tanıtımı: TATCHA The Water Cream, karma, normal, yağlı ve hassas cilt tipleri için tasarlanmış hafif bir nemlendiricidir. Cilde nem sağlamayı ve dengelemeyi hedefleyen Hadasei-3 gibi içerikler barındırır.\nİçerik analizi: Bu formül, nemlendirme ve cilt kondisyonu için fermente içerikler, silikonlar ve çeşitli bitki özleri içerir. Sodyum Klorür komedojenik risk taşıyabilir. Parfüm/Fragrance ve Alkol hassasiyet/iritasyon riski yaratabilir.\n\nIngredients: Water, Saccharomyces/Camellia Sinensis Leaf/Cladosiphon Okamuranus/Rice Ferment Filtrate*, Dimethicone, Propanediol, Glycerin, Diglycerin, Diphenylsiloxy Phenyl Trimethicone, Gold, Belamcanda Chinensis Root Extract, Rosa Multiflora Fruit Extract, Houttuynia Cordata Extract, Sophora Angustifolia Root Extract, Sodium Hyaluronate, Lecithin, Pistacia Lentiscus (Mastic) Gum, Sodium Chloride, Sodium Citrate, Mica, Peg-9 Polydimethylsiloxyethyl Dimethicone, Dimethicone/Peg-10/15 Crosspolymer, Dimethicone/Phenyl Vinyl Dimethicone Crosspolymer, Disodium Edta, Tin Oxide, Titanium Dioxide, Butylene Glycol, Ethylhexylglycerin, Parfum/Fragrance, Alcohol, Phenoxyethanol. *Hadasei-3.'
 'Ürün adı: The Moisturizing Soft Cream\nMarka: LA MER\nKategori: Moisturizer\nFiyat: 175\nPuan: 3.8\nUygun cilt tipleri: Combination, Dry, Normal, Oily, Sensitive\n\nÜrün tanıtımı: Bu ürün, cildi nemlendirmeye ve yumuşatmaya yardımcı olan zengin içerikli bir nemlendiricidir. Çeşitli cilt tipleri için uygun olabilir.\nİçerik analizi: Ürün, yoğun nemlendirme sağlayan zengin emolyanlar, silikonlar, çeşitli bitkisel özler ve peptitler barındırır. Petrolatum, Shea Butter ve bazı yağ türevleri komedojenik risk taşıyabilir. Parfüm, limon kabuğu ve okaliptüs yağı gibi içerikler hassasiyet veya iritasyon riski yaratabilir.\n\nIngredients: Algae (Seaweed) Extract, Cyclopentasiloxane, Petrolatum, Glyceryl Distearate, Phenyl Trimethicone, Butylene Glycol, Hydrogenated Vegetable Oil, Cholesterol, Butyrospermum Parkii (Shea Butter), Steareth-10, Dimethicone, Glyceryl Stearate Se, Polysilicone-11, Sesamum Indicum (Sesame) Seed Oil, Medicago Sativa (Alfalfa) Seed Powder, Helianthus Annuus (Sunflower) Seedcake, Prunus Amygdalus Dulcis (Sweet Almond) Seed Meal, Eucalyptus Globulus (Eucalyptus) Leaf Oil, Sodium Gluconate, Copper Gluconate, Calcium Gluconate, Magnesium Gluconate, Zinc Gluconate, Tocopheryl Succinate, Niacin, Sesamum Indicum (Sesame) Seed Powder, Water, Citrus Aurantifolia (Lime) Peel Extract, Laminaria Digitata Extract, Crithmum Maritimum Extract, Salicornia Herbacea Extract, Plankton Extract, Chlorella Vulgaris Extract, Glycine Soja (Soybean) Seed Extract, Glycerin, Caffeine, Sea Salt/Maris Sal/Sel Marin, Micrococcus Lysate, Diethylhexyl Succinate, Adenosine Phosphate, Creatine, Hydrolyzed Algin, Isocetyl Stearoyl Stearate, Cetyl Alcohol, Sucrose, Acetyl Hexapeptide-8, Glucose Oxidase, Polyacrylamide, Acetyl Carnitine Hcl, Glucose, Caprylic/Capric Triglyceride, C13-14 Isoparaffin, Tocopheryl Acetate, Tetrahexyldecyl Ascorbate, Sodium Pca, Glycosaminoglycans, Urea, Distearyldimonium Chloride, Dipalmitoyl Hydroxyproline, Sodium Hyaluronate, Laureth-7, Lecithin, Trehalose, Polyquaternium-51, Lactoperoxidase, Hydroxypropyl Cyclodextrin, Cyanocobalamin, Pentylene Glycol, Fragrance, Disodium Edta, Bht, Citronellol, Hydroxycitronellal, Geraniol, Linalool, Limonene, Potassium Sorbate, Phenoxyethanol'
 'Ürün adı: The True Cream Aqua Bomb\nMarka: BELIF\nKategori: Moisturizer\nFiyat: 38\nPuan: 4.5\nUygun cilt tipleri: Combination, Normal, Oily\n\nÜrün tanıtımı: BELIF The True Cream Aqua Bomb, karma, normal ve yağlı cilt tipleri için tasarlanmış bir nemlendiricidir. Cilde yoğun nem sağlamayı hedefleyen hafif yapılı bir üründür.\nİçerik analizi: Bu formül nemlendirici ve yumuşatıcı bileşenler içerir. Cilt bariyerini destekleyici seramid ve kolesterol de bulunmaktadır. Alkol denat, parfüm ve parfüm bileşenleri (Citronellol, Limonene, Citral, Geraniol, Linalool) hassasiyet/iritasyon riski taşıyabilir. Butyrospermum Parkii (Shea) Butter, Macadamia Ternifolia Seed Oil, Stearic Acid komedojenik risk yaratabilir.\n\nIngredients: Water, Dipropylene Glycol, Glycerin, Methl Trimethicone, Alcohol Denat, Dimethicone, Cyclopentasiloxane, 1,2-Hexanediol, Malakite Extract, Caprylic/Capric Triglyceride, Pentaerythrityl Tetraethylhexanoate, PEG/PPG/Polybutylene Glycol-8/5/3 Glycerin, Alchemilla Vulgaris Leaf Extract*, Equisetum Arvense Leaf Extract*, Stellaria Media (Chickweed) Extract*, Urtica Dioica (Nettle) Leaf Extract*, Plantago Lanceolata Leaf Extract*, Avena Sativa (Oat) Kernel Extract**, Calendula Officinalis Flower Extract**, Nepeta Cataria Extract**, Rubus Idaeus (Raspberry) Leaf Extract**, Baptisia Tinctoria Root Extract**, Dimethiconol, Polymethylsilsesquioxane, Sodium Acrylate/Acryloyldimethyltaurate/Dimethylacrylamide Crosspolymer, Isohexadecane, Polysorbate 60, Ceramide 3, Cholesterol, Butyrospermum Parkii (Shea) Butter, Phenl Trimethicone, Pentaerythrityl Tetraisostearate, Panthenol, Squalane, Triethylhexanoin, Macadamia Ternifolia Seed Oil, PEG-150, PEG-40 Hydrogenated Castor Oil, Acrylates/C10-30 Alkyl Acrylate Crosspolymer, C14-22 Alcohols, Arachidyl Glucoside, Hydrogenated Lecithin, PEG-100 Stearate, Stearic Acid, Glyceryl Stearate, Carbomer, Tromethamine, Trisodium EDTA, Fragrance+, Citronellol, Limonene, Citral, Geraniol, Linalool. *Napiers aqua formula. **Napiers original formula. +Fragrances of natural origin.'
 'Ürün adı: Lala Retro™ Whipped Cream\nMarka: DRUNK ELEPHANT\nKategori: Moisturizer\nFiyat: 60\nPuan: 4.2\nUygun cilt tipleri: Combination, Dry, Normal, Oily\n\nÜrün tanıtımı: Bu ürün, cildi nemlendirmeye yardımcı olabilecek bir nemlendiricidir. Karma, kuru, normal ve yağlı dahil olmak üzere çeşitli cilt tipleri için uygun olabilir.\nİçerik analizi: Bu formül, yoğun nemlendirme sağlayan gliserin ve çeşitli besleyici bitkisel yağlar içerir. Fermente içerikler cilt bariyerini desteklemeye yardımcı olabilir. Sodyum Hiyalüronat Çapraz Polimer ile nem tutulumu hedeflenmiştir. Komedojenik risk yaratabilecek içerikler Isopropyl Isostearate ve Stearic Acid olabilir. Hassasiyet/iritasyon riski taşıyabilecek içerikler Chlorphenesin, Phenoxyethanol ve Ceteareth-20 olabilir.\n\nIngredients: Water, Glycerin, Caprylic/ Capric Triglyceride, Isopropyl Isostearate, Pseudozyma Epicola/Camellia Sinensis Seed Oil/Glucose/Glycine Soja Meal/Malt Extract/Yeast Extract Ferment Filtrate (Pseudozyma Epicola/Camellia Sinensis Seed Oil/Glucose/Yeast Extract Ferment Filtrate), Stearic Acid, Glyceryl Stearate SE, Cetearyl Alcohol, Pentylene Glycol, Plantago Lanceolata Leaf Extract, Adansonia Digitata Seed Oil, Citrullus Lanatus (Watermelon) Seed Oil, Passiflora Edulis Seed Oil, Schinziophyton Rautanenii Kernel Oil, Sclerocarya Birrea Seed Oil, Polyglyceryl-6 Ximenia Americana Seedate, Sodium Hyaluronate Crosspolymer, Ceteareth-20, Trisodium Ethylenediamine Disuccinate, Sodium Hydroxide, Citric Acid, Carbomer, Xanthan Gum, Caprylyl Glycol, Chlorphenesin, Phenoxyethanol, Ethylhexylglycerin.'
 ""Ürün adı: The Littles™\nMarka: DRUNK ELEPHANT\nKategori: Moisturizer\nFiyat: 90\nPuan: 4.4\nUygun cilt tipleri: Combination, Dry, Normal, Oily\n\nÜrün tanıtımı: The Littles™, Drunk Elephant'ın çeşitli cilt tiplerine uygun, kapsamlı bir cilt bakım rutini sunan mini ürün setidir. Temizleyiciden güneş koruyucuya kadar birçok temel ürünü içerir.\nİçerik analizi: Ürün seti, nemlendirici, antioksidan, eksfoliyan ve güneş koruyucu gibi farklı cilt ihtiyaçlarına yönelik zengin formüller sunar. Marula yağı ve çeşitli bitki özleri sıkça kullanılmıştır. Isopropyl Isostearate ve Sclerocarya Birrea Seed Oil bazı cilt tiplerinde komedojenik risk taşıyabilir. Ascorbic Acid, Glycolic Acid, Salicylic Acid, Lactic Acid, Citric Acid gibi aktifler ve Phenoxyethanol, Chlorphenesin hassasiyet/iritasyon riski yaratabilir. Niacinamide bazı kişilerde kızarıklığa neden olabilir.\n\nIngredients: Beste™ No.9 Jelly Cleanser: Water, Sodium Lauroyl Methyl Isethionate, Glycerin, Cocamidopropyl Betaine, Cocamidopropyl Hydroxysultaine, Sodium Methyl Oleoyl Taurate, Propanediol, Aloe Barbadensis Leaf Extract, Coco-Glucoside, Lauryl Glucoside, Cucumis Melo Cantalupensis Fruit Extract, Sclerocarya Birrea Seed Oil, Dipotassium Glycyrrhizate, Citric Acid, Phenoxyethanol, Sodium Benzoate, Sodium Chloride. C-Firma™ Day Serum: Water, Ethoxydiglycol, Ascorbic Acid, Glycerin, Laureth-23, Lactobacillus/Pumpkin Ferment Extract, Sclerocarya Birrea Seed Oil, Ferulic Acid, Sodium Hyaluronate, Chondrus Crispus Extract, Camellia Sinensis Leaf Extract, Lactobacillus/Punica Granatum Fruit Ferment Extract, Glycyrrhiza Glabra (Licorice) Root Extract, Vitis Vinifera (Grape) Juice Extract, Phyllanthus Emblica Fruit Extract, Hydrolyzed Wheat Protein, Tocopherol, Caprylhydroxamic Acid, Acetyl Glucosamine, Hydrolyzed Quinoa, Glutamylamidoethyl Imidazole, Dipotassium Glycyrrhizate, Tetrahydrodiferuloylmethane, Tetrahydrodemethoxydiferuloylmethane, Tetrahydrobisdemethoxydiferuloylmethane, Sodium Hyaluronate Crosspolymer, Glycine, Sucrose, Maltodextrin, Propanediol, Caprylyl Glycol, Sodium Hydroxide, Xanthan gum, Hydroxyethyl Acrylate/Sodium Acryloyldimethyl Taurate Copolymer, Isohexadecane, Polysorbate 60. B-Hydra™ Intensive Hydration Serum: Water,Coconut Alkanes, Ammonium Acryloyldimethyltaurate/VP Copolymer, Glycerin, Pentylene Glycol, Sclerocarya Birrea Seed Oil, Wheat Amino Acids, Ananas Sativus (Pineapple) Fruit Extract, Berberis Vulgaris Root Extract, Citrullus Lanatus (Watermelon) Fruit Extract, Lens Esculenta (Lentil) Fruit Extract, Pyrus Malus (Apple) Fruit Extract, Coco-Caprylate/Caprate, Panthenol, Sodium PCA, Sodium Hyaluronate Crosspolymer, Dipotassium Glycyrrhizate, Niacinamide, Cyclodextrin, Sodium Hyaluronate, Sodium Lactate, Phenoxyethanol, Hydroxyproline, Trisodium Ethylenediamine Disuccinate, Citric Acid, Caprylyl Glycol, Chlorphenesin, Ethylhexylglycerin. T.L.C. Framboos™ Glycolic Night Serum: Water, Glycolic Acid, Butylene Glycol, Glycerin, Sodium Hydroxide, Salicylic Acid, Lactic Acid, Citric Acid, Vitis Vinifera (Grape) Juice Extract, Aloe Barbadensis Leaf Juice, Opuntia Ficus-Indica Extract, Aesculus Hippocastanum (Horse Chestnut) Seed Extract, Camellia Sinensis Leaf Extract, Rubus Idaeus (Raspberry) Fruit Extract, Saccharomyces Cerevisiae Extract, Buddleja Davidii Meristem Cell Culture, Sclerocarya Birrea Seed Oil, Sodium Hyaluronate Crosspolymer, Allantoin, Hydroxyethylcellulose, Galactoarabinan, Propanediol, Disodium EDTA, Xanthan Gum, Hexylene Glycol, Phenoxyethanol, Caprylyl Glycol, Ethylhexylglycerin, Sodium Nitrate, Potassium Sorbate, Pentylene Glycol, Sodium Benzoate. Virgin Marula Luxury Facial Oil: Sclerocarya Birrea Seed OilLala Retro™Whipped CreamWater,Glycerin, Caprylic/ Capric Triglyceride, Isopropyl Isostearate, Pseudozyma Epicola/Camellia Sinensis Seed Oil/Glucose/Glycine Soja Meal/Malt Extract/Yeast Extract Ferment Filtrate (Pseudozyma Epicola/Camellia Sinensis Seed Oil/Glucose/Yeast Extract Ferment Filtrate), Stearic Acid, Glyceryl Stearate SE, Cetearyl Alcohol, Pentylene Glycol, Plantago Lanceolata Leaf Extract, Adansonia Digitata Seed Oil, Citrullus Lanatus (Watermelon) Seed Oil, Passiflora Edulis Seed Oil, Schinziophyton Rautanenii Kernel Oil, Sclerocarya Birrea Seed Oil, Polyglyceryl-6 Ximenia Americana Seedate, Sodium Hyaluronate Crosspolymer, Ceteareth-20, Trisodium Ethylenediamine Disuccinate, Sodium Hydroxide, Citric Acid, Carbomer, Xanthan Gum, Caprylyl Glycol, Chlorphenesin, Phenoxyethanol, Ethylhexylglycerin. Umbra™ Sheer Physical Daily Defense SPF 30: Zinc Oxide 20%, Water, Caprylic/Capric Triglyceride, Dicaprylyl Carbonate, Glycerin,Pentylene Glycol, Steareth-2, Propanediol, Steareth-21, Polyhydroxystearic Acid, Cetearyl Alcohol, Silica, Sclerocarya Birrea Seed Oil, Aloe Barbadensis Leaf Extract, Chondrus Crispus Extract, Haematococcus Pluvialis Extract, Helianthus Annuus (Sunflower) Sprout Extract, Vitis Vinifera (Grape) Juice Extract, Helianthus Annuus (Sunflower) Seed Oil, Simmondsia Chinensis (Jojoba) Seed Oil, Raspberry Seed Oil/Tocopheryl Succinate Aminopropanediol Esters, Hydrolyzed Wheat Protein,Tocopheryl Acetate, Tocopherol, Sea Water, Acetyl Glucosamine, Cetearyl Glucoside, Sodium Stearoyl Glutamate, Tetrahexyldecyl Ascorbate, Glycine, Sucrose, Lecithin, Triethoxycaprylylsilane, Xanthan Gum, Trisodium Ethylenediamine Disuccinate, Caprylhydroxamic Acid, Mica, Caprylyl Glycol, Phenoxyethanol, Titanium Dioxide (CI 77891), Iron Oxides (CI 77491). Shaba Complex™ Eye Serum: Water, Octyldodecanol, Glycerin, Boron Nitride, Saccharomyces/Xylinum/Black Tea Ferment, Coconut Alkanes, Cetyl Alcohol, Cetearyl Olivate, Sorbitan Olivate, Niacinamide, Copper Tripeptide-1, Leontopodium Alpinum Meristem Cell Culture, Dipeptide-2, Palmitoyl Tripeptide-1, Palmitoyl Tetrapeptide-7, Copper Lysinate/Prolinate, Hesperidin Methyl Chalcone, Chondrus Crispus (Carrageenan), Mangifera Indica (Mango) Seed Butter, Glycine Soja (Soybean) Oil, Hippophae Rhamnoides Oil, Sclerocarya Birrea Seed Oil, Sodium Hyaluronate Crosspolymer, Hydroxyethylcellulose, Coco-Caprylate/Caprate, Steareth-20, Lecithin, Panthenol, N-Hydroxysuccinimide, Ubiquinone, Citric Acid, Thioctic Acid, Tocopherol, Chrysin, Sclerotium Gum, Methylglucoside Phosphate, Xanthan Gum, Potassium Sorbate, Sodium Benzoate, Chlorphenesin, Caprylyl Glycol, Sodium Hydroxide, Phenoxyethanol, Pentylene Glycol, Ethylhexylglycerin.""]",Puan: 4.2.,"['1ed4a690fab7fbe6a3af924503e394f4f2ee9163677f565770bc5854c289d1f7'
 '8cc86ba1e5d2afe30984613899405cea69f4f96cd1ccc3aae08963328a2c6b39'
 '8b5befe4aea098f3c275c8d75e0e6d2abcfdcf666c1eb8ba6e1c5d94f70677d7'
 'a48e2ca666e1c58f48ad12d9a129f8f91c74989bb819a8712641c5a32076b62d'
 '652c6936b3b76a58c19c0a0c639d562ab0f579dd4c9dc9f29bdd1ab7af879191']",['1ed4a690fab7fbe6a3af924503e394f4f2ee9163677f565770bc5854c289d1f7'],1.0,1.0,0.8910871289824657
The Water Cream ürünü hangi cilt tipleri için uygundur?,"The Water Cream ürünü karma, normal, yağlı ve hassas cilt tipleri için uygundur.","['Ürün adı: The Water Cream\nMarka: TATCHA\nKategori: Moisturizer\nFiyat: 68\nPuan: 4.2\nUygun cilt tipleri: Combination, Normal, Oily, Sensitive\n\nÜrün tanıtımı: TATCHA The Water Cream, karma, normal, yağlı ve hassas cilt tipleri için tasarlanmış hafif bir nemlendiricidir. Cilde nem sağlamayı ve dengelemeyi hedefleyen Hadasei-3 gibi içerikler barındırır.\nİçerik analizi: Bu formül, nemlendirme ve cilt kondisyonu için fermente içerikler, silikonlar ve çeşitli bitki özleri içerir. Sodyum Klorür komedojenik risk taşıyabilir. Parfüm/Fragrance ve Alkol hassasiyet/iritasyon riski yaratabilir.\n\nIngredients: Water, Saccharomyces/Camellia Sinensis Leaf/Cladosiphon Okamuranus/Rice Ferment Filtrate*, Dimethicone, Propanediol, Glycerin, Diglycerin, Diphenylsiloxy Phenyl Trimethicone, Gold, Belamcanda Chinensis Root Extract, Rosa Multiflora Fruit Extract, Houttuynia Cordata Extract, Sophora Angustifolia Root Extract, Sodium Hyaluronate, Lecithin, Pistacia Lentiscus (Mastic) Gum, Sodium Chloride, Sodium Citrate, Mica, Peg-9 Polydimethylsiloxyethyl Dimethicone, Dimethicone/Peg-10/15 Crosspolymer, Dimethicone/Phenyl Vinyl Dimethicone Crosspolymer, Disodium Edta, Tin Oxide, Titanium Dioxide, Butylene Glycol, Ethylhexylglycerin, Parfum/Fragrance, Alcohol, Phenoxyethanol. *Hadasei-3.'
 'Ürün adı: The True Cream Aqua Bomb\nMarka: BELIF\nKategori: Moisturizer\nFiyat: 38\nPuan: 4.5\nUygun cilt tipleri: Combination, Normal, Oily\n\nÜrün tanıtımı: BELIF The True Cream Aqua Bomb, karma, normal ve yağlı cilt tipleri için tasarlanmış bir nemlendiricidir. Cilde yoğun nem sağlamayı hedefleyen hafif yapılı bir üründür.\nİçerik analizi: Bu formül nemlendirici ve yumuşatıcı bileşenler içerir. Cilt bariyerini destekleyici seramid ve kolesterol de bulunmaktadır. Alkol denat, parfüm ve parfüm bileşenleri (Citronellol, Limonene, Citral, Geraniol, Linalool) hassasiyet/iritasyon riski taşıyabilir. Butyrospermum Parkii (Shea) Butter, Macadamia Ternifolia Seed Oil, Stearic Acid komedojenik risk yaratabilir.\n\nIngredients: Water, Dipropylene Glycol, Glycerin, Methl Trimethicone, Alcohol Denat, Dimethicone, Cyclopentasiloxane, 1,2-Hexanediol, Malakite Extract, Caprylic/Capric Triglyceride, Pentaerythrityl Tetraethylhexanoate, PEG/PPG/Polybutylene Glycol-8/5/3 Glycerin, Alchemilla Vulgaris Leaf Extract*, Equisetum Arvense Leaf Extract*, Stellaria Media (Chickweed) Extract*, Urtica Dioica (Nettle) Leaf Extract*, Plantago Lanceolata Leaf Extract*, Avena Sativa (Oat) Kernel Extract**, Calendula Officinalis Flower Extract**, Nepeta Cataria Extract**, Rubus Idaeus (Raspberry) Leaf Extract**, Baptisia Tinctoria Root Extract**, Dimethiconol, Polymethylsilsesquioxane, Sodium Acrylate/Acryloyldimethyltaurate/Dimethylacrylamide Crosspolymer, Isohexadecane, Polysorbate 60, Ceramide 3, Cholesterol, Butyrospermum Parkii (Shea) Butter, Phenl Trimethicone, Pentaerythrityl Tetraisostearate, Panthenol, Squalane, Triethylhexanoin, Macadamia Ternifolia Seed Oil, PEG-150, PEG-40 Hydrogenated Castor Oil, Acrylates/C10-30 Alkyl Acrylate Crosspolymer, C14-22 Alcohols, Arachidyl Glucoside, Hydrogenated Lecithin, PEG-100 Stearate, Stearic Acid, Glyceryl Stearate, Carbomer, Tromethamine, Trisodium EDTA, Fragrance+, Citronellol, Limonene, Citral, Geraniol, Linalool. *Napiers aqua formula. **Napiers original formula. +Fragrances of natural origin.'
 'Ürün adı: The Moisturizing Soft Cream\nMarka: LA MER\nKategori: Moisturizer\nFiyat: 175\nPuan: 3.8\nUygun cilt tipleri: Combination, Dry, Normal, Oily, Sensitive\n\nÜrün tanıtımı: Bu ürün, cildi nemlendirmeye ve yumuşatmaya yardımcı olan zengin içerikli bir nemlendiricidir. Çeşitli cilt tipleri için uygun olabilir.\nİçerik analizi: Ürün, yoğun nemlendirme sağlayan zengin emolyanlar, silikonlar, çeşitli bitkisel özler ve peptitler barındırır. Petrolatum, Shea Butter ve bazı yağ türevleri komedojenik risk taşıyabilir. Parfüm, limon kabuğu ve okaliptüs yağı gibi içerikler hassasiyet veya iritasyon riski yaratabilir.\n\nIngredients: Algae (Seaweed) Extract, Cyclopentasiloxane, Petrolatum, Glyceryl Distearate, Phenyl Trimethicone, Butylene Glycol, Hydrogenated Vegetable Oil, Cholesterol, Butyrospermum Parkii (Shea Butter), Steareth-10, Dimethicone, Glyceryl Stearate Se, Polysilicone-11, Sesamum Indicum (Sesame) Seed Oil, Medicago Sativa (Alfalfa) Seed Powder, Helianthus Annuus (Sunflower) Seedcake, Prunus Amygdalus Dulcis (Sweet Almond) Seed Meal, Eucalyptus Globulus (Eucalyptus) Leaf Oil, Sodium Gluconate, Copper Gluconate, Calcium Gluconate, Magnesium Gluconate, Zinc Gluconate, Tocopheryl Succinate, Niacin, Sesamum Indicum (Sesame) Seed Powder, Water, Citrus Aurantifolia (Lime) Peel Extract, Laminaria Digitata Extract, Crithmum Maritimum Extract, Salicornia Herbacea Extract, Plankton Extract, Chlorella Vulgaris Extract, Glycine Soja (Soybean) Seed Extract, Glycerin, Caffeine, Sea Salt/Maris Sal/Sel Marin, Micrococcus Lysate, Diethylhexyl Succinate, Adenosine Phosphate, Creatine, Hydrolyzed Algin, Isocetyl Stearoyl Stearate, Cetyl Alcohol, Sucrose, Acetyl Hexapeptide-8, Glucose Oxidase, Polyacrylamide, Acetyl Carnitine Hcl, Glucose, Caprylic/Capric Triglyceride, C13-14 Isoparaffin, Tocopheryl Acetate, Tetrahexyldecyl Ascorbate, Sodium Pca, Glycosaminoglycans, Urea, Distearyldimonium Chloride, Dipalmitoyl Hydroxyproline, Sodium Hyaluronate, Laureth-7, Lecithin, Trehalose, Polyquaternium-51, Lactoperoxidase, Hydroxypropyl Cyclodextrin, Cyanocobalamin, Pentylene Glycol, Fragrance, Disodium Edta, Bht, Citronellol, Hydroxycitronellal, Geraniol, Linalool, Limonene, Potassium Sorbate, Phenoxyethanol'
 'Ürün adı: Ultra Repair® Cream Intense Hydration\nMarka: FIRST AID BEAUTY\nKategori: Moisturizer\nFiyat: 30\nPuan: 4.6\nUygun cilt tipleri: Combination, Dry, Normal, Oily, Sensitive\n\nÜrün tanıtımı: Ultra Repair® Cream Intense Hydration, çeşitli cilt tipleri için yoğun nemlendirme sunan bir nemlendiricidir. Cildi yatıştırmaya ve bariyerini desteklemeye yardımcı olabilecek içerikler barındırır.\nİçerik analizi: Formül, yoğun nemlendirme ve yatıştırma sağlayan bileşenler içerir. Seramid, kolloidal yulaf ezmesi ve bitki özleri ile cildi destekler. Stearik Asit, Gliseril Stearat SE, Gliseril Stearat, Setearil Alkol ve Butyrospermum Parkii Butter komedojenik risk taşıyabilir. Eucalyptus Globulus Leaf Oil ve Chrysanthemum Parthenium Extract hassasiyet/iritasyon riski yaratabilir.\n\nIngredients: Water, Stearic Acid, Glycerin, C12-15 Alkyl Benzoate, Caprylic/Capric Triglyceride, Glyceryl Stearate Se, Glyceryl Stearate, Cetearyl Alcohol, Butyrospermum Parkii Butter, Dimethicone, Squalane, Allantoin, Camellia Sinensis Leaf Extract, Caprylyl Glycol, Ceramide 3, Chrysanthemum Parthenium Extract, Colloidal Oatmeal, Disodium EDTA, Eucalyptus Globulus Leaf Oil, Glycyrrhiza Glabra Root Extract, Sodium Hydroxide, Xanthan Gum, Phenoxyethanol.'
 'Ürün adı: Lala Retro™ Whipped Cream\nMarka: DRUNK ELEPHANT\nKategori: Moisturizer\nFiyat: 60\nPuan: 4.2\nUygun cilt tipleri: Combination, Dry, Normal, Oily\n\nÜrün tanıtımı: Bu ürün, cildi nemlendirmeye yardımcı olabilecek bir nemlendiricidir. Karma, kuru, normal ve yağlı dahil olmak üzere çeşitli cilt tipleri için uygun olabilir.\nİçerik analizi: Bu formül, yoğun nemlendirme sağlayan gliserin ve çeşitli besleyici bitkisel yağlar içerir. Fermente içerikler cilt bariyerini desteklemeye yardımcı olabilir. Sodyum Hiyalüronat Çapraz Polimer ile nem tutulumu hedeflenmiştir. Komedojenik risk yaratabilecek içerikler Isopropyl Isostearate ve Stearic Acid olabilir. Hassasiyet/iritasyon riski taşıyabilecek içerikler Chlorphenesin, Phenoxyethanol ve Ceteareth-20 olabilir.\n\nIngredients: Water, Glycerin, Caprylic/ Capric Triglyceride, Isopropyl Isostearate, Pseudozyma Epicola/Camellia Sinensis Seed Oil/Glucose/Glycine Soja Meal/Malt Extract/Yeast Extract Ferment Filtrate (Pseudozyma Epicola/Camellia Sinensis Seed Oil/Glucose/Yeast Extract Ferment Filtrate), Stearic Acid, Glyceryl Stearate SE, Cetearyl Alcohol, Pentylene Glycol, Plantago Lanceolata Leaf Extract, Adansonia Digitata Seed Oil, Citrullus Lanatus (Watermelon) Seed Oil, Passiflora Edulis Seed Oil, Schinziophyton Rautanenii Kernel Oil, Sclerocarya Birrea Seed Oil, Polyglyceryl-6 Ximenia Americana Seedate, Sodium Hyaluronate Crosspolymer, Ceteareth-20, Trisodium Ethylenediamine Disuccinate, Sodium Hydroxide, Citric Acid, Carbomer, Xanthan Gum, Caprylyl Glycol, Chlorphenesin, Phenoxyethanol, Ethylhexylglycerin.']","Uygun cilt tipleri: Combination, Normal, Oily, Sensitive.","['1ed4a690fab7fbe6a3af924503e394f4f2ee9163677f565770bc5854c289d1f7'
 '8b5befe4aea098f3c275c8d75e0e6d2abcfdcf666c1eb8ba6e1c5d94f70677d7'
 '8cc86ba1e5d2afe30984613899405cea69f4f96cd1ccc3aae08963328a2c6b39'
 'c830d0cdc847acd4f9b955eea7ddfd2c50148e65e380cf8b050c3103eed5f92a'
 'a48e2ca666e1c58f48ad12d9a129f8f91c74989bb819a8712641c5a32076b62d']",['1ed4a690fab7fbe6a3af924503e394f4f2ee9163677f565770bc5854c289d1f7'],1.0,1.0,0.9335963401245845
"The Water Cream ürünün,n fiyatı nedir?",The Water Cream ürününün fiyatı 68'dir.,"['Ürün adı: The Water Cream\nMarka: TATCHA\nKategori: Moisturizer\nFiyat: 68\nPuan: 4.2\nUygun cilt tipleri: Combination, Normal, Oily, Sensitive\n\nÜrün tanıtımı: TATCHA The Water Cream, karma, normal, yağlı ve hassas cilt tipleri için tasarlanmış hafif bir nemlendiricidir. Cilde nem sağlamayı ve dengelemeyi hedefleyen Hadasei-3 gibi içerikler barındırır.\nİçerik analizi: Bu formül, nemlendirme ve cilt kondisyonu için fermente içerikler, silikonlar ve çeşitli bitki özleri içerir. Sodyum Klorür komedojenik risk taşıyabilir. Parfüm/Fragrance ve Alkol hassasiyet/iritasyon riski yaratabilir.\n\nIngredients: Water, Saccharomyces/Camellia Sinensis Leaf/Cladosiphon Okamuranus/Rice Ferment Filtrate*, Dimethicone, Propanediol, Glycerin, Diglycerin, Diphenylsiloxy Phenyl Trimethicone, Gold, Belamcanda Chinensis Root Extract, Rosa Multiflora Fruit Extract, Houttuynia Cordata Extract, Sophora Angustifolia Root Extract, Sodium Hyaluronate, Lecithin, Pistacia Lentiscus (Mastic) Gum, Sodium Chloride, Sodium Citrate, Mica, Peg-9 Polydimethylsiloxyethyl Dimethicone, Dimethicone/Peg-10/15 Crosspolymer, Dimethicone/Phenyl Vinyl Dimethicone Crosspolymer, Disodium Edta, Tin Oxide, Titanium Dioxide, Butylene Glycol, Ethylhexylglycerin, Parfum/Fragrance, Alcohol, Phenoxyethanol. *Hadasei-3.'
 'Ürün adı: The Moisturizing Soft Cream\nMarka: LA MER\nKategori: Moisturizer\nFiyat: 175\nPuan: 3.8\nUygun cilt tipleri: Combination, Dry, Normal, Oily, Sensitive\n\nÜrün tanıtımı: Bu ürün, cildi nemlendirmeye ve yumuşatmaya yardımcı olan zengin içerikli bir nemlendiricidir. Çeşitli cilt tipleri için uygun olabilir.\nİçerik analizi: Ürün, yoğun nemlendirme sağlayan zengin emolyanlar, silikonlar, çeşitli bitkisel özler ve peptitler barındırır. Petrolatum, Shea Butter ve bazı yağ türevleri komedojenik risk taşıyabilir. Parfüm, limon kabuğu ve okaliptüs yağı gibi içerikler hassasiyet veya iritasyon riski yaratabilir.\n\nIngredients: Algae (Seaweed) Extract, Cyclopentasiloxane, Petrolatum, Glyceryl Distearate, Phenyl Trimethicone, Butylene Glycol, Hydrogenated Vegetable Oil, Cholesterol, Butyrospermum Parkii (Shea Butter), Steareth-10, Dimethicone, Glyceryl Stearate Se, Polysilicone-11, Sesamum Indicum (Sesame) Seed Oil, Medicago Sativa (Alfalfa) Seed Powder, Helianthus Annuus (Sunflower) Seedcake, Prunus Amygdalus Dulcis (Sweet Almond) Seed Meal, Eucalyptus Globulus (Eucalyptus) Leaf Oil, Sodium Gluconate, Copper Gluconate, Calcium Gluconate, Magnesium Gluconate, Zinc Gluconate, Tocopheryl Succinate, Niacin, Sesamum Indicum (Sesame) Seed Powder, Water, Citrus Aurantifolia (Lime) Peel Extract, Laminaria Digitata Extract, Crithmum Maritimum Extract, Salicornia Herbacea Extract, Plankton Extract, Chlorella Vulgaris Extract, Glycine Soja (Soybean) Seed Extract, Glycerin, Caffeine, Sea Salt/Maris Sal/Sel Marin, Micrococcus Lysate, Diethylhexyl Succinate, Adenosine Phosphate, Creatine, Hydrolyzed Algin, Isocetyl Stearoyl Stearate, Cetyl Alcohol, Sucrose, Acetyl Hexapeptide-8, Glucose Oxidase, Polyacrylamide, Acetyl Carnitine Hcl, Glucose, Caprylic/Capric Triglyceride, C13-14 Isoparaffin, Tocopheryl Acetate, Tetrahexyldecyl Ascorbate, Sodium Pca, Glycosaminoglycans, Urea, Distearyldimonium Chloride, Dipalmitoyl Hydroxyproline, Sodium Hyaluronate, Laureth-7, Lecithin, Trehalose, Polyquaternium-51, Lactoperoxidase, Hydroxypropyl Cyclodextrin, Cyanocobalamin, Pentylene Glycol, Fragrance, Disodium Edta, Bht, Citronellol, Hydroxycitronellal, Geraniol, Linalool, Limonene, Potassium Sorbate, Phenoxyethanol'
 'Ürün adı: The True Cream Aqua Bomb\nMarka: BELIF\nKategori: Moisturizer\nFiyat: 38\nPuan: 4.5\nUygun cilt tipleri: Combination, Normal, Oily\n\nÜrün tanıtımı: BELIF The True Cream Aqua Bomb, karma, normal ve yağlı cilt tipleri için tasarlanmış bir nemlendiricidir. Cilde yoğun nem sağlamayı hedefleyen hafif yapılı bir üründür.\nİçerik analizi: Bu formül nemlendirici ve yumuşatıcı bileşenler içerir. Cilt bariyerini destekleyici seramid ve kolesterol de bulunmaktadır. Alkol denat, parfüm ve parfüm bileşenleri (Citronellol, Limonene, Citral, Geraniol, Linalool) hassasiyet/iritasyon riski taşıyabilir. Butyrospermum Parkii (Shea) Butter, Macadamia Ternifolia Seed Oil, Stearic Acid komedojenik risk yaratabilir.\n\nIngredients: Water, Dipropylene Glycol, Glycerin, Methl Trimethicone, Alcohol Denat, Dimethicone, Cyclopentasiloxane, 1,2-Hexanediol, Malakite Extract, Caprylic/Capric Triglyceride, Pentaerythrityl Tetraethylhexanoate, PEG/PPG/Polybutylene Glycol-8/5/3 Glycerin, Alchemilla Vulgaris Leaf Extract*, Equisetum Arvense Leaf Extract*, Stellaria Media (Chickweed) Extract*, Urtica Dioica (Nettle) Leaf Extract*, Plantago Lanceolata Leaf Extract*, Avena Sativa (Oat) Kernel Extract**, Calendula Officinalis Flower Extract**, Nepeta Cataria Extract**, Rubus Idaeus (Raspberry) Leaf Extract**, Baptisia Tinctoria Root Extract**, Dimethiconol, Polymethylsilsesquioxane, Sodium Acrylate/Acryloyldimethyltaurate/Dimethylacrylamide Crosspolymer, Isohexadecane, Polysorbate 60, Ceramide 3, Cholesterol, Butyrospermum Parkii (Shea) Butter, Phenl Trimethicone, Pentaerythrityl Tetraisostearate, Panthenol, Squalane, Triethylhexanoin, Macadamia Ternifolia Seed Oil, PEG-150, PEG-40 Hydrogenated Castor Oil, Acrylates/C10-30 Alkyl Acrylate Crosspolymer, C14-22 Alcohols, Arachidyl Glucoside, Hydrogenated Lecithin, PEG-100 Stearate, Stearic Acid, Glyceryl Stearate, Carbomer, Tromethamine, Trisodium EDTA, Fragrance+, Citronellol, Limonene, Citral, Geraniol, Linalool. *Napiers aqua formula. **Napiers original formula. +Fragrances of natural origin.'
 'Ürün adı: Crème de la Mer\nMarka: LA MER\nKategori: Moisturizer\nFiyat: 175\nPuan: 4.1\nUygun cilt tipleri: Combination, Dry, Normal, Oily, Sensitive\n\nÜrün tanıtımı: Crème de la Mer, cildi nemlendirmeye yardımcı olan bir nemlendiricidir. Çeşitli cilt tipleri için uygun olabilir ve genel cilt bakımı rutininize eklenebilir.\nİçerik analizi: Ürün, mineral yağlar, petrolatum ve bitkisel özlerle zengin, yoğun nemlendirme odaklı bir formüle sahiptir. Mineral Oil, Petrolatum, Microcrystalline Wax, Paraffin ve Decyl Oleate komedojenik risk taşıyabilir. Lanolin Alcohol, Alcohol Denat., Fragrance, Limonene, Linalool, Citrus Aurantifolia (Lime) Extract ve Eucalyptus Globulus (Eucalyptus) Leaf Oil hassasiyet/iritasyon riski yaratabilir.\n\nIngredients: Algae (Seaweed) Extract, Mineral Oil, Petrolatum, Glycerin, Isohexadecane, Microcrystalline Wax, Lanolin Alcohol, Citrus Aurantifolia (Lime) Extract, Sesamum Indicum (Sesame) Seed Oil, Eucalyptus Globulus (Eucalyptus) Leaf Oil, Sesamum Indicum (Sesame) Seed Powder, Medicago Sativa (Alfalfa) Seed Powder, Helianthus Annuus (Sunflower) Seedcake, Prunus Amygdalus Dulcis (Sweet Almond) Seed Meal, Sodium Gluconate, Copper Gluconate, Calcium Gluconate, Magnesium Gluconate, Zinc Gluconate, Magnesium Sulfate, Paraffin, Tocopheryl Succinate, Niacin, Water, Beta-Carotene, Decyl Oleate, Aluminum Distearate, Octyldodecanol, Citric Acid, Cyanocobalamin, Magnesium Stearate, Panthenol, Limonene, Geraniol, Linalool, Hydroxycitronellal, Citronellol, Benzyl Salicylate, Citral, Sodium Benzoate, Alcohol Denat., Fragrance.'
 'Ürün adı: Lala Retro™ Whipped Cream\nMarka: DRUNK ELEPHANT\nKategori: Moisturizer\nFiyat: 60\nPuan: 4.2\nUygun cilt tipleri: Combination, Dry, Normal, Oily\n\nÜrün tanıtımı: Bu ürün, cildi nemlendirmeye yardımcı olabilecek bir nemlendiricidir. Karma, kuru, normal ve yağlı dahil olmak üzere çeşitli cilt tipleri için uygun olabilir.\nİçerik analizi: Bu formül, yoğun nemlendirme sağlayan gliserin ve çeşitli besleyici bitkisel yağlar içerir. Fermente içerikler cilt bariyerini desteklemeye yardımcı olabilir. Sodyum Hiyalüronat Çapraz Polimer ile nem tutulumu hedeflenmiştir. Komedojenik risk yaratabilecek içerikler Isopropyl Isostearate ve Stearic Acid olabilir. Hassasiyet/iritasyon riski taşıyabilecek içerikler Chlorphenesin, Phenoxyethanol ve Ceteareth-20 olabilir.\n\nIngredients: Water, Glycerin, Caprylic/ Capric Triglyceride, Isopropyl Isostearate, Pseudozyma Epicola/Camellia Sinensis Seed Oil/Glucose/Glycine Soja Meal/Malt Extract/Yeast Extract Ferment Filtrate (Pseudozyma Epicola/Camellia Sinensis Seed Oil/Glucose/Yeast Extract Ferment Filtrate), Stearic Acid, Glyceryl Stearate SE, Cetearyl Alcohol, Pentylene Glycol, Plantago Lanceolata Leaf Extract, Adansonia Digitata Seed Oil, Citrullus Lanatus (Watermelon) Seed Oil, Passiflora Edulis Seed Oil, Schinziophyton Rautanenii Kernel Oil, Sclerocarya Birrea Seed Oil, Polyglyceryl-6 Ximenia Americana Seedate, Sodium Hyaluronate Crosspolymer, Ceteareth-20, Trisodium Ethylenediamine Disuccinate, Sodium Hydroxide, Citric Acid, Carbomer, Xanthan Gum, Caprylyl Glycol, Chlorphenesin, Phenoxyethanol, Ethylhexylglycerin.']",Fiyat: 68.,"['1ed4a690fab7fbe6a3af924503e394f4f2ee9163677f565770bc5854c289d1f7'
 '8cc86ba1e5d2afe30984613899405cea69f4f96cd1ccc3aae08963328a2c6b39'
 '8b5befe4aea098f3c275c8d75e0e6d2abcfdcf666c1eb8ba6e1c5d94f70677d7'
 '65e4d1a65dfb3b0b0c62659612acd35456da133d9a069e9175116f09d8701fce'
 'a48e2ca666e1c58f48ad12d9a129f8f91c74989bb819a8712641c5a32076b62d']",['1ed4a690fab7fbe6a3af924503e394f4f2ee9163677f565770bc5854c289d1f7'],1.0,1.0,0.9031450186246767
SHISEIDO markasının Bio-Performance Advanced Super Revitalizing Cream ürününün puanı kaç?,SHISEIDO Bio-Performance Advanced Super Revitalizing Cream ürününün puanı 4.6'dır.,"['Ürün adı: Bio-Performance Advanced Super Revitalizing Cream\nMarka: SHISEIDO\nKategori: Moisturizer\nFiyat: 78\nPuan: 4.6\nUygun cilt tipleri: Belirlenemedi\n\nÜrün tanıtımı: Shiseido Bio-Performance Advanced Super Revitalizing Cream, cildi nemlendirmeyi ve canlandırmayı hedefleyen bir nemlendiricidir. Cilt görünümünü desteklemeye yardımcı olabilir.\nİçerik analizi: Bu formül, nemlendirme, yumuşatma ve antioksidan özellikler sunan çeşitli bileşenler içermektedir. Silikonlar, nemlendiriciler ve bitkisel özler ile zenginleştirilmiştir. Cetyl Octanoate ve Mortierella Oil komedojenik risk taşıyabilir. Fragrance, Octyl Methoxycinnamate, BHT ve parabenler (Ethylparaben, Butylparaben, Methylparaben) hassasiyet veya iritasyon riski yaratabilir.\n\nIngredients: Water, Glycerin, Cyclomethicone, Butylene Glycol, Dimethicone, Cetyl Octanoate, Squalane, Dimethicone Copolyol, Disteardimonium Hectorite, Hydrogenated C6-14 Olefin Polymers, PEG-150, Mortierella Oil, Phytosteryl Macadamiate, Tocopheryl Acetate, Stearyl Glycyrrhetinate, Arginine HCI, PEG-60 Hydrogenated Castor Oil, Sodium Glutamate, Disodium Adenosine Triphosphate, Saccharomyces Lysate Extract, Sodium Acetylated Hyaluronate, Rosa Roxburghii Extract, Octyl Methoxycinnamate, Agar, Sodium Hexametaphosphate, Trisodium EDTA, Tocopherol, BHT, Ethylparaben, Butylparaben, Methylparaben, Fragrance, Iron Oxides.'
 'Ürün adı: R.N.A. POWER Face Cream\nMarka: SK-II\nKategori: Moisturizer\nFiyat: 230\nPuan: 4.3\nUygun cilt tipleri: Dry, Normal, Sensitive\n\nÜrün tanıtımı: SK-II R.N.A. POWER Face Cream, kuru, normal ve hassas cilt tipleri için tasarlanmış bir nemlendiricidir. Cildin nemlenmesine ve genel görünümünün desteklenmesine yardımcı olabilir.\nİçerik analizi: Bu nemlendirici, Galactomyces Ferment Filtrate (Pitera), Niasinamid ve peptitler gibi aktif bileşenlerle zenginleştirilmiş bir formüle sahiptir. Nemlendirici ve besleyici içerikler barındırır. Komedojenik risk taşıyabilecek içerikler Isopropyl Isostearate, Stearic Acid ve Polysorbate 80 olabilir. Hassasiyet/iritasyon riski yaratabilecek içerikler ise Fragrance, Benzyl Alcohol ve parabenler olabilir. Diğer riskler belirlenemedi.\n\nIngredients: Water, Glycerin, Galactomyces Ferment Filtrate*, Isohexadecane, Niacinamide, Isopropyl Isostearate, Butylene Glycol, Butyrospermum Parkii (Shea) Butter, Caprylic/Capric Triglyceride, Pentylene Glycol, Dimethicone, Phytosteryl/Behenyl/Octyldodecyl Lauroyl Glutamate, Vinyl Dimethicone/Methicone Silsesquioxane Crosspolymer, Stearyl Alcohol, Sodium Acrylate/Sodium Acryloyldimethyl Taurate Copolymer, Cetyl Alcohol, Behenyl Alcohol, Panthenol, Tocopheryl Acetate, Benzyl Alcohol, Dimethiconol, Cetearyl Alcohol, Cetearyl Glucoside, Methylparaben, Peg-100 Stearate, Polymethylsilsesquioxane, Polysorbate 80, Stearic Acid, Disodium Edta, Propylparaben, Sodium Peg-7 Olive Oil Carboxylate, Ethylparaben, Sorbitan Oleate, Chlorella Vulgaris Extract, Peg-100 Stearate, Peg-7 Glyceryl Cocoate, Sodium Hydroxide, Fragrance, Acanthopanax Senticosus (Eleuthero) Root Extract, Hydrolyzed Soy Protein, Cynara Scolymus (Artichoke) Leaf Extract, Polyquaternium-7, Hydrolyzed Yeast Protein, Palmitoyl Pentapeptide-4, Methylsilanol Tri-Peg-8 Glyceryl Cocoate, Methicone, Ci 77891, Ci 77492. *Pitera™.'
 'Ürün adı: Ultra Repair® Cream Intense Hydration\nMarka: FIRST AID BEAUTY\nKategori: Moisturizer\nFiyat: 30\nPuan: 4.6\nUygun cilt tipleri: Combination, Dry, Normal, Oily, Sensitive\n\nÜrün tanıtımı: Ultra Repair® Cream Intense Hydration, çeşitli cilt tipleri için yoğun nemlendirme sunan bir nemlendiricidir. Cildi yatıştırmaya ve bariyerini desteklemeye yardımcı olabilecek içerikler barındırır.\nİçerik analizi: Formül, yoğun nemlendirme ve yatıştırma sağlayan bileşenler içerir. Seramid, kolloidal yulaf ezmesi ve bitki özleri ile cildi destekler. Stearik Asit, Gliseril Stearat SE, Gliseril Stearat, Setearil Alkol ve Butyrospermum Parkii Butter komedojenik risk taşıyabilir. Eucalyptus Globulus Leaf Oil ve Chrysanthemum Parthenium Extract hassasiyet/iritasyon riski yaratabilir.\n\nIngredients: Water, Stearic Acid, Glycerin, C12-15 Alkyl Benzoate, Caprylic/Capric Triglyceride, Glyceryl Stearate Se, Glyceryl Stearate, Cetearyl Alcohol, Butyrospermum Parkii Butter, Dimethicone, Squalane, Allantoin, Camellia Sinensis Leaf Extract, Caprylyl Glycol, Ceramide 3, Chrysanthemum Parthenium Extract, Colloidal Oatmeal, Disodium EDTA, Eucalyptus Globulus Leaf Oil, Glycyrrhiza Glabra Root Extract, Sodium Hydroxide, Xanthan Gum, Phenoxyethanol.'
 'Ürün adı: Your Skin But Better™ CC+™ Cream with SPF 50+\nMarka: IT COSMETICS\nKategori: Moisturizer\nFiyat: 38\nPuan: 4.1\nUygun cilt tipleri: Combination, Dry, Normal, Oily, Sensitive\n\nÜrün tanıtımı: Bu ürün, cilde renk eşitleme ve yüksek SPF 50+ güneş koruması sunan, nemlendirici özelliklere sahip bir CC kremidir. Cilt tonunu eşitlemeye ve nemlendirmeye yardımcı olabilir.\nİçerik analizi: Ürün, nemlendirici, SPF ve çeşitli aktif bileşenler içeren zengin bir formüle sahiptir. Salyangoz salgısı filtratı, silikonlar, bitkisel yağlar ve vitaminler içerir. Stearik Asit, Orbignya Oleifera Seed Oil ve Persea Gratissima (Avocado) Oil komedojenik risk taşıyabilir. Narenciye yağları (Citrus Medica Limonum Peel Oil, Citrus Aurantium Bergamia Fruit Oil vb.) ve Eucalyptus Globulus Leaf Oil hassasiyet/iritasyon riski yaratabilir. Chlorhexidine Digluconate de hassasiyet riski taşıyabilir.\n\nIngredients: Water, Snail Secretion Filtrate, Phenyl Trimethicone, Dimethicone, Butylene Glycol, Butylene Glycol Dicaprylate/Dicaprate, Orbignya Oleifera Seed Oil, Butyloctyl Salicylate, Cetyl Peg/Ppg-10/1 Dimethicone, Cyclopentasiloxane, Cyclohexasiloxane, Magnesium Sulfate, Polyglyceryl-4 Isostearate, Dimethicone/Vinyl Dimethicone Crosspolymer, Aluminum Hydroxide, Hexyl Laurate, Stearic Acid, Calcium Stearate, Caprylyl Glycol, Triethoxycaprylylsilane, Ethylhexylglycerin, Citrus Medica Limonum (Lemon) Peel Oil, Tocopheryl Acetate, Sorbitan Isostearate, Phenoxyethanol, Citrus Aurantium Bergamia (Bergamot) Fruit Oil, 1,2-Hexanediol, Disodium Edta, Citrus Aurantium Dulcis (Orange) Peel Oil, Citrus Aurantifolia (Lime) Oil, Vitis Vinifera (Grape) Seed Oil, Punica Granatum Seed Oil, Pinus Sylvestris Leaf Oil, Persea Gratissima (Avocado) Oil, Niacinamide, Citrus Grandis (Grapefruit) Peel Oil, Cholesterol, Anthemis Nobilis Flower Water, Lactobacillus/Honeysuckle Flower/Licorice Root/Morus Alba Root/Pueraria Lobata Root/Schizandra Chinensis Fruit/Scutellaria Baicalensis Root/Sophora Japonica Flower Extract Ferment Filtrate, Perfluorohexane, Olea Europaea (Olive) Leaf Extract, Glycerin, Eucalyptus Globulus Leaf Oil, Camellia Sinensis Leaf Extract, Chrysanthemum Indicum Flower Extract, Pueraria Lobata Root Extract, Perfluorodecalin, Morus Alba Fruit Extract, Magnolia Kobus Bark Extract, Glycine Soja (Soybean) Sprout Extract, Diospyros Kaki Leaf Extract, Cinnamomum Cassia Bark Extract, Artemisia Princeps Leaf Extract, Pentafluoropropane, Curcuma Longa (Turmeric) Root Extract, Steareth-20, Hydrolyzed Hyaluronic Acid, Colloidal Oatmeal, Hydrolyzed Silk, Citric Acid, Sodium Benzoate, Potassium Sorbate, Aloe Barbadensis Leaf Extract, N-Hydroxysuccinimide, Hydrolyzed Collagen, Caprylhydroxamic Acid, Tocopherol, Thiamine Hcl, Riboflavin, Retinyl Palmitate, Pantothenic Acid, Palmitoyl Oligopeptide, Niacin, Folic Acid, Chrysin, Carnitine Hcl, Biotin, Ascorbic Acid, Palmitoyl Tetrapeptide-7, Chlorhexidine Digluconate. May Contain: Iron Oxides (Ci 77492, Ci 77491, Ci 77499).'
 'Ürün adı: The Moisturizing Soft Cream\nMarka: LA MER\nKategori: Moisturizer\nFiyat: 175\nPuan: 3.8\nUygun cilt tipleri: Combination, Dry, Normal, Oily, Sensitive\n\nÜrün tanıtımı: Bu ürün, cildi nemlendirmeye ve yumuşatmaya yardımcı olan zengin içerikli bir nemlendiricidir. Çeşitli cilt tipleri için uygun olabilir.\nİçerik analizi: Ürün, yoğun nemlendirme sağlayan zengin emolyanlar, silikonlar, çeşitli bitkisel özler ve peptitler barındırır. Petrolatum, Shea Butter ve bazı yağ türevleri komedojenik risk taşıyabilir. Parfüm, limon kabuğu ve okaliptüs yağı gibi içerikler hassasiyet veya iritasyon riski yaratabilir.\n\nIngredients: Algae (Seaweed) Extract, Cyclopentasiloxane, Petrolatum, Glyceryl Distearate, Phenyl Trimethicone, Butylene Glycol, Hydrogenated Vegetable Oil, Cholesterol, Butyrospermum Parkii (Shea Butter), Steareth-10, Dimethicone, Glyceryl Stearate Se, Polysilicone-11, Sesamum Indicum (Sesame) Seed Oil, Medicago Sativa (Alfalfa) Seed Powder, Helianthus Annuus (Sunflower) Seedcake, Prunus Amygdalus Dulcis (Sweet Almond) Seed Meal, Eucalyptus Globulus (Eucalyptus) Leaf Oil, Sodium Gluconate, Copper Gluconate, Calcium Gluconate, Magnesium Gluconate, Zinc Gluconate, Tocopheryl Succinate, Niacin, Sesamum Indicum (Sesame) Seed Powder, Water, Citrus Aurantifolia (Lime) Peel Extract, Laminaria Digitata Extract, Crithmum Maritimum Extract, Salicornia Herbacea Extract, Plankton Extract, Chlorella Vulgaris Extract, Glycine Soja (Soybean) Seed Extract, Glycerin, Caffeine, Sea Salt/Maris Sal/Sel Marin, Micrococcus Lysate, Diethylhexyl Succinate, Adenosine Phosphate, Creatine, Hydrolyzed Algin, Isocetyl Stearoyl Stearate, Cetyl Alcohol, Sucrose, Acetyl Hexapeptide-8, Glucose Oxidase, Polyacrylamide, Acetyl Carnitine Hcl, Glucose, Caprylic/Capric Triglyceride, C13-14 Isoparaffin, Tocopheryl Acetate, Tetrahexyldecyl Ascorbate, Sodium Pca, Glycosaminoglycans, Urea, Distearyldimonium Chloride, Dipalmitoyl Hydroxyproline, Sodium Hyaluronate, Laureth-7, Lecithin, Trehalose, Polyquaternium-51, Lactoperoxidase, Hydroxypropyl Cyclodextrin, Cyanocobalamin, Pentylene Glycol, Fragrance, Disodium Edta, Bht, Citronellol, Hydroxycitronellal, Geraniol, Linalool, Limonene, Potassium Sorbate, Phenoxyethanol']",Puan: 4.6.,"['4b5f8dccd311e47730367e5f87026a831d17eef1e65d4ab7be67cbac5c0b3d84'
 'f25ec5d0127cb76a8cec22b9863fe5107086fdbe576453b7c51b410bab5643bb'
 'c830d0cdc847acd4f9b955eea7ddfd2c50148e65e380cf8b050c3103eed5f92a'
 '02415a33943b2cc65c009174fd5b3f5a0cffb6f23d553fd8266e9b7f26f16cc0'
 '8cc86ba1e5d2afe30984613899405cea69f4f96cd1ccc3aae08963328a2c6b39']",['4b5f8dccd311e47730367e5f87026a831d17eef1e65d4ab7be67cbac5c0b3d84'],1.0,1.0,0.9182041060066829
Bio-Performance Advanced Super Revitalizing Cream ürünü hangi cilt tipleri için uygundur?,Bio-Performance Advanced Super Revitalizing Cream ürünü için uygun cilt tipleri belirlenemedi.,"['Ürün adı: Bio-Performance Advanced Super Revitalizing Cream\nMarka: SHISEIDO\nKategori: Moisturizer\nFiyat: 78\nPuan: 4.6\nUygun cilt tipleri: Belirlenemedi\n\nÜrün tanıtımı: Shiseido Bio-Performance Advanced Super Revitalizing Cream, cildi nemlendirmeyi ve canlandırmayı hedefleyen bir nemlendiricidir. Cilt görünümünü desteklemeye yardımcı olabilir.\nİçerik analizi: Bu formül, nemlendirme, yumuşatma ve antioksidan özellikler sunan çeşitli bileşenler içermektedir. Silikonlar, nemlendiriciler ve bitkisel özler ile zenginleştirilmiştir. Cetyl Octanoate ve Mortierella Oil komedojenik risk taşıyabilir. Fragrance, Octyl Methoxycinnamate, BHT ve parabenler (Ethylparaben, Butylparaben, Methylparaben) hassasiyet veya iritasyon riski yaratabilir.\n\nIngredients: Water, Glycerin, Cyclomethicone, Butylene Glycol, Dimethicone, Cetyl Octanoate, Squalane, Dimethicone Copolyol, Disteardimonium Hectorite, Hydrogenated C6-14 Olefin Polymers, PEG-150, Mortierella Oil, Phytosteryl Macadamiate, Tocopheryl Acetate, Stearyl Glycyrrhetinate, Arginine HCI, PEG-60 Hydrogenated Castor Oil, Sodium Glutamate, Disodium Adenosine Triphosphate, Saccharomyces Lysate Extract, Sodium Acetylated Hyaluronate, Rosa Roxburghii Extract, Octyl Methoxycinnamate, Agar, Sodium Hexametaphosphate, Trisodium EDTA, Tocopherol, BHT, Ethylparaben, Butylparaben, Methylparaben, Fragrance, Iron Oxides.'
 'Ürün adı: Ultra Repair® Cream Intense Hydration\nMarka: FIRST AID BEAUTY\nKategori: Moisturizer\nFiyat: 30\nPuan: 4.6\nUygun cilt tipleri: Combination, Dry, Normal, Oily, Sensitive\n\nÜrün tanıtımı: Ultra Repair® Cream Intense Hydration, çeşitli cilt tipleri için yoğun nemlendirme sunan bir nemlendiricidir. Cildi yatıştırmaya ve bariyerini desteklemeye yardımcı olabilecek içerikler barındırır.\nİçerik analizi: Formül, yoğun nemlendirme ve yatıştırma sağlayan bileşenler içerir. Seramid, kolloidal yulaf ezmesi ve bitki özleri ile cildi destekler. Stearik Asit, Gliseril Stearat SE, Gliseril Stearat, Setearil Alkol ve Butyrospermum Parkii Butter komedojenik risk taşıyabilir. Eucalyptus Globulus Leaf Oil ve Chrysanthemum Parthenium Extract hassasiyet/iritasyon riski yaratabilir.\n\nIngredients: Water, Stearic Acid, Glycerin, C12-15 Alkyl Benzoate, Caprylic/Capric Triglyceride, Glyceryl Stearate Se, Glyceryl Stearate, Cetearyl Alcohol, Butyrospermum Parkii Butter, Dimethicone, Squalane, Allantoin, Camellia Sinensis Leaf Extract, Caprylyl Glycol, Ceramide 3, Chrysanthemum Parthenium Extract, Colloidal Oatmeal, Disodium EDTA, Eucalyptus Globulus Leaf Oil, Glycyrrhiza Glabra Root Extract, Sodium Hydroxide, Xanthan Gum, Phenoxyethanol.'
 'Ürün adı: The True Cream Aqua Bomb\nMarka: BELIF\nKategori: Moisturizer\nFiyat: 38\nPuan: 4.5\nUygun cilt tipleri: Combination, Normal, Oily\n\nÜrün tanıtımı: BELIF The True Cream Aqua Bomb, karma, normal ve yağlı cilt tipleri için tasarlanmış bir nemlendiricidir. Cilde yoğun nem sağlamayı hedefleyen hafif yapılı bir üründür.\nİçerik analizi: Bu formül nemlendirici ve yumuşatıcı bileşenler içerir. Cilt bariyerini destekleyici seramid ve kolesterol de bulunmaktadır. Alkol denat, parfüm ve parfüm bileşenleri (Citronellol, Limonene, Citral, Geraniol, Linalool) hassasiyet/iritasyon riski taşıyabilir. Butyrospermum Parkii (Shea) Butter, Macadamia Ternifolia Seed Oil, Stearic Acid komedojenik risk yaratabilir.\n\nIngredients: Water, Dipropylene Glycol, Glycerin, Methl Trimethicone, Alcohol Denat, Dimethicone, Cyclopentasiloxane, 1,2-Hexanediol, Malakite Extract, Caprylic/Capric Triglyceride, Pentaerythrityl Tetraethylhexanoate, PEG/PPG/Polybutylene Glycol-8/5/3 Glycerin, Alchemilla Vulgaris Leaf Extract*, Equisetum Arvense Leaf Extract*, Stellaria Media (Chickweed) Extract*, Urtica Dioica (Nettle) Leaf Extract*, Plantago Lanceolata Leaf Extract*, Avena Sativa (Oat) Kernel Extract**, Calendula Officinalis Flower Extract**, Nepeta Cataria Extract**, Rubus Idaeus (Raspberry) Leaf Extract**, Baptisia Tinctoria Root Extract**, Dimethiconol, Polymethylsilsesquioxane, Sodium Acrylate/Acryloyldimethyltaurate/Dimethylacrylamide Crosspolymer, Isohexadecane, Polysorbate 60, Ceramide 3, Cholesterol, Butyrospermum Parkii (Shea) Butter, Phenl Trimethicone, Pentaerythrityl Tetraisostearate, Panthenol, Squalane, Triethylhexanoin, Macadamia Ternifolia Seed Oil, PEG-150, PEG-40 Hydrogenated Castor Oil, Acrylates/C10-30 Alkyl Acrylate Crosspolymer, C14-22 Alcohols, Arachidyl Glucoside, Hydrogenated Lecithin, PEG-100 Stearate, Stearic Acid, Glyceryl Stearate, Carbomer, Tromethamine, Trisodium EDTA, Fragrance+, Citronellol, Limonene, Citral, Geraniol, Linalool. *Napiers aqua formula. **Napiers original formula. +Fragrances of natural origin.'
 ""Ürün adı: Ultra Facial Cream\nMarka: KIEHL'S SINCE 1851\nKategori: Moisturizer\nFiyat: 29\nPuan: 4.4\nUygun cilt tipleri: Combination, Dry, Normal, Oily, Sensitive\n\nÜrün tanıtımı: KIEHL'S SINCE 1851 Ultra Facial Cream, cildi nemlendirmeye yardımcı olan popüler bir üründür. Karma, kuru, normal, yağlı ve hassas ciltler dahil birçok cilt tipine uygun olabilir ve kullanıcılar tarafından yüksek puan almıştır.\nİçerik analizi: Ürün, nemlendirici, yumuşatıcı ve bariyer destekleyici bileşenlerin bir kombinasyonunu içerir. Komedojenik risk yaratabilecek içerikler Myristyl Myristate, Olea Europaea Oil olabilir. Hassasiyet/iritasyon riski yaratabilecek içerikler Phenoxyethanol, Methylparaben, Triethanolamine olabilir.\n\nIngredients: Water, Glycerin, Cyclohexasiloxane, Squalane, Bis-Peg-18 Methyl Ether Dimethyl Silane, Sucrose Stearate, Stearyl Alcohol, Peg-8 Stearate, Urea, Myristyl Myristate, Pentaerythrityl Tetraethylhexanoate, Prunus Armeniaca Kernel Oil, Phenoxyethanol, Persea Gratissima Oil, Olea Europaea Oil, Oryza Sativa Bran Oil, Cetyl Alcohol, Glyceryl Stearate, Imperata Cylindrica Root Extract, Stearic Acid, Methylparaben, Chlorphenesin, Palmitic Acid, Disodium Edta, Acrylates/C10-30 Alkyl Acrylate Crosspolymer, Propylparaben, Carbomer, Triethanolamine, Prunus Amygdalus Dulcis Oil, Xanthan Gum, Sodium Hydroxide, Tocopherol, Pseudoalteromonas Ferment Extract, Hydroxypalmitoyl Sphinganine, Caprylyl Glycol.""
 'Ürün adı: Protini™ Polypeptide Cream\nMarka: DRUNK ELEPHANT\nKategori: Moisturizer\nFiyat: 68\nPuan: 4.4\nUygun cilt tipleri: Combination, Dry, Normal, Oily\n\nÜrün tanıtımı: Bu nemlendirici krem, çeşitli peptitler ve nemlendirici bileşenler içeren bir formüle sahiptir. Cildin nemlenmesine ve genel görünümünün desteklenmesine yardımcı olabilir.\nİçerik analizi: Bu formül, çeşitli peptitler, amino asitler ve nemlendirici bileşenler açısından zengindir. Cilt bariyerini desteklemeye ve nemlendirmeye odaklanmış görünmektedir. Sclerocarya Birrea Seed Oil, Cetearyl Alcohol komedojenik risk taşıyabilir. Polysorbate 20, Polysorbate 60, Phenoxyethanol, Chlorphenesin ve Lactic Acid/Glycolic Acid Copolymer hassasiyet/iritasyon riski yaratabilir.\n\nIngredients: Water, Dicaprylyl Carbonate, Glycerin, Cetearyl Alcohol, Cetearyl Olivate, Sorbitan Olivate, Sclerocarya Birrea Seed Oil, Bacillus/Soybean/ Folic Acid Ferment Extract, Nymphaea Alba Root Extract, sh-Oligopeptide-1, sh-Oligopeptide-2, sh-Polypeptide-1, sh-Polypeptide-9, sh-Polypeptide-11, Copper Palmitoyl Heptapeptide-14, Heptapeptide-15 Palmitate, Palmitoyl Tetrapeptide-7, Palmitoyl Tripeptide-1, Alanine, Arginine, Glycine, Histidine, Isoleucine, Phenylalanine, Proline, Serine, Threonine, Valine, Acetyl Glutamine, Coconut Alkanes , Coco-Caprylate/Caprate, Sodium Hyaluronate, Aspartic Acid, Linoleic Acid, Linolenic Acid, Lecithin, Butylene Glycol, Polyvinyl Alcohol, Sodium Lactate, Sodium PCA, PCA, Sorbitan Isostearate, Carbomer, Polysorbate 20, Polysorbate 60, Lactic Acid/Glycolic Acid Copolymer, Hydroxyethyl Acrylate/Sodium Acryloyldimethyl Taurate Copolymer, Xanthan Gum, Isomalt, 1,2-Hexanediol, Caprylyl Glycol, Chlorphenesin, Phenoxyethanol, Tocopherol, Sodium Benzoate, Phenylpropanol, Glyceryl Caprylate, Symphytum Officinale Callus Culture Extract.']",Uygun cilt tipleri: Belirlenemedi.,"['4b5f8dccd311e47730367e5f87026a831d17eef1e65d4ab7be67cbac5c0b3d84'
 'c830d0cdc847acd4f9b955eea7ddfd2c50148e65e380cf8b050c3103eed5f92a'
 '8b5befe4aea098f3c275c8d75e0e6d2abcfdcf666c1eb8ba6e1c5d94f70677d7'
 'dc339695033b917a95a4e4c89e6d27c678adf65eed7658a6e427ccfe595b02a2'
 '6fcecbb9ee483b8734f692e69180ae96ea0dbba64bcdb617e4cf561b26d2849d']",['4b5f8dccd311e47730367e5f87026a831d17eef1e65d4ab7be67cbac5c0b3d84'],1.0,1.0,0.0
"Bio-Performance Advanced Super Revitalizing Cream ürünün,n fiyatı nedir?",Bio-Performance Advanced Super Revitalizing Cream ürününün fiyatı 78'dir.,"['Ürün adı: Bio-Performance Advanced Super Revitalizing Cream\nMarka: SHISEIDO\nKategori: Moisturizer\nFiyat: 78\nPuan: 4.6\nUygun cilt tipleri: Belirlenemedi\n\nÜrün tanıtımı: Shiseido Bio-Performance Advanced Super Revitalizing Cream, cildi nemlendirmeyi ve canlandırmayı hedefleyen bir nemlendiricidir. Cilt görünümünü desteklemeye yardımcı olabilir.\nİçerik analizi: Bu formül, nemlendirme, yumuşatma ve antioksidan özellikler sunan çeşitli bileşenler içermektedir. Silikonlar, nemlendiriciler ve bitkisel özler ile zenginleştirilmiştir. Cetyl Octanoate ve Mortierella Oil komedojenik risk taşıyabilir. Fragrance, Octyl Methoxycinnamate, BHT ve parabenler (Ethylparaben, Butylparaben, Methylparaben) hassasiyet veya iritasyon riski yaratabilir.\n\nIngredients: Water, Glycerin, Cyclomethicone, Butylene Glycol, Dimethicone, Cetyl Octanoate, Squalane, Dimethicone Copolyol, Disteardimonium Hectorite, Hydrogenated C6-14 Olefin Polymers, PEG-150, Mortierella Oil, Phytosteryl Macadamiate, Tocopheryl Acetate, Stearyl Glycyrrhetinate, Arginine HCI, PEG-60 Hydrogenated Castor Oil, Sodium Glutamate, Disodium Adenosine Triphosphate, Saccharomyces Lysate Extract, Sodium Acetylated Hyaluronate, Rosa Roxburghii Extract, Octyl Methoxycinnamate, Agar, Sodium Hexametaphosphate, Trisodium EDTA, Tocopherol, BHT, Ethylparaben, Butylparaben, Methylparaben, Fragrance, Iron Oxides.'
 'Ürün adı: Ultra Repair® Cream Intense Hydration\nMarka: FIRST AID BEAUTY\nKategori: Moisturizer\nFiyat: 30\nPuan: 4.6\nUygun cilt tipleri: Combination, Dry, Normal, Oily, Sensitive\n\nÜrün tanıtımı: Ultra Repair® Cream Intense Hydration, çeşitli cilt tipleri için yoğun nemlendirme sunan bir nemlendiricidir. Cildi yatıştırmaya ve bariyerini desteklemeye yardımcı olabilecek içerikler barındırır.\nİçerik analizi: Formül, yoğun nemlendirme ve yatıştırma sağlayan bileşenler içerir. Seramid, kolloidal yulaf ezmesi ve bitki özleri ile cildi destekler. Stearik Asit, Gliseril Stearat SE, Gliseril Stearat, Setearil Alkol ve Butyrospermum Parkii Butter komedojenik risk taşıyabilir. Eucalyptus Globulus Leaf Oil ve Chrysanthemum Parthenium Extract hassasiyet/iritasyon riski yaratabilir.\n\nIngredients: Water, Stearic Acid, Glycerin, C12-15 Alkyl Benzoate, Caprylic/Capric Triglyceride, Glyceryl Stearate Se, Glyceryl Stearate, Cetearyl Alcohol, Butyrospermum Parkii Butter, Dimethicone, Squalane, Allantoin, Camellia Sinensis Leaf Extract, Caprylyl Glycol, Ceramide 3, Chrysanthemum Parthenium Extract, Colloidal Oatmeal, Disodium EDTA, Eucalyptus Globulus Leaf Oil, Glycyrrhiza Glabra Root Extract, Sodium Hydroxide, Xanthan Gum, Phenoxyethanol.'
 'Ürün adı: The Moisturizing Soft Cream\nMarka: LA MER\nKategori: Moisturizer\nFiyat: 175\nPuan: 3.8\nUygun cilt tipleri: Combination, Dry, Normal, Oily, Sensitive\n\nÜrün tanıtımı: Bu ürün, cildi nemlendirmeye ve yumuşatmaya yardımcı olan zengin içerikli bir nemlendiricidir. Çeşitli cilt tipleri için uygun olabilir.\nİçerik analizi: Ürün, yoğun nemlendirme sağlayan zengin emolyanlar, silikonlar, çeşitli bitkisel özler ve peptitler barındırır. Petrolatum, Shea Butter ve bazı yağ türevleri komedojenik risk taşıyabilir. Parfüm, limon kabuğu ve okaliptüs yağı gibi içerikler hassasiyet veya iritasyon riski yaratabilir.\n\nIngredients: Algae (Seaweed) Extract, Cyclopentasiloxane, Petrolatum, Glyceryl Distearate, Phenyl Trimethicone, Butylene Glycol, Hydrogenated Vegetable Oil, Cholesterol, Butyrospermum Parkii (Shea Butter), Steareth-10, Dimethicone, Glyceryl Stearate Se, Polysilicone-11, Sesamum Indicum (Sesame) Seed Oil, Medicago Sativa (Alfalfa) Seed Powder, Helianthus Annuus (Sunflower) Seedcake, Prunus Amygdalus Dulcis (Sweet Almond) Seed Meal, Eucalyptus Globulus (Eucalyptus) Leaf Oil, Sodium Gluconate, Copper Gluconate, Calcium Gluconate, Magnesium Gluconate, Zinc Gluconate, Tocopheryl Succinate, Niacin, Sesamum Indicum (Sesame) Seed Powder, Water, Citrus Aurantifolia (Lime) Peel Extract, Laminaria Digitata Extract, Crithmum Maritimum Extract, Salicornia Herbacea Extract, Plankton Extract, Chlorella Vulgaris Extract, Glycine Soja (Soybean) Seed Extract, Glycerin, Caffeine, Sea Salt/Maris Sal/Sel Marin, Micrococcus Lysate, Diethylhexyl Succinate, Adenosine Phosphate, Creatine, Hydrolyzed Algin, Isocetyl Stearoyl Stearate, Cetyl Alcohol, Sucrose, Acetyl Hexapeptide-8, Glucose Oxidase, Polyacrylamide, Acetyl Carnitine Hcl, Glucose, Caprylic/Capric Triglyceride, C13-14 Isoparaffin, Tocopheryl Acetate, Tetrahexyldecyl Ascorbate, Sodium Pca, Glycosaminoglycans, Urea, Distearyldimonium Chloride, Dipalmitoyl Hydroxyproline, Sodium Hyaluronate, Laureth-7, Lecithin, Trehalose, Polyquaternium-51, Lactoperoxidase, Hydroxypropyl Cyclodextrin, Cyanocobalamin, Pentylene Glycol, Fragrance, Disodium Edta, Bht, Citronellol, Hydroxycitronellal, Geraniol, Linalool, Limonene, Potassium Sorbate, Phenoxyethanol'
 'Ürün adı: Protini™ Polypeptide Cream\nMarka: DRUNK ELEPHANT\nKategori: Moisturizer\nFiyat: 68\nPuan: 4.4\nUygun cilt tipleri: Combination, Dry, Normal, Oily\n\nÜrün tanıtımı: Bu nemlendirici krem, çeşitli peptitler ve nemlendirici bileşenler içeren bir formüle sahiptir. Cildin nemlenmesine ve genel görünümünün desteklenmesine yardımcı olabilir.\nİçerik analizi: Bu formül, çeşitli peptitler, amino asitler ve nemlendirici bileşenler açısından zengindir. Cilt bariyerini desteklemeye ve nemlendirmeye odaklanmış görünmektedir. Sclerocarya Birrea Seed Oil, Cetearyl Alcohol komedojenik risk taşıyabilir. Polysorbate 20, Polysorbate 60, Phenoxyethanol, Chlorphenesin ve Lactic Acid/Glycolic Acid Copolymer hassasiyet/iritasyon riski yaratabilir.\n\nIngredients: Water, Dicaprylyl Carbonate, Glycerin, Cetearyl Alcohol, Cetearyl Olivate, Sorbitan Olivate, Sclerocarya Birrea Seed Oil, Bacillus/Soybean/ Folic Acid Ferment Extract, Nymphaea Alba Root Extract, sh-Oligopeptide-1, sh-Oligopeptide-2, sh-Polypeptide-1, sh-Polypeptide-9, sh-Polypeptide-11, Copper Palmitoyl Heptapeptide-14, Heptapeptide-15 Palmitate, Palmitoyl Tetrapeptide-7, Palmitoyl Tripeptide-1, Alanine, Arginine, Glycine, Histidine, Isoleucine, Phenylalanine, Proline, Serine, Threonine, Valine, Acetyl Glutamine, Coconut Alkanes , Coco-Caprylate/Caprate, Sodium Hyaluronate, Aspartic Acid, Linoleic Acid, Linolenic Acid, Lecithin, Butylene Glycol, Polyvinyl Alcohol, Sodium Lactate, Sodium PCA, PCA, Sorbitan Isostearate, Carbomer, Polysorbate 20, Polysorbate 60, Lactic Acid/Glycolic Acid Copolymer, Hydroxyethyl Acrylate/Sodium Acryloyldimethyl Taurate Copolymer, Xanthan Gum, Isomalt, 1,2-Hexanediol, Caprylyl Glycol, Chlorphenesin, Phenoxyethanol, Tocopherol, Sodium Benzoate, Phenylpropanol, Glyceryl Caprylate, Symphytum Officinale Callus Culture Extract.'
 'Ürün adı: Your Skin But Better™ CC+™ Cream with SPF 50+\nMarka: IT COSMETICS\nKategori: Moisturizer\nFiyat: 38\nPuan: 4.1\nUygun cilt tipleri: Combination, Dry, Normal, Oily, Sensitive\n\nÜrün tanıtımı: Bu ürün, cilde renk eşitleme ve yüksek SPF 50+ güneş koruması sunan, nemlendirici özelliklere sahip bir CC kremidir. Cilt tonunu eşitlemeye ve nemlendirmeye yardımcı olabilir.\nİçerik analizi: Ürün, nemlendirici, SPF ve çeşitli aktif bileşenler içeren zengin bir formüle sahiptir. Salyangoz salgısı filtratı, silikonlar, bitkisel yağlar ve vitaminler içerir. Stearik Asit, Orbignya Oleifera Seed Oil ve Persea Gratissima (Avocado) Oil komedojenik risk taşıyabilir. Narenciye yağları (Citrus Medica Limonum Peel Oil, Citrus Aurantium Bergamia Fruit Oil vb.) ve Eucalyptus Globulus Leaf Oil hassasiyet/iritasyon riski yaratabilir. Chlorhexidine Digluconate de hassasiyet riski taşıyabilir.\n\nIngredients: Water, Snail Secretion Filtrate, Phenyl Trimethicone, Dimethicone, Butylene Glycol, Butylene Glycol Dicaprylate/Dicaprate, Orbignya Oleifera Seed Oil, Butyloctyl Salicylate, Cetyl Peg/Ppg-10/1 Dimethicone, Cyclopentasiloxane, Cyclohexasiloxane, Magnesium Sulfate, Polyglyceryl-4 Isostearate, Dimethicone/Vinyl Dimethicone Crosspolymer, Aluminum Hydroxide, Hexyl Laurate, Stearic Acid, Calcium Stearate, Caprylyl Glycol, Triethoxycaprylylsilane, Ethylhexylglycerin, Citrus Medica Limonum (Lemon) Peel Oil, Tocopheryl Acetate, Sorbitan Isostearate, Phenoxyethanol, Citrus Aurantium Bergamia (Bergamot) Fruit Oil, 1,2-Hexanediol, Disodium Edta, Citrus Aurantium Dulcis (Orange) Peel Oil, Citrus Aurantifolia (Lime) Oil, Vitis Vinifera (Grape) Seed Oil, Punica Granatum Seed Oil, Pinus Sylvestris Leaf Oil, Persea Gratissima (Avocado) Oil, Niacinamide, Citrus Grandis (Grapefruit) Peel Oil, Cholesterol, Anthemis Nobilis Flower Water, Lactobacillus/Honeysuckle Flower/Licorice Root/Morus Alba Root/Pueraria Lobata Root/Schizandra Chinensis Fruit/Scutellaria Baicalensis Root/Sophora Japonica Flower Extract Ferment Filtrate, Perfluorohexane, Olea Europaea (Olive) Leaf Extract, Glycerin, Eucalyptus Globulus Leaf Oil, Camellia Sinensis Leaf Extract, Chrysanthemum Indicum Flower Extract, Pueraria Lobata Root Extract, Perfluorodecalin, Morus Alba Fruit Extract, Magnolia Kobus Bark Extract, Glycine Soja (Soybean) Sprout Extract, Diospyros Kaki Leaf Extract, Cinnamomum Cassia Bark Extract, Artemisia Princeps Leaf Extract, Pentafluoropropane, Curcuma Longa (Turmeric) Root Extract, Steareth-20, Hydrolyzed Hyaluronic Acid, Colloidal Oatmeal, Hydrolyzed Silk, Citric Acid, Sodium Benzoate, Potassium Sorbate, Aloe Barbadensis Leaf Extract, N-Hydroxysuccinimide, Hydrolyzed Collagen, Caprylhydroxamic Acid, Tocopherol, Thiamine Hcl, Riboflavin, Retinyl Palmitate, Pantothenic Acid, Palmitoyl Oligopeptide, Niacin, Folic Acid, Chrysin, Carnitine Hcl, Biotin, Ascorbic Acid, Palmitoyl Tetrapeptide-7, Chlorhexidine Digluconate. May Contain: Iron Oxides (Ci 77492, Ci 77491, Ci 77499).']",Fiyat: 78.,"['4b5f8dccd311e47730367e5f87026a831d17eef1e65d4ab7be67cbac5c0b3d84'
 'c830d0cdc847acd4f9b955eea7ddfd2c50148e65e380cf8b050c3103eed5f92a'
 '8cc86ba1e5d2afe30984613899405cea69f4f96cd1ccc3aae08963328a2c6b39'
 '6fcecbb9ee483b8734f692e69180ae96ea0dbba64bcdb617e4cf561b26d2849d'
 '02415a33943b2cc65c009174fd5b3f5a0cffb6f23d553fd8266e9b7f26f16cc0']",['4b5f8dccd311e47730367e5f87026a831d17eef1e65d4ab7be67cbac5c0b3d84'],1.0,1.0,0.9188805271539126
IT COSMETICS markasının Your Skin But Better™ CC+™ Cream with SPF 50+ ürününün puanı kaç?,IT COSMETICS markasının Your Skin But Better™ CC+™ Cream with SPF 50+ ürününün puanı 4.1'dir.,"['Ürün adı: Your Skin But Better™ CC+™ Cream with SPF 50+\nMarka: IT COSMETICS\nKategori: Moisturizer\nFiyat: 38\nPuan: 4.1\nUygun cilt tipleri: Combination, Dry, Normal, Oily, Sensitive\n\nÜrün tanıtımı: Bu ürün, cilde renk eşitleme ve yüksek SPF 50+ güneş koruması sunan, nemlendirici özelliklere sahip bir CC kremidir. Cilt tonunu eşitlemeye ve nemlendirmeye yardımcı olabilir.\nİçerik analizi: Ürün, nemlendirici, SPF ve çeşitli aktif bileşenler içeren zengin bir formüle sahiptir. Salyangoz salgısı filtratı, silikonlar, bitkisel yağlar ve vitaminler içerir. Stearik Asit, Orbignya Oleifera Seed Oil ve Persea Gratissima (Avocado) Oil komedojenik risk taşıyabilir. Narenciye yağları (Citrus Medica Limonum Peel Oil, Citrus Aurantium Bergamia Fruit Oil vb.) ve Eucalyptus Globulus Leaf Oil hassasiyet/iritasyon riski yaratabilir. Chlorhexidine Digluconate de hassasiyet riski taşıyabilir.\n\nIngredients: Water, Snail Secretion Filtrate, Phenyl Trimethicone, Dimethicone, Butylene Glycol, Butylene Glycol Dicaprylate/Dicaprate, Orbignya Oleifera Seed Oil, Butyloctyl Salicylate, Cetyl Peg/Ppg-10/1 Dimethicone, Cyclopentasiloxane, Cyclohexasiloxane, Magnesium Sulfate, Polyglyceryl-4 Isostearate, Dimethicone/Vinyl Dimethicone Crosspolymer, Aluminum Hydroxide, Hexyl Laurate, Stearic Acid, Calcium Stearate, Caprylyl Glycol, Triethoxycaprylylsilane, Ethylhexylglycerin, Citrus Medica Limonum (Lemon) Peel Oil, Tocopheryl Acetate, Sorbitan Isostearate, Phenoxyethanol, Citrus Aurantium Bergamia (Bergamot) Fruit Oil, 1,2-Hexanediol, Disodium Edta, Citrus Aurantium Dulcis (Orange) Peel Oil, Citrus Aurantifolia (Lime) Oil, Vitis Vinifera (Grape) Seed Oil, Punica Granatum Seed Oil, Pinus Sylvestris Leaf Oil, Persea Gratissima (Avocado) Oil, Niacinamide, Citrus Grandis (Grapefruit) Peel Oil, Cholesterol, Anthemis Nobilis Flower Water, Lactobacillus/Honeysuckle Flower/Licorice Root/Morus Alba Root/Pueraria Lobata Root/Schizandra Chinensis Fruit/Scutellaria Baicalensis Root/Sophora Japonica Flower Extract Ferment Filtrate, Perfluorohexane, Olea Europaea (Olive) Leaf Extract, Glycerin, Eucalyptus Globulus Leaf Oil, Camellia Sinensis Leaf Extract, Chrysanthemum Indicum Flower Extract, Pueraria Lobata Root Extract, Perfluorodecalin, Morus Alba Fruit Extract, Magnolia Kobus Bark Extract, Glycine Soja (Soybean) Sprout Extract, Diospyros Kaki Leaf Extract, Cinnamomum Cassia Bark Extract, Artemisia Princeps Leaf Extract, Pentafluoropropane, Curcuma Longa (Turmeric) Root Extract, Steareth-20, Hydrolyzed Hyaluronic Acid, Colloidal Oatmeal, Hydrolyzed Silk, Citric Acid, Sodium Benzoate, Potassium Sorbate, Aloe Barbadensis Leaf Extract, N-Hydroxysuccinimide, Hydrolyzed Collagen, Caprylhydroxamic Acid, Tocopherol, Thiamine Hcl, Riboflavin, Retinyl Palmitate, Pantothenic Acid, Palmitoyl Oligopeptide, Niacin, Folic Acid, Chrysin, Carnitine Hcl, Biotin, Ascorbic Acid, Palmitoyl Tetrapeptide-7, Chlorhexidine Digluconate. May Contain: Iron Oxides (Ci 77492, Ci 77491, Ci 77499).'
 'Ürün adı: COMPLEXION RESCUE™ Tinted Moisturizer Broad Spectrum SPF 30\nMarka: BAREMINERALS\nKategori: Moisturizer\nFiyat: 30\nPuan: 3.9\nUygun cilt tipleri: Belirlenemedi\n\nÜrün tanıtımı: Bu ürün, cilde nem sağlarken hafif renk tonu ve SPF 30 ile güneş koruması sunan renkli bir nemlendiricidir. Cilt tonunu eşitlemeye ve korumaya yardımcı olabilir.\nİçerik analizi: Ürün, nemlendirici ve yumuşatıcı bileşenler (Squalane, Gliserin, Sodyum Hyaluronat) açısından zengindir. Mineral bazlı renk ve SPF içerir. Isostearic Acid ve Polysorbate 60 komedojenik risk taşıyabilir. Phenoxyethanol hassasiyet/iritasyon riski yaratabilir. Bazı bitki özleri de hassasiyet potansiyeli taşıyabilir.\n\nIngredients: Water, Coconut Alkanes, Propanediol, Squalane, Trehalose, Isostearic Acid, Glycerin, Silica, Agar, Caprylic/Capric Triglyceride, Globularia Cordifolia Callus Culture Extract, Salicornia Herbacea Extract, Melilotus Officinalis Extract, Coco-Caprylate/Caprate, Butylene Glycol, Lauroyl Lysine, Sodium Hyaluronate, Succinoglycan, Polysorbate 60, Cellulose Gum, Polyglyceryl-4 Laurate/Succinate, Sorbitan Sesquiisostearate, Magnesium Stearate, Magnesium Hydroxide, Magnesium Chloride, Potassium Chloride, Calcium Chloride, Potassium Sorbate, Phenoxyethanol. May Contain: Titanium Dioxide, Iron Oxides.'
 'Ürün adı: Ultra Repair® Cream Intense Hydration\nMarka: FIRST AID BEAUTY\nKategori: Moisturizer\nFiyat: 30\nPuan: 4.6\nUygun cilt tipleri: Combination, Dry, Normal, Oily, Sensitive\n\nÜrün tanıtımı: Ultra Repair® Cream Intense Hydration, çeşitli cilt tipleri için yoğun nemlendirme sunan bir nemlendiricidir. Cildi yatıştırmaya ve bariyerini desteklemeye yardımcı olabilecek içerikler barındırır.\nİçerik analizi: Formül, yoğun nemlendirme ve yatıştırma sağlayan bileşenler içerir. Seramid, kolloidal yulaf ezmesi ve bitki özleri ile cildi destekler. Stearik Asit, Gliseril Stearat SE, Gliseril Stearat, Setearil Alkol ve Butyrospermum Parkii Butter komedojenik risk taşıyabilir. Eucalyptus Globulus Leaf Oil ve Chrysanthemum Parthenium Extract hassasiyet/iritasyon riski yaratabilir.\n\nIngredients: Water, Stearic Acid, Glycerin, C12-15 Alkyl Benzoate, Caprylic/Capric Triglyceride, Glyceryl Stearate Se, Glyceryl Stearate, Cetearyl Alcohol, Butyrospermum Parkii Butter, Dimethicone, Squalane, Allantoin, Camellia Sinensis Leaf Extract, Caprylyl Glycol, Ceramide 3, Chrysanthemum Parthenium Extract, Colloidal Oatmeal, Disodium EDTA, Eucalyptus Globulus Leaf Oil, Glycyrrhiza Glabra Root Extract, Sodium Hydroxide, Xanthan Gum, Phenoxyethanol.'
 'Ürün adı: The True Cream Aqua Bomb\nMarka: BELIF\nKategori: Moisturizer\nFiyat: 38\nPuan: 4.5\nUygun cilt tipleri: Combination, Normal, Oily\n\nÜrün tanıtımı: BELIF The True Cream Aqua Bomb, karma, normal ve yağlı cilt tipleri için tasarlanmış bir nemlendiricidir. Cilde yoğun nem sağlamayı hedefleyen hafif yapılı bir üründür.\nİçerik analizi: Bu formül nemlendirici ve yumuşatıcı bileşenler içerir. Cilt bariyerini destekleyici seramid ve kolesterol de bulunmaktadır. Alkol denat, parfüm ve parfüm bileşenleri (Citronellol, Limonene, Citral, Geraniol, Linalool) hassasiyet/iritasyon riski taşıyabilir. Butyrospermum Parkii (Shea) Butter, Macadamia Ternifolia Seed Oil, Stearic Acid komedojenik risk yaratabilir.\n\nIngredients: Water, Dipropylene Glycol, Glycerin, Methl Trimethicone, Alcohol Denat, Dimethicone, Cyclopentasiloxane, 1,2-Hexanediol, Malakite Extract, Caprylic/Capric Triglyceride, Pentaerythrityl Tetraethylhexanoate, PEG/PPG/Polybutylene Glycol-8/5/3 Glycerin, Alchemilla Vulgaris Leaf Extract*, Equisetum Arvense Leaf Extract*, Stellaria Media (Chickweed) Extract*, Urtica Dioica (Nettle) Leaf Extract*, Plantago Lanceolata Leaf Extract*, Avena Sativa (Oat) Kernel Extract**, Calendula Officinalis Flower Extract**, Nepeta Cataria Extract**, Rubus Idaeus (Raspberry) Leaf Extract**, Baptisia Tinctoria Root Extract**, Dimethiconol, Polymethylsilsesquioxane, Sodium Acrylate/Acryloyldimethyltaurate/Dimethylacrylamide Crosspolymer, Isohexadecane, Polysorbate 60, Ceramide 3, Cholesterol, Butyrospermum Parkii (Shea) Butter, Phenl Trimethicone, Pentaerythrityl Tetraisostearate, Panthenol, Squalane, Triethylhexanoin, Macadamia Ternifolia Seed Oil, PEG-150, PEG-40 Hydrogenated Castor Oil, Acrylates/C10-30 Alkyl Acrylate Crosspolymer, C14-22 Alcohols, Arachidyl Glucoside, Hydrogenated Lecithin, PEG-100 Stearate, Stearic Acid, Glyceryl Stearate, Carbomer, Tromethamine, Trisodium EDTA, Fragrance+, Citronellol, Limonene, Citral, Geraniol, Linalool. *Napiers aqua formula. **Napiers original formula. +Fragrances of natural origin.'
 ""Ürün adı: The Littles™\nMarka: DRUNK ELEPHANT\nKategori: Moisturizer\nFiyat: 90\nPuan: 4.4\nUygun cilt tipleri: Combination, Dry, Normal, Oily\n\nÜrün tanıtımı: The Littles™, Drunk Elephant'ın çeşitli cilt tiplerine uygun, kapsamlı bir cilt bakım rutini sunan mini ürün setidir. Temizleyiciden güneş koruyucuya kadar birçok temel ürünü içerir.\nİçerik analizi: Ürün seti, nemlendirici, antioksidan, eksfoliyan ve güneş koruyucu gibi farklı cilt ihtiyaçlarına yönelik zengin formüller sunar. Marula yağı ve çeşitli bitki özleri sıkça kullanılmıştır. Isopropyl Isostearate ve Sclerocarya Birrea Seed Oil bazı cilt tiplerinde komedojenik risk taşıyabilir. Ascorbic Acid, Glycolic Acid, Salicylic Acid, Lactic Acid, Citric Acid gibi aktifler ve Phenoxyethanol, Chlorphenesin hassasiyet/iritasyon riski yaratabilir. Niacinamide bazı kişilerde kızarıklığa neden olabilir.\n\nIngredients: Beste™ No.9 Jelly Cleanser: Water, Sodium Lauroyl Methyl Isethionate, Glycerin, Cocamidopropyl Betaine, Cocamidopropyl Hydroxysultaine, Sodium Methyl Oleoyl Taurate, Propanediol, Aloe Barbadensis Leaf Extract, Coco-Glucoside, Lauryl Glucoside, Cucumis Melo Cantalupensis Fruit Extract, Sclerocarya Birrea Seed Oil, Dipotassium Glycyrrhizate, Citric Acid, Phenoxyethanol, Sodium Benzoate, Sodium Chloride. C-Firma™ Day Serum: Water, Ethoxydiglycol, Ascorbic Acid, Glycerin, Laureth-23, Lactobacillus/Pumpkin Ferment Extract, Sclerocarya Birrea Seed Oil, Ferulic Acid, Sodium Hyaluronate, Chondrus Crispus Extract, Camellia Sinensis Leaf Extract, Lactobacillus/Punica Granatum Fruit Ferment Extract, Glycyrrhiza Glabra (Licorice) Root Extract, Vitis Vinifera (Grape) Juice Extract, Phyllanthus Emblica Fruit Extract, Hydrolyzed Wheat Protein, Tocopherol, Caprylhydroxamic Acid, Acetyl Glucosamine, Hydrolyzed Quinoa, Glutamylamidoethyl Imidazole, Dipotassium Glycyrrhizate, Tetrahydrodiferuloylmethane, Tetrahydrodemethoxydiferuloylmethane, Tetrahydrobisdemethoxydiferuloylmethane, Sodium Hyaluronate Crosspolymer, Glycine, Sucrose, Maltodextrin, Propanediol, Caprylyl Glycol, Sodium Hydroxide, Xanthan gum, Hydroxyethyl Acrylate/Sodium Acryloyldimethyl Taurate Copolymer, Isohexadecane, Polysorbate 60. B-Hydra™ Intensive Hydration Serum: Water,Coconut Alkanes, Ammonium Acryloyldimethyltaurate/VP Copolymer, Glycerin, Pentylene Glycol, Sclerocarya Birrea Seed Oil, Wheat Amino Acids, Ananas Sativus (Pineapple) Fruit Extract, Berberis Vulgaris Root Extract, Citrullus Lanatus (Watermelon) Fruit Extract, Lens Esculenta (Lentil) Fruit Extract, Pyrus Malus (Apple) Fruit Extract, Coco-Caprylate/Caprate, Panthenol, Sodium PCA, Sodium Hyaluronate Crosspolymer, Dipotassium Glycyrrhizate, Niacinamide, Cyclodextrin, Sodium Hyaluronate, Sodium Lactate, Phenoxyethanol, Hydroxyproline, Trisodium Ethylenediamine Disuccinate, Citric Acid, Caprylyl Glycol, Chlorphenesin, Ethylhexylglycerin. T.L.C. Framboos™ Glycolic Night Serum: Water, Glycolic Acid, Butylene Glycol, Glycerin, Sodium Hydroxide, Salicylic Acid, Lactic Acid, Citric Acid, Vitis Vinifera (Grape) Juice Extract, Aloe Barbadensis Leaf Juice, Opuntia Ficus-Indica Extract, Aesculus Hippocastanum (Horse Chestnut) Seed Extract, Camellia Sinensis Leaf Extract, Rubus Idaeus (Raspberry) Fruit Extract, Saccharomyces Cerevisiae Extract, Buddleja Davidii Meristem Cell Culture, Sclerocarya Birrea Seed Oil, Sodium Hyaluronate Crosspolymer, Allantoin, Hydroxyethylcellulose, Galactoarabinan, Propanediol, Disodium EDTA, Xanthan Gum, Hexylene Glycol, Phenoxyethanol, Caprylyl Glycol, Ethylhexylglycerin, Sodium Nitrate, Potassium Sorbate, Pentylene Glycol, Sodium Benzoate. Virgin Marula Luxury Facial Oil: Sclerocarya Birrea Seed OilLala Retro™Whipped CreamWater,Glycerin, Caprylic/ Capric Triglyceride, Isopropyl Isostearate, Pseudozyma Epicola/Camellia Sinensis Seed Oil/Glucose/Glycine Soja Meal/Malt Extract/Yeast Extract Ferment Filtrate (Pseudozyma Epicola/Camellia Sinensis Seed Oil/Glucose/Yeast Extract Ferment Filtrate), Stearic Acid, Glyceryl Stearate SE, Cetearyl Alcohol, Pentylene Glycol, Plantago Lanceolata Leaf Extract, Adansonia Digitata Seed Oil, Citrullus Lanatus (Watermelon) Seed Oil, Passiflora Edulis Seed Oil, Schinziophyton Rautanenii Kernel Oil, Sclerocarya Birrea Seed Oil, Polyglyceryl-6 Ximenia Americana Seedate, Sodium Hyaluronate Crosspolymer, Ceteareth-20, Trisodium Ethylenediamine Disuccinate, Sodium Hydroxide, Citric Acid, Carbomer, Xanthan Gum, Caprylyl Glycol, Chlorphenesin, Phenoxyethanol, Ethylhexylglycerin. Umbra™ Sheer Physical Daily Defense SPF 30: Zinc Oxide 20%, Water, Caprylic/Capric Triglyceride, Dicaprylyl Carbonate, Glycerin,Pentylene Glycol, Steareth-2, Propanediol, Steareth-21, Polyhydroxystearic Acid, Cetearyl Alcohol, Silica, Sclerocarya Birrea Seed Oil, Aloe Barbadensis Leaf Extract, Chondrus Crispus Extract, Haematococcus Pluvialis Extract, Helianthus Annuus (Sunflower) Sprout Extract, Vitis Vinifera (Grape) Juice Extract, Helianthus Annuus (Sunflower) Seed Oil, Simmondsia Chinensis (Jojoba) Seed Oil, Raspberry Seed Oil/Tocopheryl Succinate Aminopropanediol Esters, Hydrolyzed Wheat Protein,Tocopheryl Acetate, Tocopherol, Sea Water, Acetyl Glucosamine, Cetearyl Glucoside, Sodium Stearoyl Glutamate, Tetrahexyldecyl Ascorbate, Glycine, Sucrose, Lecithin, Triethoxycaprylylsilane, Xanthan Gum, Trisodium Ethylenediamine Disuccinate, Caprylhydroxamic Acid, Mica, Caprylyl Glycol, Phenoxyethanol, Titanium Dioxide (CI 77891), Iron Oxides (CI 77491). Shaba Complex™ Eye Serum: Water, Octyldodecanol, Glycerin, Boron Nitride, Saccharomyces/Xylinum/Black Tea Ferment, Coconut Alkanes, Cetyl Alcohol, Cetearyl Olivate, Sorbitan Olivate, Niacinamide, Copper Tripeptide-1, Leontopodium Alpinum Meristem Cell Culture, Dipeptide-2, Palmitoyl Tripeptide-1, Palmitoyl Tetrapeptide-7, Copper Lysinate/Prolinate, Hesperidin Methyl Chalcone, Chondrus Crispus (Carrageenan), Mangifera Indica (Mango) Seed Butter, Glycine Soja (Soybean) Oil, Hippophae Rhamnoides Oil, Sclerocarya Birrea Seed Oil, Sodium Hyaluronate Crosspolymer, Hydroxyethylcellulose, Coco-Caprylate/Caprate, Steareth-20, Lecithin, Panthenol, N-Hydroxysuccinimide, Ubiquinone, Citric Acid, Thioctic Acid, Tocopherol, Chrysin, Sclerotium Gum, Methylglucoside Phosphate, Xanthan Gum, Potassium Sorbate, Sodium Benzoate, Chlorphenesin, Caprylyl Glycol, Sodium Hydroxide, Phenoxyethanol, Pentylene Glycol, Ethylhexylglycerin.""]",Puan: 4.1.,"['02415a33943b2cc65c009174fd5b3f5a0cffb6f23d553fd8266e9b7f26f16cc0'
 'ccc5127b6eb60df804b36f4f65a1049f013a066d4afb7e3e907417ea7077844e'
 'c830d0cdc847acd4f9b955eea7ddfd2c50148e65e380cf8b050c3103eed5f92a'
 '8b5befe4aea098f3c275c8d75e0e6d2abcfdcf666c1eb8ba6e1c5d94f70677d7'
 '652c6936b3b76a58c19c0a0c639d562ab0f579dd4c9dc9f29bdd1ab7af879191']",['02415a33943b2cc65c009174fd5b3f5a0cffb6f23d553fd8266e9b7f26f16cc0'],1.0,1.0,0.9207340492057935
Your Skin But Better™ CC+™ Cream with SPF 50+ ürünü hangi cilt tipleri için uygundur?,"Your Skin But Better™ CC+™ Cream with SPF 50+ ürünü Combination, Dry, Normal, Oily, Sensitive cilt tipleri için uygundur.","['Ürün adı: Your Skin But Better™ CC+™ Cream with SPF 50+\nMarka: IT COSMETICS\nKategori: Moisturizer\nFiyat: 38\nPuan: 4.1\nUygun cilt tipleri: Combination, Dry, Normal, Oily, Sensitive\n\nÜrün tanıtımı: Bu ürün, cilde renk eşitleme ve yüksek SPF 50+ güneş koruması sunan, nemlendirici özelliklere sahip bir CC kremidir. Cilt tonunu eşitlemeye ve nemlendirmeye yardımcı olabilir.\nİçerik analizi: Ürün, nemlendirici, SPF ve çeşitli aktif bileşenler içeren zengin bir formüle sahiptir. Salyangoz salgısı filtratı, silikonlar, bitkisel yağlar ve vitaminler içerir. Stearik Asit, Orbignya Oleifera Seed Oil ve Persea Gratissima (Avocado) Oil komedojenik risk taşıyabilir. Narenciye yağları (Citrus Medica Limonum Peel Oil, Citrus Aurantium Bergamia Fruit Oil vb.) ve Eucalyptus Globulus Leaf Oil hassasiyet/iritasyon riski yaratabilir. Chlorhexidine Digluconate de hassasiyet riski taşıyabilir.\n\nIngredients: Water, Snail Secretion Filtrate, Phenyl Trimethicone, Dimethicone, Butylene Glycol, Butylene Glycol Dicaprylate/Dicaprate, Orbignya Oleifera Seed Oil, Butyloctyl Salicylate, Cetyl Peg/Ppg-10/1 Dimethicone, Cyclopentasiloxane, Cyclohexasiloxane, Magnesium Sulfate, Polyglyceryl-4 Isostearate, Dimethicone/Vinyl Dimethicone Crosspolymer, Aluminum Hydroxide, Hexyl Laurate, Stearic Acid, Calcium Stearate, Caprylyl Glycol, Triethoxycaprylylsilane, Ethylhexylglycerin, Citrus Medica Limonum (Lemon) Peel Oil, Tocopheryl Acetate, Sorbitan Isostearate, Phenoxyethanol, Citrus Aurantium Bergamia (Bergamot) Fruit Oil, 1,2-Hexanediol, Disodium Edta, Citrus Aurantium Dulcis (Orange) Peel Oil, Citrus Aurantifolia (Lime) Oil, Vitis Vinifera (Grape) Seed Oil, Punica Granatum Seed Oil, Pinus Sylvestris Leaf Oil, Persea Gratissima (Avocado) Oil, Niacinamide, Citrus Grandis (Grapefruit) Peel Oil, Cholesterol, Anthemis Nobilis Flower Water, Lactobacillus/Honeysuckle Flower/Licorice Root/Morus Alba Root/Pueraria Lobata Root/Schizandra Chinensis Fruit/Scutellaria Baicalensis Root/Sophora Japonica Flower Extract Ferment Filtrate, Perfluorohexane, Olea Europaea (Olive) Leaf Extract, Glycerin, Eucalyptus Globulus Leaf Oil, Camellia Sinensis Leaf Extract, Chrysanthemum Indicum Flower Extract, Pueraria Lobata Root Extract, Perfluorodecalin, Morus Alba Fruit Extract, Magnolia Kobus Bark Extract, Glycine Soja (Soybean) Sprout Extract, Diospyros Kaki Leaf Extract, Cinnamomum Cassia Bark Extract, Artemisia Princeps Leaf Extract, Pentafluoropropane, Curcuma Longa (Turmeric) Root Extract, Steareth-20, Hydrolyzed Hyaluronic Acid, Colloidal Oatmeal, Hydrolyzed Silk, Citric Acid, Sodium Benzoate, Potassium Sorbate, Aloe Barbadensis Leaf Extract, N-Hydroxysuccinimide, Hydrolyzed Collagen, Caprylhydroxamic Acid, Tocopherol, Thiamine Hcl, Riboflavin, Retinyl Palmitate, Pantothenic Acid, Palmitoyl Oligopeptide, Niacin, Folic Acid, Chrysin, Carnitine Hcl, Biotin, Ascorbic Acid, Palmitoyl Tetrapeptide-7, Chlorhexidine Digluconate. May Contain: Iron Oxides (Ci 77492, Ci 77491, Ci 77499).'
 'Ürün adı: COMPLEXION RESCUE™ Tinted Moisturizer Broad Spectrum SPF 30\nMarka: BAREMINERALS\nKategori: Moisturizer\nFiyat: 30\nPuan: 3.9\nUygun cilt tipleri: Belirlenemedi\n\nÜrün tanıtımı: Bu ürün, cilde nem sağlarken hafif renk tonu ve SPF 30 ile güneş koruması sunan renkli bir nemlendiricidir. Cilt tonunu eşitlemeye ve korumaya yardımcı olabilir.\nİçerik analizi: Ürün, nemlendirici ve yumuşatıcı bileşenler (Squalane, Gliserin, Sodyum Hyaluronat) açısından zengindir. Mineral bazlı renk ve SPF içerir. Isostearic Acid ve Polysorbate 60 komedojenik risk taşıyabilir. Phenoxyethanol hassasiyet/iritasyon riski yaratabilir. Bazı bitki özleri de hassasiyet potansiyeli taşıyabilir.\n\nIngredients: Water, Coconut Alkanes, Propanediol, Squalane, Trehalose, Isostearic Acid, Glycerin, Silica, Agar, Caprylic/Capric Triglyceride, Globularia Cordifolia Callus Culture Extract, Salicornia Herbacea Extract, Melilotus Officinalis Extract, Coco-Caprylate/Caprate, Butylene Glycol, Lauroyl Lysine, Sodium Hyaluronate, Succinoglycan, Polysorbate 60, Cellulose Gum, Polyglyceryl-4 Laurate/Succinate, Sorbitan Sesquiisostearate, Magnesium Stearate, Magnesium Hydroxide, Magnesium Chloride, Potassium Chloride, Calcium Chloride, Potassium Sorbate, Phenoxyethanol. May Contain: Titanium Dioxide, Iron Oxides.'
 'Ürün adı: Ultra Repair® Cream Intense Hydration\nMarka: FIRST AID BEAUTY\nKategori: Moisturizer\nFiyat: 30\nPuan: 4.6\nUygun cilt tipleri: Combination, Dry, Normal, Oily, Sensitive\n\nÜrün tanıtımı: Ultra Repair® Cream Intense Hydration, çeşitli cilt tipleri için yoğun nemlendirme sunan bir nemlendiricidir. Cildi yatıştırmaya ve bariyerini desteklemeye yardımcı olabilecek içerikler barındırır.\nİçerik analizi: Formül, yoğun nemlendirme ve yatıştırma sağlayan bileşenler içerir. Seramid, kolloidal yulaf ezmesi ve bitki özleri ile cildi destekler. Stearik Asit, Gliseril Stearat SE, Gliseril Stearat, Setearil Alkol ve Butyrospermum Parkii Butter komedojenik risk taşıyabilir. Eucalyptus Globulus Leaf Oil ve Chrysanthemum Parthenium Extract hassasiyet/iritasyon riski yaratabilir.\n\nIngredients: Water, Stearic Acid, Glycerin, C12-15 Alkyl Benzoate, Caprylic/Capric Triglyceride, Glyceryl Stearate Se, Glyceryl Stearate, Cetearyl Alcohol, Butyrospermum Parkii Butter, Dimethicone, Squalane, Allantoin, Camellia Sinensis Leaf Extract, Caprylyl Glycol, Ceramide 3, Chrysanthemum Parthenium Extract, Colloidal Oatmeal, Disodium EDTA, Eucalyptus Globulus Leaf Oil, Glycyrrhiza Glabra Root Extract, Sodium Hydroxide, Xanthan Gum, Phenoxyethanol.'
 'Ürün adı: The True Cream Aqua Bomb\nMarka: BELIF\nKategori: Moisturizer\nFiyat: 38\nPuan: 4.5\nUygun cilt tipleri: Combination, Normal, Oily\n\nÜrün tanıtımı: BELIF The True Cream Aqua Bomb, karma, normal ve yağlı cilt tipleri için tasarlanmış bir nemlendiricidir. Cilde yoğun nem sağlamayı hedefleyen hafif yapılı bir üründür.\nİçerik analizi: Bu formül nemlendirici ve yumuşatıcı bileşenler içerir. Cilt bariyerini destekleyici seramid ve kolesterol de bulunmaktadır. Alkol denat, parfüm ve parfüm bileşenleri (Citronellol, Limonene, Citral, Geraniol, Linalool) hassasiyet/iritasyon riski taşıyabilir. Butyrospermum Parkii (Shea) Butter, Macadamia Ternifolia Seed Oil, Stearic Acid komedojenik risk yaratabilir.\n\nIngredients: Water, Dipropylene Glycol, Glycerin, Methl Trimethicone, Alcohol Denat, Dimethicone, Cyclopentasiloxane, 1,2-Hexanediol, Malakite Extract, Caprylic/Capric Triglyceride, Pentaerythrityl Tetraethylhexanoate, PEG/PPG/Polybutylene Glycol-8/5/3 Glycerin, Alchemilla Vulgaris Leaf Extract*, Equisetum Arvense Leaf Extract*, Stellaria Media (Chickweed) Extract*, Urtica Dioica (Nettle) Leaf Extract*, Plantago Lanceolata Leaf Extract*, Avena Sativa (Oat) Kernel Extract**, Calendula Officinalis Flower Extract**, Nepeta Cataria Extract**, Rubus Idaeus (Raspberry) Leaf Extract**, Baptisia Tinctoria Root Extract**, Dimethiconol, Polymethylsilsesquioxane, Sodium Acrylate/Acryloyldimethyltaurate/Dimethylacrylamide Crosspolymer, Isohexadecane, Polysorbate 60, Ceramide 3, Cholesterol, Butyrospermum Parkii (Shea) Butter, Phenl Trimethicone, Pentaerythrityl Tetraisostearate, Panthenol, Squalane, Triethylhexanoin, Macadamia Ternifolia Seed Oil, PEG-150, PEG-40 Hydrogenated Castor Oil, Acrylates/C10-30 Alkyl Acrylate Crosspolymer, C14-22 Alcohols, Arachidyl Glucoside, Hydrogenated Lecithin, PEG-100 Stearate, Stearic Acid, Glyceryl Stearate, Carbomer, Tromethamine, Trisodium EDTA, Fragrance+, Citronellol, Limonene, Citral, Geraniol, Linalool. *Napiers aqua formula. **Napiers original formula. +Fragrances of natural origin.'
 ""Ürün adı: The Littles™\nMarka: DRUNK ELEPHANT\nKategori: Moisturizer\nFiyat: 90\nPuan: 4.4\nUygun cilt tipleri: Combination, Dry, Normal, Oily\n\nÜrün tanıtımı: The Littles™, Drunk Elephant'ın çeşitli cilt tiplerine uygun, kapsamlı bir cilt bakım rutini sunan mini ürün setidir. Temizleyiciden güneş koruyucuya kadar birçok temel ürünü içerir.\nİçerik analizi: Ürün seti, nemlendirici, antioksidan, eksfoliyan ve güneş koruyucu gibi farklı cilt ihtiyaçlarına yönelik zengin formüller sunar. Marula yağı ve çeşitli bitki özleri sıkça kullanılmıştır. Isopropyl Isostearate ve Sclerocarya Birrea Seed Oil bazı cilt tiplerinde komedojenik risk taşıyabilir. Ascorbic Acid, Glycolic Acid, Salicylic Acid, Lactic Acid, Citric Acid gibi aktifler ve Phenoxyethanol, Chlorphenesin hassasiyet/iritasyon riski yaratabilir. Niacinamide bazı kişilerde kızarıklığa neden olabilir.\n\nIngredients: Beste™ No.9 Jelly Cleanser: Water, Sodium Lauroyl Methyl Isethionate, Glycerin, Cocamidopropyl Betaine, Cocamidopropyl Hydroxysultaine, Sodium Methyl Oleoyl Taurate, Propanediol, Aloe Barbadensis Leaf Extract, Coco-Glucoside, Lauryl Glucoside, Cucumis Melo Cantalupensis Fruit Extract, Sclerocarya Birrea Seed Oil, Dipotassium Glycyrrhizate, Citric Acid, Phenoxyethanol, Sodium Benzoate, Sodium Chloride. C-Firma™ Day Serum: Water, Ethoxydiglycol, Ascorbic Acid, Glycerin, Laureth-23, Lactobacillus/Pumpkin Ferment Extract, Sclerocarya Birrea Seed Oil, Ferulic Acid, Sodium Hyaluronate, Chondrus Crispus Extract, Camellia Sinensis Leaf Extract, Lactobacillus/Punica Granatum Fruit Ferment Extract, Glycyrrhiza Glabra (Licorice) Root Extract, Vitis Vinifera (Grape) Juice Extract, Phyllanthus Emblica Fruit Extract, Hydrolyzed Wheat Protein, Tocopherol, Caprylhydroxamic Acid, Acetyl Glucosamine, Hydrolyzed Quinoa, Glutamylamidoethyl Imidazole, Dipotassium Glycyrrhizate, Tetrahydrodiferuloylmethane, Tetrahydrodemethoxydiferuloylmethane, Tetrahydrobisdemethoxydiferuloylmethane, Sodium Hyaluronate Crosspolymer, Glycine, Sucrose, Maltodextrin, Propanediol, Caprylyl Glycol, Sodium Hydroxide, Xanthan gum, Hydroxyethyl Acrylate/Sodium Acryloyldimethyl Taurate Copolymer, Isohexadecane, Polysorbate 60. B-Hydra™ Intensive Hydration Serum: Water,Coconut Alkanes, Ammonium Acryloyldimethyltaurate/VP Copolymer, Glycerin, Pentylene Glycol, Sclerocarya Birrea Seed Oil, Wheat Amino Acids, Ananas Sativus (Pineapple) Fruit Extract, Berberis Vulgaris Root Extract, Citrullus Lanatus (Watermelon) Fruit Extract, Lens Esculenta (Lentil) Fruit Extract, Pyrus Malus (Apple) Fruit Extract, Coco-Caprylate/Caprate, Panthenol, Sodium PCA, Sodium Hyaluronate Crosspolymer, Dipotassium Glycyrrhizate, Niacinamide, Cyclodextrin, Sodium Hyaluronate, Sodium Lactate, Phenoxyethanol, Hydroxyproline, Trisodium Ethylenediamine Disuccinate, Citric Acid, Caprylyl Glycol, Chlorphenesin, Ethylhexylglycerin. T.L.C. Framboos™ Glycolic Night Serum: Water, Glycolic Acid, Butylene Glycol, Glycerin, Sodium Hydroxide, Salicylic Acid, Lactic Acid, Citric Acid, Vitis Vinifera (Grape) Juice Extract, Aloe Barbadensis Leaf Juice, Opuntia Ficus-Indica Extract, Aesculus Hippocastanum (Horse Chestnut) Seed Extract, Camellia Sinensis Leaf Extract, Rubus Idaeus (Raspberry) Fruit Extract, Saccharomyces Cerevisiae Extract, Buddleja Davidii Meristem Cell Culture, Sclerocarya Birrea Seed Oil, Sodium Hyaluronate Crosspolymer, Allantoin, Hydroxyethylcellulose, Galactoarabinan, Propanediol, Disodium EDTA, Xanthan Gum, Hexylene Glycol, Phenoxyethanol, Caprylyl Glycol, Ethylhexylglycerin, Sodium Nitrate, Potassium Sorbate, Pentylene Glycol, Sodium Benzoate. Virgin Marula Luxury Facial Oil: Sclerocarya Birrea Seed OilLala Retro™Whipped CreamWater,Glycerin, Caprylic/ Capric Triglyceride, Isopropyl Isostearate, Pseudozyma Epicola/Camellia Sinensis Seed Oil/Glucose/Glycine Soja Meal/Malt Extract/Yeast Extract Ferment Filtrate (Pseudozyma Epicola/Camellia Sinensis Seed Oil/Glucose/Yeast Extract Ferment Filtrate), Stearic Acid, Glyceryl Stearate SE, Cetearyl Alcohol, Pentylene Glycol, Plantago Lanceolata Leaf Extract, Adansonia Digitata Seed Oil, Citrullus Lanatus (Watermelon) Seed Oil, Passiflora Edulis Seed Oil, Schinziophyton Rautanenii Kernel Oil, Sclerocarya Birrea Seed Oil, Polyglyceryl-6 Ximenia Americana Seedate, Sodium Hyaluronate Crosspolymer, Ceteareth-20, Trisodium Ethylenediamine Disuccinate, Sodium Hydroxide, Citric Acid, Carbomer, Xanthan Gum, Caprylyl Glycol, Chlorphenesin, Phenoxyethanol, Ethylhexylglycerin. Umbra™ Sheer Physical Daily Defense SPF 30: Zinc Oxide 20%, Water, Caprylic/Capric Triglyceride, Dicaprylyl Carbonate, Glycerin,Pentylene Glycol, Steareth-2, Propanediol, Steareth-21, Polyhydroxystearic Acid, Cetearyl Alcohol, Silica, Sclerocarya Birrea Seed Oil, Aloe Barbadensis Leaf Extract, Chondrus Crispus Extract, Haematococcus Pluvialis Extract, Helianthus Annuus (Sunflower) Sprout Extract, Vitis Vinifera (Grape) Juice Extract, Helianthus Annuus (Sunflower) Seed Oil, Simmondsia Chinensis (Jojoba) Seed Oil, Raspberry Seed Oil/Tocopheryl Succinate Aminopropanediol Esters, Hydrolyzed Wheat Protein,Tocopheryl Acetate, Tocopherol, Sea Water, Acetyl Glucosamine, Cetearyl Glucoside, Sodium Stearoyl Glutamate, Tetrahexyldecyl Ascorbate, Glycine, Sucrose, Lecithin, Triethoxycaprylylsilane, Xanthan Gum, Trisodium Ethylenediamine Disuccinate, Caprylhydroxamic Acid, Mica, Caprylyl Glycol, Phenoxyethanol, Titanium Dioxide (CI 77891), Iron Oxides (CI 77491). Shaba Complex™ Eye Serum: Water, Octyldodecanol, Glycerin, Boron Nitride, Saccharomyces/Xylinum/Black Tea Ferment, Coconut Alkanes, Cetyl Alcohol, Cetearyl Olivate, Sorbitan Olivate, Niacinamide, Copper Tripeptide-1, Leontopodium Alpinum Meristem Cell Culture, Dipeptide-2, Palmitoyl Tripeptide-1, Palmitoyl Tetrapeptide-7, Copper Lysinate/Prolinate, Hesperidin Methyl Chalcone, Chondrus Crispus (Carrageenan), Mangifera Indica (Mango) Seed Butter, Glycine Soja (Soybean) Oil, Hippophae Rhamnoides Oil, Sclerocarya Birrea Seed Oil, Sodium Hyaluronate Crosspolymer, Hydroxyethylcellulose, Coco-Caprylate/Caprate, Steareth-20, Lecithin, Panthenol, N-Hydroxysuccinimide, Ubiquinone, Citric Acid, Thioctic Acid, Tocopherol, Chrysin, Sclerotium Gum, Methylglucoside Phosphate, Xanthan Gum, Potassium Sorbate, Sodium Benzoate, Chlorphenesin, Caprylyl Glycol, Sodium Hydroxide, Phenoxyethanol, Pentylene Glycol, Ethylhexylglycerin.""]","Uygun cilt tipleri: Combination, Dry, Normal, Oily, Sensitive.","['02415a33943b2cc65c009174fd5b3f5a0cffb6f23d553fd8266e9b7f26f16cc0'
 'ccc5127b6eb60df804b36f4f65a1049f013a066d4afb7e3e907417ea7077844e'
 'c830d0cdc847acd4f9b955eea7ddfd2c50148e65e380cf8b050c3103eed5f92a'
 '8b5befe4aea098f3c275c8d75e0e6d2abcfdcf666c1eb8ba6e1c5d94f70677d7'
 '652c6936b3b76a58c19c0a0c639d562ab0f579dd4c9dc9f29bdd1ab7af879191']",['02415a33943b2cc65c009174fd5b3f5a0cffb6f23d553fd8266e9b7f26f16cc0'],1.0,1.0,0.9422573836181614
"Your Skin But Better™ CC+™ Cream with SPF 50+ ürünün,n fiyatı nedir?",Your Skin But Better™ CC+™ Cream with SPF 50+ ürününün fiyatı 38'dir.,"['Ürün adı: Your Skin But Better™ CC+™ Cream with SPF 50+\nMarka: IT COSMETICS\nKategori: Moisturizer\nFiyat: 38\nPuan: 4.1\nUygun cilt tipleri: Combination, Dry, Normal, Oily, Sensitive\n\nÜrün tanıtımı: Bu ürün, cilde renk eşitleme ve yüksek SPF 50+ güneş koruması sunan, nemlendirici özelliklere sahip bir CC kremidir. Cilt tonunu eşitlemeye ve nemlendirmeye yardımcı olabilir.\nİçerik analizi: Ürün, nemlendirici, SPF ve çeşitli aktif bileşenler içeren zengin bir formüle sahiptir. Salyangoz salgısı filtratı, silikonlar, bitkisel yağlar ve vitaminler içerir. Stearik Asit, Orbignya Oleifera Seed Oil ve Persea Gratissima (Avocado) Oil komedojenik risk taşıyabilir. Narenciye yağları (Citrus Medica Limonum Peel Oil, Citrus Aurantium Bergamia Fruit Oil vb.) ve Eucalyptus Globulus Leaf Oil hassasiyet/iritasyon riski yaratabilir. Chlorhexidine Digluconate de hassasiyet riski taşıyabilir.\n\nIngredients: Water, Snail Secretion Filtrate, Phenyl Trimethicone, Dimethicone, Butylene Glycol, Butylene Glycol Dicaprylate/Dicaprate, Orbignya Oleifera Seed Oil, Butyloctyl Salicylate, Cetyl Peg/Ppg-10/1 Dimethicone, Cyclopentasiloxane, Cyclohexasiloxane, Magnesium Sulfate, Polyglyceryl-4 Isostearate, Dimethicone/Vinyl Dimethicone Crosspolymer, Aluminum Hydroxide, Hexyl Laurate, Stearic Acid, Calcium Stearate, Caprylyl Glycol, Triethoxycaprylylsilane, Ethylhexylglycerin, Citrus Medica Limonum (Lemon) Peel Oil, Tocopheryl Acetate, Sorbitan Isostearate, Phenoxyethanol, Citrus Aurantium Bergamia (Bergamot) Fruit Oil, 1,2-Hexanediol, Disodium Edta, Citrus Aurantium Dulcis (Orange) Peel Oil, Citrus Aurantifolia (Lime) Oil, Vitis Vinifera (Grape) Seed Oil, Punica Granatum Seed Oil, Pinus Sylvestris Leaf Oil, Persea Gratissima (Avocado) Oil, Niacinamide, Citrus Grandis (Grapefruit) Peel Oil, Cholesterol, Anthemis Nobilis Flower Water, Lactobacillus/Honeysuckle Flower/Licorice Root/Morus Alba Root/Pueraria Lobata Root/Schizandra Chinensis Fruit/Scutellaria Baicalensis Root/Sophora Japonica Flower Extract Ferment Filtrate, Perfluorohexane, Olea Europaea (Olive) Leaf Extract, Glycerin, Eucalyptus Globulus Leaf Oil, Camellia Sinensis Leaf Extract, Chrysanthemum Indicum Flower Extract, Pueraria Lobata Root Extract, Perfluorodecalin, Morus Alba Fruit Extract, Magnolia Kobus Bark Extract, Glycine Soja (Soybean) Sprout Extract, Diospyros Kaki Leaf Extract, Cinnamomum Cassia Bark Extract, Artemisia Princeps Leaf Extract, Pentafluoropropane, Curcuma Longa (Turmeric) Root Extract, Steareth-20, Hydrolyzed Hyaluronic Acid, Colloidal Oatmeal, Hydrolyzed Silk, Citric Acid, Sodium Benzoate, Potassium Sorbate, Aloe Barbadensis Leaf Extract, N-Hydroxysuccinimide, Hydrolyzed Collagen, Caprylhydroxamic Acid, Tocopherol, Thiamine Hcl, Riboflavin, Retinyl Palmitate, Pantothenic Acid, Palmitoyl Oligopeptide, Niacin, Folic Acid, Chrysin, Carnitine Hcl, Biotin, Ascorbic Acid, Palmitoyl Tetrapeptide-7, Chlorhexidine Digluconate. May Contain: Iron Oxides (Ci 77492, Ci 77491, Ci 77499).'
 'Ürün adı: COMPLEXION RESCUE™ Tinted Moisturizer Broad Spectrum SPF 30\nMarka: BAREMINERALS\nKategori: Moisturizer\nFiyat: 30\nPuan: 3.9\nUygun cilt tipleri: Belirlenemedi\n\nÜrün tanıtımı: Bu ürün, cilde nem sağlarken hafif renk tonu ve SPF 30 ile güneş koruması sunan renkli bir nemlendiricidir. Cilt tonunu eşitlemeye ve korumaya yardımcı olabilir.\nİçerik analizi: Ürün, nemlendirici ve yumuşatıcı bileşenler (Squalane, Gliserin, Sodyum Hyaluronat) açısından zengindir. Mineral bazlı renk ve SPF içerir. Isostearic Acid ve Polysorbate 60 komedojenik risk taşıyabilir. Phenoxyethanol hassasiyet/iritasyon riski yaratabilir. Bazı bitki özleri de hassasiyet potansiyeli taşıyabilir.\n\nIngredients: Water, Coconut Alkanes, Propanediol, Squalane, Trehalose, Isostearic Acid, Glycerin, Silica, Agar, Caprylic/Capric Triglyceride, Globularia Cordifolia Callus Culture Extract, Salicornia Herbacea Extract, Melilotus Officinalis Extract, Coco-Caprylate/Caprate, Butylene Glycol, Lauroyl Lysine, Sodium Hyaluronate, Succinoglycan, Polysorbate 60, Cellulose Gum, Polyglyceryl-4 Laurate/Succinate, Sorbitan Sesquiisostearate, Magnesium Stearate, Magnesium Hydroxide, Magnesium Chloride, Potassium Chloride, Calcium Chloride, Potassium Sorbate, Phenoxyethanol. May Contain: Titanium Dioxide, Iron Oxides.'
 ""Ürün adı: The Littles™\nMarka: DRUNK ELEPHANT\nKategori: Moisturizer\nFiyat: 90\nPuan: 4.4\nUygun cilt tipleri: Combination, Dry, Normal, Oily\n\nÜrün tanıtımı: The Littles™, Drunk Elephant'ın çeşitli cilt tiplerine uygun, kapsamlı bir cilt bakım rutini sunan mini ürün setidir. Temizleyiciden güneş koruyucuya kadar birçok temel ürünü içerir.\nİçerik analizi: Ürün seti, nemlendirici, antioksidan, eksfoliyan ve güneş koruyucu gibi farklı cilt ihtiyaçlarına yönelik zengin formüller sunar. Marula yağı ve çeşitli bitki özleri sıkça kullanılmıştır. Isopropyl Isostearate ve Sclerocarya Birrea Seed Oil bazı cilt tiplerinde komedojenik risk taşıyabilir. Ascorbic Acid, Glycolic Acid, Salicylic Acid, Lactic Acid, Citric Acid gibi aktifler ve Phenoxyethanol, Chlorphenesin hassasiyet/iritasyon riski yaratabilir. Niacinamide bazı kişilerde kızarıklığa neden olabilir.\n\nIngredients: Beste™ No.9 Jelly Cleanser: Water, Sodium Lauroyl Methyl Isethionate, Glycerin, Cocamidopropyl Betaine, Cocamidopropyl Hydroxysultaine, Sodium Methyl Oleoyl Taurate, Propanediol, Aloe Barbadensis Leaf Extract, Coco-Glucoside, Lauryl Glucoside, Cucumis Melo Cantalupensis Fruit Extract, Sclerocarya Birrea Seed Oil, Dipotassium Glycyrrhizate, Citric Acid, Phenoxyethanol, Sodium Benzoate, Sodium Chloride. C-Firma™ Day Serum: Water, Ethoxydiglycol, Ascorbic Acid, Glycerin, Laureth-23, Lactobacillus/Pumpkin Ferment Extract, Sclerocarya Birrea Seed Oil, Ferulic Acid, Sodium Hyaluronate, Chondrus Crispus Extract, Camellia Sinensis Leaf Extract, Lactobacillus/Punica Granatum Fruit Ferment Extract, Glycyrrhiza Glabra (Licorice) Root Extract, Vitis Vinifera (Grape) Juice Extract, Phyllanthus Emblica Fruit Extract, Hydrolyzed Wheat Protein, Tocopherol, Caprylhydroxamic Acid, Acetyl Glucosamine, Hydrolyzed Quinoa, Glutamylamidoethyl Imidazole, Dipotassium Glycyrrhizate, Tetrahydrodiferuloylmethane, Tetrahydrodemethoxydiferuloylmethane, Tetrahydrobisdemethoxydiferuloylmethane, Sodium Hyaluronate Crosspolymer, Glycine, Sucrose, Maltodextrin, Propanediol, Caprylyl Glycol, Sodium Hydroxide, Xanthan gum, Hydroxyethyl Acrylate/Sodium Acryloyldimethyl Taurate Copolymer, Isohexadecane, Polysorbate 60. B-Hydra™ Intensive Hydration Serum: Water,Coconut Alkanes, Ammonium Acryloyldimethyltaurate/VP Copolymer, Glycerin, Pentylene Glycol, Sclerocarya Birrea Seed Oil, Wheat Amino Acids, Ananas Sativus (Pineapple) Fruit Extract, Berberis Vulgaris Root Extract, Citrullus Lanatus (Watermelon) Fruit Extract, Lens Esculenta (Lentil) Fruit Extract, Pyrus Malus (Apple) Fruit Extract, Coco-Caprylate/Caprate, Panthenol, Sodium PCA, Sodium Hyaluronate Crosspolymer, Dipotassium Glycyrrhizate, Niacinamide, Cyclodextrin, Sodium Hyaluronate, Sodium Lactate, Phenoxyethanol, Hydroxyproline, Trisodium Ethylenediamine Disuccinate, Citric Acid, Caprylyl Glycol, Chlorphenesin, Ethylhexylglycerin. T.L.C. Framboos™ Glycolic Night Serum: Water, Glycolic Acid, Butylene Glycol, Glycerin, Sodium Hydroxide, Salicylic Acid, Lactic Acid, Citric Acid, Vitis Vinifera (Grape) Juice Extract, Aloe Barbadensis Leaf Juice, Opuntia Ficus-Indica Extract, Aesculus Hippocastanum (Horse Chestnut) Seed Extract, Camellia Sinensis Leaf Extract, Rubus Idaeus (Raspberry) Fruit Extract, Saccharomyces Cerevisiae Extract, Buddleja Davidii Meristem Cell Culture, Sclerocarya Birrea Seed Oil, Sodium Hyaluronate Crosspolymer, Allantoin, Hydroxyethylcellulose, Galactoarabinan, Propanediol, Disodium EDTA, Xanthan Gum, Hexylene Glycol, Phenoxyethanol, Caprylyl Glycol, Ethylhexylglycerin, Sodium Nitrate, Potassium Sorbate, Pentylene Glycol, Sodium Benzoate. Virgin Marula Luxury Facial Oil: Sclerocarya Birrea Seed OilLala Retro™Whipped CreamWater,Glycerin, Caprylic/ Capric Triglyceride, Isopropyl Isostearate, Pseudozyma Epicola/Camellia Sinensis Seed Oil/Glucose/Glycine Soja Meal/Malt Extract/Yeast Extract Ferment Filtrate (Pseudozyma Epicola/Camellia Sinensis Seed Oil/Glucose/Yeast Extract Ferment Filtrate), Stearic Acid, Glyceryl Stearate SE, Cetearyl Alcohol, Pentylene Glycol, Plantago Lanceolata Leaf Extract, Adansonia Digitata Seed Oil, Citrullus Lanatus (Watermelon) Seed Oil, Passiflora Edulis Seed Oil, Schinziophyton Rautanenii Kernel Oil, Sclerocarya Birrea Seed Oil, Polyglyceryl-6 Ximenia Americana Seedate, Sodium Hyaluronate Crosspolymer, Ceteareth-20, Trisodium Ethylenediamine Disuccinate, Sodium Hydroxide, Citric Acid, Carbomer, Xanthan Gum, Caprylyl Glycol, Chlorphenesin, Phenoxyethanol, Ethylhexylglycerin. Umbra™ Sheer Physical Daily Defense SPF 30: Zinc Oxide 20%, Water, Caprylic/Capric Triglyceride, Dicaprylyl Carbonate, Glycerin,Pentylene Glycol, Steareth-2, Propanediol, Steareth-21, Polyhydroxystearic Acid, Cetearyl Alcohol, Silica, Sclerocarya Birrea Seed Oil, Aloe Barbadensis Leaf Extract, Chondrus Crispus Extract, Haematococcus Pluvialis Extract, Helianthus Annuus (Sunflower) Sprout Extract, Vitis Vinifera (Grape) Juice Extract, Helianthus Annuus (Sunflower) Seed Oil, Simmondsia Chinensis (Jojoba) Seed Oil, Raspberry Seed Oil/Tocopheryl Succinate Aminopropanediol Esters, Hydrolyzed Wheat Protein,Tocopheryl Acetate, Tocopherol, Sea Water, Acetyl Glucosamine, Cetearyl Glucoside, Sodium Stearoyl Glutamate, Tetrahexyldecyl Ascorbate, Glycine, Sucrose, Lecithin, Triethoxycaprylylsilane, Xanthan Gum, Trisodium Ethylenediamine Disuccinate, Caprylhydroxamic Acid, Mica, Caprylyl Glycol, Phenoxyethanol, Titanium Dioxide (CI 77891), Iron Oxides (CI 77491). Shaba Complex™ Eye Serum: Water, Octyldodecanol, Glycerin, Boron Nitride, Saccharomyces/Xylinum/Black Tea Ferment, Coconut Alkanes, Cetyl Alcohol, Cetearyl Olivate, Sorbitan Olivate, Niacinamide, Copper Tripeptide-1, Leontopodium Alpinum Meristem Cell Culture, Dipeptide-2, Palmitoyl Tripeptide-1, Palmitoyl Tetrapeptide-7, Copper Lysinate/Prolinate, Hesperidin Methyl Chalcone, Chondrus Crispus (Carrageenan), Mangifera Indica (Mango) Seed Butter, Glycine Soja (Soybean) Oil, Hippophae Rhamnoides Oil, Sclerocarya Birrea Seed Oil, Sodium Hyaluronate Crosspolymer, Hydroxyethylcellulose, Coco-Caprylate/Caprate, Steareth-20, Lecithin, Panthenol, N-Hydroxysuccinimide, Ubiquinone, Citric Acid, Thioctic Acid, Tocopherol, Chrysin, Sclerotium Gum, Methylglucoside Phosphate, Xanthan Gum, Potassium Sorbate, Sodium Benzoate, Chlorphenesin, Caprylyl Glycol, Sodium Hydroxide, Phenoxyethanol, Pentylene Glycol, Ethylhexylglycerin.""
 'Ürün adı: The True Cream Aqua Bomb\nMarka: BELIF\nKategori: Moisturizer\nFiyat: 38\nPuan: 4.5\nUygun cilt tipleri: Combination, Normal, Oily\n\nÜrün tanıtımı: BELIF The True Cream Aqua Bomb, karma, normal ve yağlı cilt tipleri için tasarlanmış bir nemlendiricidir. Cilde yoğun nem sağlamayı hedefleyen hafif yapılı bir üründür.\nİçerik analizi: Bu formül nemlendirici ve yumuşatıcı bileşenler içerir. Cilt bariyerini destekleyici seramid ve kolesterol de bulunmaktadır. Alkol denat, parfüm ve parfüm bileşenleri (Citronellol, Limonene, Citral, Geraniol, Linalool) hassasiyet/iritasyon riski taşıyabilir. Butyrospermum Parkii (Shea) Butter, Macadamia Ternifolia Seed Oil, Stearic Acid komedojenik risk yaratabilir.\n\nIngredients: Water, Dipropylene Glycol, Glycerin, Methl Trimethicone, Alcohol Denat, Dimethicone, Cyclopentasiloxane, 1,2-Hexanediol, Malakite Extract, Caprylic/Capric Triglyceride, Pentaerythrityl Tetraethylhexanoate, PEG/PPG/Polybutylene Glycol-8/5/3 Glycerin, Alchemilla Vulgaris Leaf Extract*, Equisetum Arvense Leaf Extract*, Stellaria Media (Chickweed) Extract*, Urtica Dioica (Nettle) Leaf Extract*, Plantago Lanceolata Leaf Extract*, Avena Sativa (Oat) Kernel Extract**, Calendula Officinalis Flower Extract**, Nepeta Cataria Extract**, Rubus Idaeus (Raspberry) Leaf Extract**, Baptisia Tinctoria Root Extract**, Dimethiconol, Polymethylsilsesquioxane, Sodium Acrylate/Acryloyldimethyltaurate/Dimethylacrylamide Crosspolymer, Isohexadecane, Polysorbate 60, Ceramide 3, Cholesterol, Butyrospermum Parkii (Shea) Butter, Phenl Trimethicone, Pentaerythrityl Tetraisostearate, Panthenol, Squalane, Triethylhexanoin, Macadamia Ternifolia Seed Oil, PEG-150, PEG-40 Hydrogenated Castor Oil, Acrylates/C10-30 Alkyl Acrylate Crosspolymer, C14-22 Alcohols, Arachidyl Glucoside, Hydrogenated Lecithin, PEG-100 Stearate, Stearic Acid, Glyceryl Stearate, Carbomer, Tromethamine, Trisodium EDTA, Fragrance+, Citronellol, Limonene, Citral, Geraniol, Linalool. *Napiers aqua formula. **Napiers original formula. +Fragrances of natural origin.'
 'Ürün adı: Ultra Repair® Cream Intense Hydration\nMarka: FIRST AID BEAUTY\nKategori: Moisturizer\nFiyat: 30\nPuan: 4.6\nUygun cilt tipleri: Combination, Dry, Normal, Oily, Sensitive\n\nÜrün tanıtımı: Ultra Repair® Cream Intense Hydration, çeşitli cilt tipleri için yoğun nemlendirme sunan bir nemlendiricidir. Cildi yatıştırmaya ve bariyerini desteklemeye yardımcı olabilecek içerikler barındırır.\nİçerik analizi: Formül, yoğun nemlendirme ve yatıştırma sağlayan bileşenler içerir. Seramid, kolloidal yulaf ezmesi ve bitki özleri ile cildi destekler. Stearik Asit, Gliseril Stearat SE, Gliseril Stearat, Setearil Alkol ve Butyrospermum Parkii Butter komedojenik risk taşıyabilir. Eucalyptus Globulus Leaf Oil ve Chrysanthemum Parthenium Extract hassasiyet/iritasyon riski yaratabilir.\n\nIngredients: Water, Stearic Acid, Glycerin, C12-15 Alkyl Benzoate, Caprylic/Capric Triglyceride, Glyceryl Stearate Se, Glyceryl Stearate, Cetearyl Alcohol, Butyrospermum Parkii Butter, Dimethicone, Squalane, Allantoin, Camellia Sinensis Leaf Extract, Caprylyl Glycol, Ceramide 3, Chrysanthemum Parthenium Extract, Colloidal Oatmeal, Disodium EDTA, Eucalyptus Globulus Leaf Oil, Glycyrrhiza Glabra Root Extract, Sodium Hydroxide, Xanthan Gum, Phenoxyethanol.']",Fiyat: 38.,"['02415a33943b2cc65c009174fd5b3f5a0cffb6f23d553fd8266e9b7f26f16cc0'
 'ccc5127b6eb60df804b36f4f65a1049f013a066d4afb7e3e907417ea7077844e'
 '652c6936b3b76a58c19c0a0c639d562ab0f579dd4c9dc9f29bdd1ab7af879191'
 '8b5befe4aea098f3c275c8d75e0e6d2abcfdcf666c1eb8ba6e1c5d94f70677d7'
 'c830d0cdc847acd4f9b955eea7ddfd2c50148e65e380cf8b050c3103eed5f92a']",['02415a33943b2cc65c009174fd5b3f5a0cffb6f23d553fd8266e9b7f26f16cc0'],1.0,1.0,0.9319478988240985
LA MER markasının Crème de la Mer Mini ürününün puanı kaç?,LA MER markasının Crème de la Mer Mini ürününün puanı 4.1'dir.,"['Ürün adı: Crème de la Mer Mini\nMarka: LA MER\nKategori: Moisturizer\nFiyat: 85\nPuan: 4.1\nUygun cilt tipleri: Combination, Dry, Normal, Oily, Sensitive\n\nÜrün tanıtımı: LA MER Crème de la Mer Mini, çeşitli cilt tipleri için tasarlanmış bir nemlendiricidir. Cilde yoğun nem sağlamayı hedefleyebilir.\nİçerik analizi: Formül, yoğun nemlendirme ve cilt bariyerini desteklemeyi amaçlayan oklüzif ve nemlendirici içerikler açısından zengindir. Ayrıca çeşitli bitki özleri, vitaminler ve koku bileşenleri içerir. Lanolin Alcohol, Sesamum Indicum (Sesame) Seed Oil ve Decyl Oleate gibi içerikler komedojenik risk taşıyabilir. Alcohol Denat., Fragrance, Eucalyptus Globulus (Eucalyptus) Leaf Oil ve Limonene gibi bileşenler hassasiyet veya iritasyon riski yaratabilir.\n\nIngredients: Algae (Seaweed) Extract, Mineral Oil, Petrolatum, Glycerin, Isohexadecane, Microcrystalline Wax, Lanolin Alcohol, Citrus Aurantifolia (Lime) Extract, Sesamum Indicum (Sesame) Seed Oil, Eucalyptus Globulus (Eucalyptus) Leaf Oil, Sesamum Indicum (Sesame) Seed Powder, Medicago Sativa (Alfalfa) Seed Powder, Helianthus Annuus (Sunflower) Seedcake, Prunus Amygdalus Dulcis (Sweet Almond) Seed Meal, Sodium Gluconate, Copper Gluconate, Calcium Gluconate, Magnesium Gluconate, Zinc Gluconate, Magnesium Sulfate, Paraffin, Tocopheryl Succinate, Niacin, Water, Beta-Carotene, Decyl Oleate, Aluminum Distearate, Octyldodecanol, Citric Acid, Cyanocobalamin, Magnesium Stearate, Panthenol, Limonene, Geraniol, Linalool, Hydroxycitronellal, Citronellol, Benzyl Salicylate, Citral, Sodium Benzoate, Alcohol Denat., Fragrance.'
 ""Ürün adı: Little Miss Miracle Limited-Edition Crème de la Mer\nMarka: LA MER\nKategori: Moisturizer\nFiyat: 325\nPuan: 5.0\nUygun cilt tipleri: Belirlenemedi\n\nÜrün tanıtımı: Little Miss Miracle Limited-Edition Crème de la Mer, LA MER'in özel bir nemlendiricisidir. Cildi nemlendirmeye ve beslemeye yardımcı olmayı hedefleyen lüks bir üründür.\nİçerik analizi: Formül, yoğun nemlendirme ve bariyer desteği sağlayan oklüzif ve emoliyan içeriklerle zengindir. Mineral Oil, Petrolatum, Microcrystalline Wax, Lanolin Alcohol, Sesamum Indicum (Sesame) Seed Oil, Paraffin, Decyl Oleate, Magnesium Stearate komedojenik risk taşıyabilir. Fragrance, Limonene, Geraniol, Linalool, Hydroxycitronellal, Citronellol, Benzyl Salicylate, Citral, Alcohol Denat., Citrus Aurantifolia (Lime) Extract, Eucalyptus Globulus (Eucalyptus) Leaf Oil hassasiyet/iritasyon riski yaratabilir.\n\nIngredients: Algae (Seaweed) Extract, Mineral Oil, Petrolatum, Glycerin, Isohexadecane, Microcrystalline Wax, Lanolin Alcohol, Citrus Aurantifolia (Lime) Extract, Sesamum Indicum (Sesame) Seed Oil, Eucalyptus Globulus (Eucalyptus) Leaf Oil, Sesamum Indicum (Sesame) Seed Powder, Medicago Sativa (Alfalfa) Seed Powder, Helianthus Annuus (Sunflower) Seedcake, Prunus Amygdalus Dulcis (Sweet Almond) Seed Meal, Sodium Gluconate, Copper Gluconate, Calcium Gluconate, Magnesium Gluconate, Zinc Gluconate, Magnesium Sulfate, Paraffin, Tocopheryl Succinate, Niacin, Water, Beta-Carotene, Decyl Oleate, Aluminum Distearate, Octyldodecanol, Citric Acid, Cyanocobalamin, Magnesium Stearate, Panthenol, Limonene, Geraniol, Linalool, Hydroxycitronellal, Citronellol, Benzyl Salicylate, Citral, Sodium Benzoate, Alcohol Denat., Fragrance.""
 'Ürün adı: Crème de la Mer\nMarka: LA MER\nKategori: Moisturizer\nFiyat: 175\nPuan: 4.1\nUygun cilt tipleri: Combination, Dry, Normal, Oily, Sensitive\n\nÜrün tanıtımı: Crème de la Mer, cildi nemlendirmeye yardımcı olan bir nemlendiricidir. Çeşitli cilt tipleri için uygun olabilir ve genel cilt bakımı rutininize eklenebilir.\nİçerik analizi: Ürün, mineral yağlar, petrolatum ve bitkisel özlerle zengin, yoğun nemlendirme odaklı bir formüle sahiptir. Mineral Oil, Petrolatum, Microcrystalline Wax, Paraffin ve Decyl Oleate komedojenik risk taşıyabilir. Lanolin Alcohol, Alcohol Denat., Fragrance, Limonene, Linalool, Citrus Aurantifolia (Lime) Extract ve Eucalyptus Globulus (Eucalyptus) Leaf Oil hassasiyet/iritasyon riski yaratabilir.\n\nIngredients: Algae (Seaweed) Extract, Mineral Oil, Petrolatum, Glycerin, Isohexadecane, Microcrystalline Wax, Lanolin Alcohol, Citrus Aurantifolia (Lime) Extract, Sesamum Indicum (Sesame) Seed Oil, Eucalyptus Globulus (Eucalyptus) Leaf Oil, Sesamum Indicum (Sesame) Seed Powder, Medicago Sativa (Alfalfa) Seed Powder, Helianthus Annuus (Sunflower) Seedcake, Prunus Amygdalus Dulcis (Sweet Almond) Seed Meal, Sodium Gluconate, Copper Gluconate, Calcium Gluconate, Magnesium Gluconate, Zinc Gluconate, Magnesium Sulfate, Paraffin, Tocopheryl Succinate, Niacin, Water, Beta-Carotene, Decyl Oleate, Aluminum Distearate, Octyldodecanol, Citric Acid, Cyanocobalamin, Magnesium Stearate, Panthenol, Limonene, Geraniol, Linalool, Hydroxycitronellal, Citronellol, Benzyl Salicylate, Citral, Sodium Benzoate, Alcohol Denat., Fragrance.'
 'Ürün adı: The Moisturizing Soft Cream\nMarka: LA MER\nKategori: Moisturizer\nFiyat: 175\nPuan: 3.8\nUygun cilt tipleri: Combination, Dry, Normal, Oily, Sensitive\n\nÜrün tanıtımı: Bu ürün, cildi nemlendirmeye ve yumuşatmaya yardımcı olan zengin içerikli bir nemlendiricidir. Çeşitli cilt tipleri için uygun olabilir.\nİçerik analizi: Ürün, yoğun nemlendirme sağlayan zengin emolyanlar, silikonlar, çeşitli bitkisel özler ve peptitler barındırır. Petrolatum, Shea Butter ve bazı yağ türevleri komedojenik risk taşıyabilir. Parfüm, limon kabuğu ve okaliptüs yağı gibi içerikler hassasiyet veya iritasyon riski yaratabilir.\n\nIngredients: Algae (Seaweed) Extract, Cyclopentasiloxane, Petrolatum, Glyceryl Distearate, Phenyl Trimethicone, Butylene Glycol, Hydrogenated Vegetable Oil, Cholesterol, Butyrospermum Parkii (Shea Butter), Steareth-10, Dimethicone, Glyceryl Stearate Se, Polysilicone-11, Sesamum Indicum (Sesame) Seed Oil, Medicago Sativa (Alfalfa) Seed Powder, Helianthus Annuus (Sunflower) Seedcake, Prunus Amygdalus Dulcis (Sweet Almond) Seed Meal, Eucalyptus Globulus (Eucalyptus) Leaf Oil, Sodium Gluconate, Copper Gluconate, Calcium Gluconate, Magnesium Gluconate, Zinc Gluconate, Tocopheryl Succinate, Niacin, Sesamum Indicum (Sesame) Seed Powder, Water, Citrus Aurantifolia (Lime) Peel Extract, Laminaria Digitata Extract, Crithmum Maritimum Extract, Salicornia Herbacea Extract, Plankton Extract, Chlorella Vulgaris Extract, Glycine Soja (Soybean) Seed Extract, Glycerin, Caffeine, Sea Salt/Maris Sal/Sel Marin, Micrococcus Lysate, Diethylhexyl Succinate, Adenosine Phosphate, Creatine, Hydrolyzed Algin, Isocetyl Stearoyl Stearate, Cetyl Alcohol, Sucrose, Acetyl Hexapeptide-8, Glucose Oxidase, Polyacrylamide, Acetyl Carnitine Hcl, Glucose, Caprylic/Capric Triglyceride, C13-14 Isoparaffin, Tocopheryl Acetate, Tetrahexyldecyl Ascorbate, Sodium Pca, Glycosaminoglycans, Urea, Distearyldimonium Chloride, Dipalmitoyl Hydroxyproline, Sodium Hyaluronate, Laureth-7, Lecithin, Trehalose, Polyquaternium-51, Lactoperoxidase, Hydroxypropyl Cyclodextrin, Cyanocobalamin, Pentylene Glycol, Fragrance, Disodium Edta, Bht, Citronellol, Hydroxycitronellal, Geraniol, Linalool, Limonene, Potassium Sorbate, Phenoxyethanol'
 ""Ürün adı: The Littles™\nMarka: DRUNK ELEPHANT\nKategori: Moisturizer\nFiyat: 90\nPuan: 4.4\nUygun cilt tipleri: Combination, Dry, Normal, Oily\n\nÜrün tanıtımı: The Littles™, Drunk Elephant'ın çeşitli cilt tiplerine uygun, kapsamlı bir cilt bakım rutini sunan mini ürün setidir. Temizleyiciden güneş koruyucuya kadar birçok temel ürünü içerir.\nİçerik analizi: Ürün seti, nemlendirici, antioksidan, eksfoliyan ve güneş koruyucu gibi farklı cilt ihtiyaçlarına yönelik zengin formüller sunar. Marula yağı ve çeşitli bitki özleri sıkça kullanılmıştır. Isopropyl Isostearate ve Sclerocarya Birrea Seed Oil bazı cilt tiplerinde komedojenik risk taşıyabilir. Ascorbic Acid, Glycolic Acid, Salicylic Acid, Lactic Acid, Citric Acid gibi aktifler ve Phenoxyethanol, Chlorphenesin hassasiyet/iritasyon riski yaratabilir. Niacinamide bazı kişilerde kızarıklığa neden olabilir.\n\nIngredients: Beste™ No.9 Jelly Cleanser: Water, Sodium Lauroyl Methyl Isethionate, Glycerin, Cocamidopropyl Betaine, Cocamidopropyl Hydroxysultaine, Sodium Methyl Oleoyl Taurate, Propanediol, Aloe Barbadensis Leaf Extract, Coco-Glucoside, Lauryl Glucoside, Cucumis Melo Cantalupensis Fruit Extract, Sclerocarya Birrea Seed Oil, Dipotassium Glycyrrhizate, Citric Acid, Phenoxyethanol, Sodium Benzoate, Sodium Chloride. C-Firma™ Day Serum: Water, Ethoxydiglycol, Ascorbic Acid, Glycerin, Laureth-23, Lactobacillus/Pumpkin Ferment Extract, Sclerocarya Birrea Seed Oil, Ferulic Acid, Sodium Hyaluronate, Chondrus Crispus Extract, Camellia Sinensis Leaf Extract, Lactobacillus/Punica Granatum Fruit Ferment Extract, Glycyrrhiza Glabra (Licorice) Root Extract, Vitis Vinifera (Grape) Juice Extract, Phyllanthus Emblica Fruit Extract, Hydrolyzed Wheat Protein, Tocopherol, Caprylhydroxamic Acid, Acetyl Glucosamine, Hydrolyzed Quinoa, Glutamylamidoethyl Imidazole, Dipotassium Glycyrrhizate, Tetrahydrodiferuloylmethane, Tetrahydrodemethoxydiferuloylmethane, Tetrahydrobisdemethoxydiferuloylmethane, Sodium Hyaluronate Crosspolymer, Glycine, Sucrose, Maltodextrin, Propanediol, Caprylyl Glycol, Sodium Hydroxide, Xanthan gum, Hydroxyethyl Acrylate/Sodium Acryloyldimethyl Taurate Copolymer, Isohexadecane, Polysorbate 60. B-Hydra™ Intensive Hydration Serum: Water,Coconut Alkanes, Ammonium Acryloyldimethyltaurate/VP Copolymer, Glycerin, Pentylene Glycol, Sclerocarya Birrea Seed Oil, Wheat Amino Acids, Ananas Sativus (Pineapple) Fruit Extract, Berberis Vulgaris Root Extract, Citrullus Lanatus (Watermelon) Fruit Extract, Lens Esculenta (Lentil) Fruit Extract, Pyrus Malus (Apple) Fruit Extract, Coco-Caprylate/Caprate, Panthenol, Sodium PCA, Sodium Hyaluronate Crosspolymer, Dipotassium Glycyrrhizate, Niacinamide, Cyclodextrin, Sodium Hyaluronate, Sodium Lactate, Phenoxyethanol, Hydroxyproline, Trisodium Ethylenediamine Disuccinate, Citric Acid, Caprylyl Glycol, Chlorphenesin, Ethylhexylglycerin. T.L.C. Framboos™ Glycolic Night Serum: Water, Glycolic Acid, Butylene Glycol, Glycerin, Sodium Hydroxide, Salicylic Acid, Lactic Acid, Citric Acid, Vitis Vinifera (Grape) Juice Extract, Aloe Barbadensis Leaf Juice, Opuntia Ficus-Indica Extract, Aesculus Hippocastanum (Horse Chestnut) Seed Extract, Camellia Sinensis Leaf Extract, Rubus Idaeus (Raspberry) Fruit Extract, Saccharomyces Cerevisiae Extract, Buddleja Davidii Meristem Cell Culture, Sclerocarya Birrea Seed Oil, Sodium Hyaluronate Crosspolymer, Allantoin, Hydroxyethylcellulose, Galactoarabinan, Propanediol, Disodium EDTA, Xanthan Gum, Hexylene Glycol, Phenoxyethanol, Caprylyl Glycol, Ethylhexylglycerin, Sodium Nitrate, Potassium Sorbate, Pentylene Glycol, Sodium Benzoate. Virgin Marula Luxury Facial Oil: Sclerocarya Birrea Seed OilLala Retro™Whipped CreamWater,Glycerin, Caprylic/ Capric Triglyceride, Isopropyl Isostearate, Pseudozyma Epicola/Camellia Sinensis Seed Oil/Glucose/Glycine Soja Meal/Malt Extract/Yeast Extract Ferment Filtrate (Pseudozyma Epicola/Camellia Sinensis Seed Oil/Glucose/Yeast Extract Ferment Filtrate), Stearic Acid, Glyceryl Stearate SE, Cetearyl Alcohol, Pentylene Glycol, Plantago Lanceolata Leaf Extract, Adansonia Digitata Seed Oil, Citrullus Lanatus (Watermelon) Seed Oil, Passiflora Edulis Seed Oil, Schinziophyton Rautanenii Kernel Oil, Sclerocarya Birrea Seed Oil, Polyglyceryl-6 Ximenia Americana Seedate, Sodium Hyaluronate Crosspolymer, Ceteareth-20, Trisodium Ethylenediamine Disuccinate, Sodium Hydroxide, Citric Acid, Carbomer, Xanthan Gum, Caprylyl Glycol, Chlorphenesin, Phenoxyethanol, Ethylhexylglycerin. Umbra™ Sheer Physical Daily Defense SPF 30: Zinc Oxide 20%, Water, Caprylic/Capric Triglyceride, Dicaprylyl Carbonate, Glycerin,Pentylene Glycol, Steareth-2, Propanediol, Steareth-21, Polyhydroxystearic Acid, Cetearyl Alcohol, Silica, Sclerocarya Birrea Seed Oil, Aloe Barbadensis Leaf Extract, Chondrus Crispus Extract, Haematococcus Pluvialis Extract, Helianthus Annuus (Sunflower) Sprout Extract, Vitis Vinifera (Grape) Juice Extract, Helianthus Annuus (Sunflower) Seed Oil, Simmondsia Chinensis (Jojoba) Seed Oil, Raspberry Seed Oil/Tocopheryl Succinate Aminopropanediol Esters, Hydrolyzed Wheat Protein,Tocopheryl Acetate, Tocopherol, Sea Water, Acetyl Glucosamine, Cetearyl Glucoside, Sodium Stearoyl Glutamate, Tetrahexyldecyl Ascorbate, Glycine, Sucrose, Lecithin, Triethoxycaprylylsilane, Xanthan Gum, Trisodium Ethylenediamine Disuccinate, Caprylhydroxamic Acid, Mica, Caprylyl Glycol, Phenoxyethanol, Titanium Dioxide (CI 77891), Iron Oxides (CI 77491). Shaba Complex™ Eye Serum: Water, Octyldodecanol, Glycerin, Boron Nitride, Saccharomyces/Xylinum/Black Tea Ferment, Coconut Alkanes, Cetyl Alcohol, Cetearyl Olivate, Sorbitan Olivate, Niacinamide, Copper Tripeptide-1, Leontopodium Alpinum Meristem Cell Culture, Dipeptide-2, Palmitoyl Tripeptide-1, Palmitoyl Tetrapeptide-7, Copper Lysinate/Prolinate, Hesperidin Methyl Chalcone, Chondrus Crispus (Carrageenan), Mangifera Indica (Mango) Seed Butter, Glycine Soja (Soybean) Oil, Hippophae Rhamnoides Oil, Sclerocarya Birrea Seed Oil, Sodium Hyaluronate Crosspolymer, Hydroxyethylcellulose, Coco-Caprylate/Caprate, Steareth-20, Lecithin, Panthenol, N-Hydroxysuccinimide, Ubiquinone, Citric Acid, Thioctic Acid, Tocopherol, Chrysin, Sclerotium Gum, Methylglucoside Phosphate, Xanthan Gum, Potassium Sorbate, Sodium Benzoate, Chlorphenesin, Caprylyl Glycol, Sodium Hydroxide, Phenoxyethanol, Pentylene Glycol, Ethylhexylglycerin.""]",Puan: 4.1.,"['a39ed2a19f44e024c760ac9ee4e1990ef316651340b02424158d8bc43e6bf64f'
 'af7306dc42136d29b5b522beae4a5d59999f2ab5a28ad43d5d66ac487e514680'
 '65e4d1a65dfb3b0b0c62659612acd35456da133d9a069e9175116f09d8701fce'
 '8cc86ba1e5d2afe30984613899405cea69f4f96cd1ccc3aae08963328a2c6b39'
 '652c6936b3b76a58c19c0a0c639d562ab0f579dd4c9dc9f29bdd1ab7af879191']",['a39ed2a19f44e024c760ac9ee4e1990ef316651340b02424158d8bc43e6bf64f'],1.0,1.0,
Crème de la Mer Mini ürünü hangi cilt tipleri için uygundur?,"Crème de la Mer Mini ürünü Combination, Dry, Normal, Oily, Sensitive cilt tipleri için uygundur.","['Ürün adı: Crème de la Mer Mini\nMarka: LA MER\nKategori: Moisturizer\nFiyat: 85\nPuan: 4.1\nUygun cilt tipleri: Combination, Dry, Normal, Oily, Sensitive\n\nÜrün tanıtımı: LA MER Crème de la Mer Mini, çeşitli cilt tipleri için tasarlanmış bir nemlendiricidir. Cilde yoğun nem sağlamayı hedefleyebilir.\nİçerik analizi: Formül, yoğun nemlendirme ve cilt bariyerini desteklemeyi amaçlayan oklüzif ve nemlendirici içerikler açısından zengindir. Ayrıca çeşitli bitki özleri, vitaminler ve koku bileşenleri içerir. Lanolin Alcohol, Sesamum Indicum (Sesame) Seed Oil ve Decyl Oleate gibi içerikler komedojenik risk taşıyabilir. Alcohol Denat., Fragrance, Eucalyptus Globulus (Eucalyptus) Leaf Oil ve Limonene gibi bileşenler hassasiyet veya iritasyon riski yaratabilir.\n\nIngredients: Algae (Seaweed) Extract, Mineral Oil, Petrolatum, Glycerin, Isohexadecane, Microcrystalline Wax, Lanolin Alcohol, Citrus Aurantifolia (Lime) Extract, Sesamum Indicum (Sesame) Seed Oil, Eucalyptus Globulus (Eucalyptus) Leaf Oil, Sesamum Indicum (Sesame) Seed Powder, Medicago Sativa (Alfalfa) Seed Powder, Helianthus Annuus (Sunflower) Seedcake, Prunus Amygdalus Dulcis (Sweet Almond) Seed Meal, Sodium Gluconate, Copper Gluconate, Calcium Gluconate, Magnesium Gluconate, Zinc Gluconate, Magnesium Sulfate, Paraffin, Tocopheryl Succinate, Niacin, Water, Beta-Carotene, Decyl Oleate, Aluminum Distearate, Octyldodecanol, Citric Acid, Cyanocobalamin, Magnesium Stearate, Panthenol, Limonene, Geraniol, Linalool, Hydroxycitronellal, Citronellol, Benzyl Salicylate, Citral, Sodium Benzoate, Alcohol Denat., Fragrance.'
 'Ürün adı: Crème de la Mer\nMarka: LA MER\nKategori: Moisturizer\nFiyat: 175\nPuan: 4.1\nUygun cilt tipleri: Combination, Dry, Normal, Oily, Sensitive\n\nÜrün tanıtımı: Crème de la Mer, cildi nemlendirmeye yardımcı olan bir nemlendiricidir. Çeşitli cilt tipleri için uygun olabilir ve genel cilt bakımı rutininize eklenebilir.\nİçerik analizi: Ürün, mineral yağlar, petrolatum ve bitkisel özlerle zengin, yoğun nemlendirme odaklı bir formüle sahiptir. Mineral Oil, Petrolatum, Microcrystalline Wax, Paraffin ve Decyl Oleate komedojenik risk taşıyabilir. Lanolin Alcohol, Alcohol Denat., Fragrance, Limonene, Linalool, Citrus Aurantifolia (Lime) Extract ve Eucalyptus Globulus (Eucalyptus) Leaf Oil hassasiyet/iritasyon riski yaratabilir.\n\nIngredients: Algae (Seaweed) Extract, Mineral Oil, Petrolatum, Glycerin, Isohexadecane, Microcrystalline Wax, Lanolin Alcohol, Citrus Aurantifolia (Lime) Extract, Sesamum Indicum (Sesame) Seed Oil, Eucalyptus Globulus (Eucalyptus) Leaf Oil, Sesamum Indicum (Sesame) Seed Powder, Medicago Sativa (Alfalfa) Seed Powder, Helianthus Annuus (Sunflower) Seedcake, Prunus Amygdalus Dulcis (Sweet Almond) Seed Meal, Sodium Gluconate, Copper Gluconate, Calcium Gluconate, Magnesium Gluconate, Zinc Gluconate, Magnesium Sulfate, Paraffin, Tocopheryl Succinate, Niacin, Water, Beta-Carotene, Decyl Oleate, Aluminum Distearate, Octyldodecanol, Citric Acid, Cyanocobalamin, Magnesium Stearate, Panthenol, Limonene, Geraniol, Linalool, Hydroxycitronellal, Citronellol, Benzyl Salicylate, Citral, Sodium Benzoate, Alcohol Denat., Fragrance.'
 ""Ürün adı: Little Miss Miracle Limited-Edition Crème de la Mer\nMarka: LA MER\nKategori: Moisturizer\nFiyat: 325\nPuan: 5.0\nUygun cilt tipleri: Belirlenemedi\n\nÜrün tanıtımı: Little Miss Miracle Limited-Edition Crème de la Mer, LA MER'in özel bir nemlendiricisidir. Cildi nemlendirmeye ve beslemeye yardımcı olmayı hedefleyen lüks bir üründür.\nİçerik analizi: Formül, yoğun nemlendirme ve bariyer desteği sağlayan oklüzif ve emoliyan içeriklerle zengindir. Mineral Oil, Petrolatum, Microcrystalline Wax, Lanolin Alcohol, Sesamum Indicum (Sesame) Seed Oil, Paraffin, Decyl Oleate, Magnesium Stearate komedojenik risk taşıyabilir. Fragrance, Limonene, Geraniol, Linalool, Hydroxycitronellal, Citronellol, Benzyl Salicylate, Citral, Alcohol Denat., Citrus Aurantifolia (Lime) Extract, Eucalyptus Globulus (Eucalyptus) Leaf Oil hassasiyet/iritasyon riski yaratabilir.\n\nIngredients: Algae (Seaweed) Extract, Mineral Oil, Petrolatum, Glycerin, Isohexadecane, Microcrystalline Wax, Lanolin Alcohol, Citrus Aurantifolia (Lime) Extract, Sesamum Indicum (Sesame) Seed Oil, Eucalyptus Globulus (Eucalyptus) Leaf Oil, Sesamum Indicum (Sesame) Seed Powder, Medicago Sativa (Alfalfa) Seed Powder, Helianthus Annuus (Sunflower) Seedcake, Prunus Amygdalus Dulcis (Sweet Almond) Seed Meal, Sodium Gluconate, Copper Gluconate, Calcium Gluconate, Magnesium Gluconate, Zinc Gluconate, Magnesium Sulfate, Paraffin, Tocopheryl Succinate, Niacin, Water, Beta-Carotene, Decyl Oleate, Aluminum Distearate, Octyldodecanol, Citric Acid, Cyanocobalamin, Magnesium Stearate, Panthenol, Limonene, Geraniol, Linalool, Hydroxycitronellal, Citronellol, Benzyl Salicylate, Citral, Sodium Benzoate, Alcohol Denat., Fragrance.""
 'Ürün adı: The Moisturizing Soft Cream\nMarka: LA MER\nKategori: Moisturizer\nFiyat: 175\nPuan: 3.8\nUygun cilt tipleri: Combination, Dry, Normal, Oily, Sensitive\n\nÜrün tanıtımı: Bu ürün, cildi nemlendirmeye ve yumuşatmaya yardımcı olan zengin içerikli bir nemlendiricidir. Çeşitli cilt tipleri için uygun olabilir.\nİçerik analizi: Ürün, yoğun nemlendirme sağlayan zengin emolyanlar, silikonlar, çeşitli bitkisel özler ve peptitler barındırır. Petrolatum, Shea Butter ve bazı yağ türevleri komedojenik risk taşıyabilir. Parfüm, limon kabuğu ve okaliptüs yağı gibi içerikler hassasiyet veya iritasyon riski yaratabilir.\n\nIngredients: Algae (Seaweed) Extract, Cyclopentasiloxane, Petrolatum, Glyceryl Distearate, Phenyl Trimethicone, Butylene Glycol, Hydrogenated Vegetable Oil, Cholesterol, Butyrospermum Parkii (Shea Butter), Steareth-10, Dimethicone, Glyceryl Stearate Se, Polysilicone-11, Sesamum Indicum (Sesame) Seed Oil, Medicago Sativa (Alfalfa) Seed Powder, Helianthus Annuus (Sunflower) Seedcake, Prunus Amygdalus Dulcis (Sweet Almond) Seed Meal, Eucalyptus Globulus (Eucalyptus) Leaf Oil, Sodium Gluconate, Copper Gluconate, Calcium Gluconate, Magnesium Gluconate, Zinc Gluconate, Tocopheryl Succinate, Niacin, Sesamum Indicum (Sesame) Seed Powder, Water, Citrus Aurantifolia (Lime) Peel Extract, Laminaria Digitata Extract, Crithmum Maritimum Extract, Salicornia Herbacea Extract, Plankton Extract, Chlorella Vulgaris Extract, Glycine Soja (Soybean) Seed Extract, Glycerin, Caffeine, Sea Salt/Maris Sal/Sel Marin, Micrococcus Lysate, Diethylhexyl Succinate, Adenosine Phosphate, Creatine, Hydrolyzed Algin, Isocetyl Stearoyl Stearate, Cetyl Alcohol, Sucrose, Acetyl Hexapeptide-8, Glucose Oxidase, Polyacrylamide, Acetyl Carnitine Hcl, Glucose, Caprylic/Capric Triglyceride, C13-14 Isoparaffin, Tocopheryl Acetate, Tetrahexyldecyl Ascorbate, Sodium Pca, Glycosaminoglycans, Urea, Distearyldimonium Chloride, Dipalmitoyl Hydroxyproline, Sodium Hyaluronate, Laureth-7, Lecithin, Trehalose, Polyquaternium-51, Lactoperoxidase, Hydroxypropyl Cyclodextrin, Cyanocobalamin, Pentylene Glycol, Fragrance, Disodium Edta, Bht, Citronellol, Hydroxycitronellal, Geraniol, Linalool, Limonene, Potassium Sorbate, Phenoxyethanol'
 ""Ürün adı: The Littles™\nMarka: DRUNK ELEPHANT\nKategori: Moisturizer\nFiyat: 90\nPuan: 4.4\nUygun cilt tipleri: Combination, Dry, Normal, Oily\n\nÜrün tanıtımı: The Littles™, Drunk Elephant'ın çeşitli cilt tiplerine uygun, kapsamlı bir cilt bakım rutini sunan mini ürün setidir. Temizleyiciden güneş koruyucuya kadar birçok temel ürünü içerir.\nİçerik analizi: Ürün seti, nemlendirici, antioksidan, eksfoliyan ve güneş koruyucu gibi farklı cilt ihtiyaçlarına yönelik zengin formüller sunar. Marula yağı ve çeşitli bitki özleri sıkça kullanılmıştır. Isopropyl Isostearate ve Sclerocarya Birrea Seed Oil bazı cilt tiplerinde komedojenik risk taşıyabilir. Ascorbic Acid, Glycolic Acid, Salicylic Acid, Lactic Acid, Citric Acid gibi aktifler ve Phenoxyethanol, Chlorphenesin hassasiyet/iritasyon riski yaratabilir. Niacinamide bazı kişilerde kızarıklığa neden olabilir.\n\nIngredients: Beste™ No.9 Jelly Cleanser: Water, Sodium Lauroyl Methyl Isethionate, Glycerin, Cocamidopropyl Betaine, Cocamidopropyl Hydroxysultaine, Sodium Methyl Oleoyl Taurate, Propanediol, Aloe Barbadensis Leaf Extract, Coco-Glucoside, Lauryl Glucoside, Cucumis Melo Cantalupensis Fruit Extract, Sclerocarya Birrea Seed Oil, Dipotassium Glycyrrhizate, Citric Acid, Phenoxyethanol, Sodium Benzoate, Sodium Chloride. C-Firma™ Day Serum: Water, Ethoxydiglycol, Ascorbic Acid, Glycerin, Laureth-23, Lactobacillus/Pumpkin Ferment Extract, Sclerocarya Birrea Seed Oil, Ferulic Acid, Sodium Hyaluronate, Chondrus Crispus Extract, Camellia Sinensis Leaf Extract, Lactobacillus/Punica Granatum Fruit Ferment Extract, Glycyrrhiza Glabra (Licorice) Root Extract, Vitis Vinifera (Grape) Juice Extract, Phyllanthus Emblica Fruit Extract, Hydrolyzed Wheat Protein, Tocopherol, Caprylhydroxamic Acid, Acetyl Glucosamine, Hydrolyzed Quinoa, Glutamylamidoethyl Imidazole, Dipotassium Glycyrrhizate, Tetrahydrodiferuloylmethane, Tetrahydrodemethoxydiferuloylmethane, Tetrahydrobisdemethoxydiferuloylmethane, Sodium Hyaluronate Crosspolymer, Glycine, Sucrose, Maltodextrin, Propanediol, Caprylyl Glycol, Sodium Hydroxide, Xanthan gum, Hydroxyethyl Acrylate/Sodium Acryloyldimethyl Taurate Copolymer, Isohexadecane, Polysorbate 60. B-Hydra™ Intensive Hydration Serum: Water,Coconut Alkanes, Ammonium Acryloyldimethyltaurate/VP Copolymer, Glycerin, Pentylene Glycol, Sclerocarya Birrea Seed Oil, Wheat Amino Acids, Ananas Sativus (Pineapple) Fruit Extract, Berberis Vulgaris Root Extract, Citrullus Lanatus (Watermelon) Fruit Extract, Lens Esculenta (Lentil) Fruit Extract, Pyrus Malus (Apple) Fruit Extract, Coco-Caprylate/Caprate, Panthenol, Sodium PCA, Sodium Hyaluronate Crosspolymer, Dipotassium Glycyrrhizate, Niacinamide, Cyclodextrin, Sodium Hyaluronate, Sodium Lactate, Phenoxyethanol, Hydroxyproline, Trisodium Ethylenediamine Disuccinate, Citric Acid, Caprylyl Glycol, Chlorphenesin, Ethylhexylglycerin. T.L.C. Framboos™ Glycolic Night Serum: Water, Glycolic Acid, Butylene Glycol, Glycerin, Sodium Hydroxide, Salicylic Acid, Lactic Acid, Citric Acid, Vitis Vinifera (Grape) Juice Extract, Aloe Barbadensis Leaf Juice, Opuntia Ficus-Indica Extract, Aesculus Hippocastanum (Horse Chestnut) Seed Extract, Camellia Sinensis Leaf Extract, Rubus Idaeus (Raspberry) Fruit Extract, Saccharomyces Cerevisiae Extract, Buddleja Davidii Meristem Cell Culture, Sclerocarya Birrea Seed Oil, Sodium Hyaluronate Crosspolymer, Allantoin, Hydroxyethylcellulose, Galactoarabinan, Propanediol, Disodium EDTA, Xanthan Gum, Hexylene Glycol, Phenoxyethanol, Caprylyl Glycol, Ethylhexylglycerin, Sodium Nitrate, Potassium Sorbate, Pentylene Glycol, Sodium Benzoate. Virgin Marula Luxury Facial Oil: Sclerocarya Birrea Seed OilLala Retro™Whipped CreamWater,Glycerin, Caprylic/ Capric Triglyceride, Isopropyl Isostearate, Pseudozyma Epicola/Camellia Sinensis Seed Oil/Glucose/Glycine Soja Meal/Malt Extract/Yeast Extract Ferment Filtrate (Pseudozyma Epicola/Camellia Sinensis Seed Oil/Glucose/Yeast Extract Ferment Filtrate), Stearic Acid, Glyceryl Stearate SE, Cetearyl Alcohol, Pentylene Glycol, Plantago Lanceolata Leaf Extract, Adansonia Digitata Seed Oil, Citrullus Lanatus (Watermelon) Seed Oil, Passiflora Edulis Seed Oil, Schinziophyton Rautanenii Kernel Oil, Sclerocarya Birrea Seed Oil, Polyglyceryl-6 Ximenia Americana Seedate, Sodium Hyaluronate Crosspolymer, Ceteareth-20, Trisodium Ethylenediamine Disuccinate, Sodium Hydroxide, Citric Acid, Carbomer, Xanthan Gum, Caprylyl Glycol, Chlorphenesin, Phenoxyethanol, Ethylhexylglycerin. Umbra™ Sheer Physical Daily Defense SPF 30: Zinc Oxide 20%, Water, Caprylic/Capric Triglyceride, Dicaprylyl Carbonate, Glycerin,Pentylene Glycol, Steareth-2, Propanediol, Steareth-21, Polyhydroxystearic Acid, Cetearyl Alcohol, Silica, Sclerocarya Birrea Seed Oil, Aloe Barbadensis Leaf Extract, Chondrus Crispus Extract, Haematococcus Pluvialis Extract, Helianthus Annuus (Sunflower) Sprout Extract, Vitis Vinifera (Grape) Juice Extract, Helianthus Annuus (Sunflower) Seed Oil, Simmondsia Chinensis (Jojoba) Seed Oil, Raspberry Seed Oil/Tocopheryl Succinate Aminopropanediol Esters, Hydrolyzed Wheat Protein,Tocopheryl Acetate, Tocopherol, Sea Water, Acetyl Glucosamine, Cetearyl Glucoside, Sodium Stearoyl Glutamate, Tetrahexyldecyl Ascorbate, Glycine, Sucrose, Lecithin, Triethoxycaprylylsilane, Xanthan Gum, Trisodium Ethylenediamine Disuccinate, Caprylhydroxamic Acid, Mica, Caprylyl Glycol, Phenoxyethanol, Titanium Dioxide (CI 77891), Iron Oxides (CI 77491). Shaba Complex™ Eye Serum: Water, Octyldodecanol, Glycerin, Boron Nitride, Saccharomyces/Xylinum/Black Tea Ferment, Coconut Alkanes, Cetyl Alcohol, Cetearyl Olivate, Sorbitan Olivate, Niacinamide, Copper Tripeptide-1, Leontopodium Alpinum Meristem Cell Culture, Dipeptide-2, Palmitoyl Tripeptide-1, Palmitoyl Tetrapeptide-7, Copper Lysinate/Prolinate, Hesperidin Methyl Chalcone, Chondrus Crispus (Carrageenan), Mangifera Indica (Mango) Seed Butter, Glycine Soja (Soybean) Oil, Hippophae Rhamnoides Oil, Sclerocarya Birrea Seed Oil, Sodium Hyaluronate Crosspolymer, Hydroxyethylcellulose, Coco-Caprylate/Caprate, Steareth-20, Lecithin, Panthenol, N-Hydroxysuccinimide, Ubiquinone, Citric Acid, Thioctic Acid, Tocopherol, Chrysin, Sclerotium Gum, Methylglucoside Phosphate, Xanthan Gum, Potassium Sorbate, Sodium Benzoate, Chlorphenesin, Caprylyl Glycol, Sodium Hydroxide, Phenoxyethanol, Pentylene Glycol, Ethylhexylglycerin.""]","Uygun cilt tipleri: Combination, Dry, Normal, Oily, Sensitive.","['a39ed2a19f44e024c760ac9ee4e1990ef316651340b02424158d8bc43e6bf64f'
 '65e4d1a65dfb3b0b0c62659612acd35456da133d9a069e9175116f09d8701fce'
 'af7306dc42136d29b5b522beae4a5d59999f2ab5a28ad43d5d66ac487e514680'
 '8cc86ba1e5d2afe30984613899405cea69f4f96cd1ccc3aae08963328a2c6b39'
 '652c6936b3b76a58c19c0a0c639d562ab0f579dd4c9dc9f29bdd1ab7af879191']",['a39ed2a19f44e024c760ac9ee4e1990ef316651340b02424158d8bc43e6bf64f'],1.0,1.0,0.9131173335098887
"Crème de la Mer Mini ürünün,n fiyatı nedir?",Crème de la Mer Mini ürününün fiyatı 85'tir.,"['Ürün adı: Crème de la Mer Mini\nMarka: LA MER\nKategori: Moisturizer\nFiyat: 85\nPuan: 4.1\nUygun cilt tipleri: Combination, Dry, Normal, Oily, Sensitive\n\nÜrün tanıtımı: LA MER Crème de la Mer Mini, çeşitli cilt tipleri için tasarlanmış bir nemlendiricidir. Cilde yoğun nem sağlamayı hedefleyebilir.\nİçerik analizi: Formül, yoğun nemlendirme ve cilt bariyerini desteklemeyi amaçlayan oklüzif ve nemlendirici içerikler açısından zengindir. Ayrıca çeşitli bitki özleri, vitaminler ve koku bileşenleri içerir. Lanolin Alcohol, Sesamum Indicum (Sesame) Seed Oil ve Decyl Oleate gibi içerikler komedojenik risk taşıyabilir. Alcohol Denat., Fragrance, Eucalyptus Globulus (Eucalyptus) Leaf Oil ve Limonene gibi bileşenler hassasiyet veya iritasyon riski yaratabilir.\n\nIngredients: Algae (Seaweed) Extract, Mineral Oil, Petrolatum, Glycerin, Isohexadecane, Microcrystalline Wax, Lanolin Alcohol, Citrus Aurantifolia (Lime) Extract, Sesamum Indicum (Sesame) Seed Oil, Eucalyptus Globulus (Eucalyptus) Leaf Oil, Sesamum Indicum (Sesame) Seed Powder, Medicago Sativa (Alfalfa) Seed Powder, Helianthus Annuus (Sunflower) Seedcake, Prunus Amygdalus Dulcis (Sweet Almond) Seed Meal, Sodium Gluconate, Copper Gluconate, Calcium Gluconate, Magnesium Gluconate, Zinc Gluconate, Magnesium Sulfate, Paraffin, Tocopheryl Succinate, Niacin, Water, Beta-Carotene, Decyl Oleate, Aluminum Distearate, Octyldodecanol, Citric Acid, Cyanocobalamin, Magnesium Stearate, Panthenol, Limonene, Geraniol, Linalool, Hydroxycitronellal, Citronellol, Benzyl Salicylate, Citral, Sodium Benzoate, Alcohol Denat., Fragrance.'
 'Ürün adı: Crème de la Mer\nMarka: LA MER\nKategori: Moisturizer\nFiyat: 175\nPuan: 4.1\nUygun cilt tipleri: Combination, Dry, Normal, Oily, Sensitive\n\nÜrün tanıtımı: Crème de la Mer, cildi nemlendirmeye yardımcı olan bir nemlendiricidir. Çeşitli cilt tipleri için uygun olabilir ve genel cilt bakımı rutininize eklenebilir.\nİçerik analizi: Ürün, mineral yağlar, petrolatum ve bitkisel özlerle zengin, yoğun nemlendirme odaklı bir formüle sahiptir. Mineral Oil, Petrolatum, Microcrystalline Wax, Paraffin ve Decyl Oleate komedojenik risk taşıyabilir. Lanolin Alcohol, Alcohol Denat., Fragrance, Limonene, Linalool, Citrus Aurantifolia (Lime) Extract ve Eucalyptus Globulus (Eucalyptus) Leaf Oil hassasiyet/iritasyon riski yaratabilir.\n\nIngredients: Algae (Seaweed) Extract, Mineral Oil, Petrolatum, Glycerin, Isohexadecane, Microcrystalline Wax, Lanolin Alcohol, Citrus Aurantifolia (Lime) Extract, Sesamum Indicum (Sesame) Seed Oil, Eucalyptus Globulus (Eucalyptus) Leaf Oil, Sesamum Indicum (Sesame) Seed Powder, Medicago Sativa (Alfalfa) Seed Powder, Helianthus Annuus (Sunflower) Seedcake, Prunus Amygdalus Dulcis (Sweet Almond) Seed Meal, Sodium Gluconate, Copper Gluconate, Calcium Gluconate, Magnesium Gluconate, Zinc Gluconate, Magnesium Sulfate, Paraffin, Tocopheryl Succinate, Niacin, Water, Beta-Carotene, Decyl Oleate, Aluminum Distearate, Octyldodecanol, Citric Acid, Cyanocobalamin, Magnesium Stearate, Panthenol, Limonene, Geraniol, Linalool, Hydroxycitronellal, Citronellol, Benzyl Salicylate, Citral, Sodium Benzoate, Alcohol Denat., Fragrance.'
 ""Ürün adı: Little Miss Miracle Limited-Edition Crème de la Mer\nMarka: LA MER\nKategori: Moisturizer\nFiyat: 325\nPuan: 5.0\nUygun cilt tipleri: Belirlenemedi\n\nÜrün tanıtımı: Little Miss Miracle Limited-Edition Crème de la Mer, LA MER'in özel bir nemlendiricisidir. Cildi nemlendirmeye ve beslemeye yardımcı olmayı hedefleyen lüks bir üründür.\nİçerik analizi: Formül, yoğun nemlendirme ve bariyer desteği sağlayan oklüzif ve emoliyan içeriklerle zengindir. Mineral Oil, Petrolatum, Microcrystalline Wax, Lanolin Alcohol, Sesamum Indicum (Sesame) Seed Oil, Paraffin, Decyl Oleate, Magnesium Stearate komedojenik risk taşıyabilir. Fragrance, Limonene, Geraniol, Linalool, Hydroxycitronellal, Citronellol, Benzyl Salicylate, Citral, Alcohol Denat., Citrus Aurantifolia (Lime) Extract, Eucalyptus Globulus (Eucalyptus) Leaf Oil hassasiyet/iritasyon riski yaratabilir.\n\nIngredients: Algae (Seaweed) Extract, Mineral Oil, Petrolatum, Glycerin, Isohexadecane, Microcrystalline Wax, Lanolin Alcohol, Citrus Aurantifolia (Lime) Extract, Sesamum Indicum (Sesame) Seed Oil, Eucalyptus Globulus (Eucalyptus) Leaf Oil, Sesamum Indicum (Sesame) Seed Powder, Medicago Sativa (Alfalfa) Seed Powder, Helianthus Annuus (Sunflower) Seedcake, Prunus Amygdalus Dulcis (Sweet Almond) Seed Meal, Sodium Gluconate, Copper Gluconate, Calcium Gluconate, Magnesium Gluconate, Zinc Gluconate, Magnesium Sulfate, Paraffin, Tocopheryl Succinate, Niacin, Water, Beta-Carotene, Decyl Oleate, Aluminum Distearate, Octyldodecanol, Citric Acid, Cyanocobalamin, Magnesium Stearate, Panthenol, Limonene, Geraniol, Linalool, Hydroxycitronellal, Citronellol, Benzyl Salicylate, Citral, Sodium Benzoate, Alcohol Denat., Fragrance.""
 'Ürün adı: The Moisturizing Soft Cream\nMarka: LA MER\nKategori: Moisturizer\nFiyat: 175\nPuan: 3.8\nUygun cilt tipleri: Combination, Dry, Normal, Oily, Sensitive\n\nÜrün tanıtımı: Bu ürün, cildi nemlendirmeye ve yumuşatmaya yardımcı olan zengin içerikli bir nemlendiricidir. Çeşitli cilt tipleri için uygun olabilir.\nİçerik analizi: Ürün, yoğun nemlendirme sağlayan zengin emolyanlar, silikonlar, çeşitli bitkisel özler ve peptitler barındırır. Petrolatum, Shea Butter ve bazı yağ türevleri komedojenik risk taşıyabilir. Parfüm, limon kabuğu ve okaliptüs yağı gibi içerikler hassasiyet veya iritasyon riski yaratabilir.\n\nIngredients: Algae (Seaweed) Extract, Cyclopentasiloxane, Petrolatum, Glyceryl Distearate, Phenyl Trimethicone, Butylene Glycol, Hydrogenated Vegetable Oil, Cholesterol, Butyrospermum Parkii (Shea Butter), Steareth-10, Dimethicone, Glyceryl Stearate Se, Polysilicone-11, Sesamum Indicum (Sesame) Seed Oil, Medicago Sativa (Alfalfa) Seed Powder, Helianthus Annuus (Sunflower) Seedcake, Prunus Amygdalus Dulcis (Sweet Almond) Seed Meal, Eucalyptus Globulus (Eucalyptus) Leaf Oil, Sodium Gluconate, Copper Gluconate, Calcium Gluconate, Magnesium Gluconate, Zinc Gluconate, Tocopheryl Succinate, Niacin, Sesamum Indicum (Sesame) Seed Powder, Water, Citrus Aurantifolia (Lime) Peel Extract, Laminaria Digitata Extract, Crithmum Maritimum Extract, Salicornia Herbacea Extract, Plankton Extract, Chlorella Vulgaris Extract, Glycine Soja (Soybean) Seed Extract, Glycerin, Caffeine, Sea Salt/Maris Sal/Sel Marin, Micrococcus Lysate, Diethylhexyl Succinate, Adenosine Phosphate, Creatine, Hydrolyzed Algin, Isocetyl Stearoyl Stearate, Cetyl Alcohol, Sucrose, Acetyl Hexapeptide-8, Glucose Oxidase, Polyacrylamide, Acetyl Carnitine Hcl, Glucose, Caprylic/Capric Triglyceride, C13-14 Isoparaffin, Tocopheryl Acetate, Tetrahexyldecyl Ascorbate, Sodium Pca, Glycosaminoglycans, Urea, Distearyldimonium Chloride, Dipalmitoyl Hydroxyproline, Sodium Hyaluronate, Laureth-7, Lecithin, Trehalose, Polyquaternium-51, Lactoperoxidase, Hydroxypropyl Cyclodextrin, Cyanocobalamin, Pentylene Glycol, Fragrance, Disodium Edta, Bht, Citronellol, Hydroxycitronellal, Geraniol, Linalool, Limonene, Potassium Sorbate, Phenoxyethanol'
 ""Ürün adı: The Littles™\nMarka: DRUNK ELEPHANT\nKategori: Moisturizer\nFiyat: 90\nPuan: 4.4\nUygun cilt tipleri: Combination, Dry, Normal, Oily\n\nÜrün tanıtımı: The Littles™, Drunk Elephant'ın çeşitli cilt tiplerine uygun, kapsamlı bir cilt bakım rutini sunan mini ürün setidir. Temizleyiciden güneş koruyucuya kadar birçok temel ürünü içerir.\nİçerik analizi: Ürün seti, nemlendirici, antioksidan, eksfoliyan ve güneş koruyucu gibi farklı cilt ihtiyaçlarına yönelik zengin formüller sunar. Marula yağı ve çeşitli bitki özleri sıkça kullanılmıştır. Isopropyl Isostearate ve Sclerocarya Birrea Seed Oil bazı cilt tiplerinde komedojenik risk taşıyabilir. Ascorbic Acid, Glycolic Acid, Salicylic Acid, Lactic Acid, Citric Acid gibi aktifler ve Phenoxyethanol, Chlorphenesin hassasiyet/iritasyon riski yaratabilir. Niacinamide bazı kişilerde kızarıklığa neden olabilir.\n\nIngredients: Beste™ No.9 Jelly Cleanser: Water, Sodium Lauroyl Methyl Isethionate, Glycerin, Cocamidopropyl Betaine, Cocamidopropyl Hydroxysultaine, Sodium Methyl Oleoyl Taurate, Propanediol, Aloe Barbadensis Leaf Extract, Coco-Glucoside, Lauryl Glucoside, Cucumis Melo Cantalupensis Fruit Extract, Sclerocarya Birrea Seed Oil, Dipotassium Glycyrrhizate, Citric Acid, Phenoxyethanol, Sodium Benzoate, Sodium Chloride. C-Firma™ Day Serum: Water, Ethoxydiglycol, Ascorbic Acid, Glycerin, Laureth-23, Lactobacillus/Pumpkin Ferment Extract, Sclerocarya Birrea Seed Oil, Ferulic Acid, Sodium Hyaluronate, Chondrus Crispus Extract, Camellia Sinensis Leaf Extract, Lactobacillus/Punica Granatum Fruit Ferment Extract, Glycyrrhiza Glabra (Licorice) Root Extract, Vitis Vinifera (Grape) Juice Extract, Phyllanthus Emblica Fruit Extract, Hydrolyzed Wheat Protein, Tocopherol, Caprylhydroxamic Acid, Acetyl Glucosamine, Hydrolyzed Quinoa, Glutamylamidoethyl Imidazole, Dipotassium Glycyrrhizate, Tetrahydrodiferuloylmethane, Tetrahydrodemethoxydiferuloylmethane, Tetrahydrobisdemethoxydiferuloylmethane, Sodium Hyaluronate Crosspolymer, Glycine, Sucrose, Maltodextrin, Propanediol, Caprylyl Glycol, Sodium Hydroxide, Xanthan gum, Hydroxyethyl Acrylate/Sodium Acryloyldimethyl Taurate Copolymer, Isohexadecane, Polysorbate 60. B-Hydra™ Intensive Hydration Serum: Water,Coconut Alkanes, Ammonium Acryloyldimethyltaurate/VP Copolymer, Glycerin, Pentylene Glycol, Sclerocarya Birrea Seed Oil, Wheat Amino Acids, Ananas Sativus (Pineapple) Fruit Extract, Berberis Vulgaris Root Extract, Citrullus Lanatus (Watermelon) Fruit Extract, Lens Esculenta (Lentil) Fruit Extract, Pyrus Malus (Apple) Fruit Extract, Coco-Caprylate/Caprate, Panthenol, Sodium PCA, Sodium Hyaluronate Crosspolymer, Dipotassium Glycyrrhizate, Niacinamide, Cyclodextrin, Sodium Hyaluronate, Sodium Lactate, Phenoxyethanol, Hydroxyproline, Trisodium Ethylenediamine Disuccinate, Citric Acid, Caprylyl Glycol, Chlorphenesin, Ethylhexylglycerin. T.L.C. Framboos™ Glycolic Night Serum: Water, Glycolic Acid, Butylene Glycol, Glycerin, Sodium Hydroxide, Salicylic Acid, Lactic Acid, Citric Acid, Vitis Vinifera (Grape) Juice Extract, Aloe Barbadensis Leaf Juice, Opuntia Ficus-Indica Extract, Aesculus Hippocastanum (Horse Chestnut) Seed Extract, Camellia Sinensis Leaf Extract, Rubus Idaeus (Raspberry) Fruit Extract, Saccharomyces Cerevisiae Extract, Buddleja Davidii Meristem Cell Culture, Sclerocarya Birrea Seed Oil, Sodium Hyaluronate Crosspolymer, Allantoin, Hydroxyethylcellulose, Galactoarabinan, Propanediol, Disodium EDTA, Xanthan Gum, Hexylene Glycol, Phenoxyethanol, Caprylyl Glycol, Ethylhexylglycerin, Sodium Nitrate, Potassium Sorbate, Pentylene Glycol, Sodium Benzoate. Virgin Marula Luxury Facial Oil: Sclerocarya Birrea Seed OilLala Retro™Whipped CreamWater,Glycerin, Caprylic/ Capric Triglyceride, Isopropyl Isostearate, Pseudozyma Epicola/Camellia Sinensis Seed Oil/Glucose/Glycine Soja Meal/Malt Extract/Yeast Extract Ferment Filtrate (Pseudozyma Epicola/Camellia Sinensis Seed Oil/Glucose/Yeast Extract Ferment Filtrate), Stearic Acid, Glyceryl Stearate SE, Cetearyl Alcohol, Pentylene Glycol, Plantago Lanceolata Leaf Extract, Adansonia Digitata Seed Oil, Citrullus Lanatus (Watermelon) Seed Oil, Passiflora Edulis Seed Oil, Schinziophyton Rautanenii Kernel Oil, Sclerocarya Birrea Seed Oil, Polyglyceryl-6 Ximenia Americana Seedate, Sodium Hyaluronate Crosspolymer, Ceteareth-20, Trisodium Ethylenediamine Disuccinate, Sodium Hydroxide, Citric Acid, Carbomer, Xanthan Gum, Caprylyl Glycol, Chlorphenesin, Phenoxyethanol, Ethylhexylglycerin. Umbra™ Sheer Physical Daily Defense SPF 30: Zinc Oxide 20%, Water, Caprylic/Capric Triglyceride, Dicaprylyl Carbonate, Glycerin,Pentylene Glycol, Steareth-2, Propanediol, Steareth-21, Polyhydroxystearic Acid, Cetearyl Alcohol, Silica, Sclerocarya Birrea Seed Oil, Aloe Barbadensis Leaf Extract, Chondrus Crispus Extract, Haematococcus Pluvialis Extract, Helianthus Annuus (Sunflower) Sprout Extract, Vitis Vinifera (Grape) Juice Extract, Helianthus Annuus (Sunflower) Seed Oil, Simmondsia Chinensis (Jojoba) Seed Oil, Raspberry Seed Oil/Tocopheryl Succinate Aminopropanediol Esters, Hydrolyzed Wheat Protein,Tocopheryl Acetate, Tocopherol, Sea Water, Acetyl Glucosamine, Cetearyl Glucoside, Sodium Stearoyl Glutamate, Tetrahexyldecyl Ascorbate, Glycine, Sucrose, Lecithin, Triethoxycaprylylsilane, Xanthan Gum, Trisodium Ethylenediamine Disuccinate, Caprylhydroxamic Acid, Mica, Caprylyl Glycol, Phenoxyethanol, Titanium Dioxide (CI 77891), Iron Oxides (CI 77491). Shaba Complex™ Eye Serum: Water, Octyldodecanol, Glycerin, Boron Nitride, Saccharomyces/Xylinum/Black Tea Ferment, Coconut Alkanes, Cetyl Alcohol, Cetearyl Olivate, Sorbitan Olivate, Niacinamide, Copper Tripeptide-1, Leontopodium Alpinum Meristem Cell Culture, Dipeptide-2, Palmitoyl Tripeptide-1, Palmitoyl Tetrapeptide-7, Copper Lysinate/Prolinate, Hesperidin Methyl Chalcone, Chondrus Crispus (Carrageenan), Mangifera Indica (Mango) Seed Butter, Glycine Soja (Soybean) Oil, Hippophae Rhamnoides Oil, Sclerocarya Birrea Seed Oil, Sodium Hyaluronate Crosspolymer, Hydroxyethylcellulose, Coco-Caprylate/Caprate, Steareth-20, Lecithin, Panthenol, N-Hydroxysuccinimide, Ubiquinone, Citric Acid, Thioctic Acid, Tocopherol, Chrysin, Sclerotium Gum, Methylglucoside Phosphate, Xanthan Gum, Potassium Sorbate, Sodium Benzoate, Chlorphenesin, Caprylyl Glycol, Sodium Hydroxide, Phenoxyethanol, Pentylene Glycol, Ethylhexylglycerin.""]",Fiyat: 85.,"['a39ed2a19f44e024c760ac9ee4e1990ef316651340b02424158d8bc43e6bf64f'
 '65e4d1a65dfb3b0b0c62659612acd35456da133d9a069e9175116f09d8701fce'
 'af7306dc42136d29b5b522beae4a5d59999f2ab5a28ad43d5d66ac487e514680'
 '8cc86ba1e5d2afe30984613899405cea69f4f96cd1ccc3aae08963328a2c6b39'
 '652c6936b3b76a58c19c0a0c639d562ab0f579dd4c9dc9f29bdd1ab7af879191']",['a39ed2a19f44e024c760ac9ee4e1990ef316651340b02424158d8bc43e6bf64f'],1.0,1.0,0.9048592307492987
FRESH markasının Lotus Youth Preserve Moisturizer ürününün puanı kaç?,FRESH markasının Lotus Youth Preserve Moisturizer ürününün puanı 4.3'tür.,"['Ürün adı: Lotus Youth Preserve Moisturizer\nMarka: FRESH\nKategori: Moisturizer\nFiyat: 45\nPuan: 4.3\nUygun cilt tipleri: Belirlenemedi\n\nÜrün tanıtımı: Bu nemlendirici, cildi nemlendirmeye ve beslemeye yardımcı olan çeşitli bitki özleri ve nemlendiriciler içerir. Cildin daha genç bir görünüm kazanmasına destek olabilir.\nİçerik analizi: Bu formül, nemlendirme ve antioksidan destek sağlamayı hedefleyen çeşitli nemlendiriciler, yumuşatıcılar ve bitki özleri içerir. Cilde nem çekmeye ve nemi korumaya yardımcı bileşenler barındırır. Cetearyl Alcohol, Cetyl Alcohol, Stearyl Alcohol gibi bazı yağ alkolleri komedojenik risk taşıyabilir. Citrus Limon (Lemon) Peel Oil, Limonene, Citral gibi koku bileşenleri hassasiyet/iritasyon riski yaratabilir.\n\nIngredients: Water, Glycerin, Propylene Glycol Dicaprylate/Dicaprate, Pentylene Glycol, Cetearyl Alcohol, Caprylic/Capric Triglyceride, Cetearyl Isononanoate, Betaine, Polymethyl Methacrylate, Steareth-21, Ficus Carica (Fig) Fruit Extract, Lepidium Meyenii Root Extract, Citrus Limon (Lemon) Peel Oil, Cucumis Sativus (Cucumber) Fruit Extract, Algae Extract, Nelumbo Nucifera Flower Extract, Hibiscus Esculentus Fruit Extract, Sodium Hyaluronate, Tocopheryl Acetate, Ascorbyl Tetraisopalmitate, Tocopherol, Behenyl Alcohol, Cetearyl Glucoside, Sorbitol, Dimethicone, Sodium PCA, Caprylyl Glycol, Carbomer, Tromethamine, Cetyl Alcohol, Stearyl Alcohol, Butylene Glycol, Xanthan Gum, Caramel, Citric Acid, Potassium Sorbate, Sorbic Acid, Phenoxyethanol, Limonene, Citral.'
 'Ürün adı: Rose Deep Hydration Moisturizer\nMarka: FRESH\nKategori: Moisturizer\nFiyat: 40\nPuan: 4.4\nUygun cilt tipleri: Belirlenemedi\n\nÜrün tanıtımı: Fresh Rose Deep Hydration Moisturizer, cildi nemlendirmeyi hedefleyen bir üründür. İçeriğindeki gül özleri ve nemlendirici bileşenlerle cilde derinlemesine nem sağlamayı amaçlar.\nİçerik analizi: Ürün, yoğun nemlendirme ve cilt bariyerini desteklemeyi hedefleyen bir formüle sahiptir. Gliserin ve sodyum hyaluronat gibi nemlendiriciler içerir. Behenyl Alcohol ve Prunus Domestica Seed Oil gibi içerikler komedojenik risk taşıyabilir. Fragrance, Citronellol ve Geraniol hassasiyet/iritasyon riski yaratabilir.\n\nIngredients: Water, Glycerin, EthylhexylIsononanoate, Butylene Glycol, Pentylene Glycol, Propanediol,Caprylyl Methicone, Isostearyl Isostearate, Dimethicone, BehenylAlcohol, Nylon-6/12, Steareth-2, Xanthan Gum, PrunusDomestica Seed Oil, Rosa Damascena Flower Water, Algin,Angelica Keiskei Extract, Acacia Senegal Gum, Cucumis Sativus(Cucumber) Fruit Extract, Rosa Damascena Flower Oil, SodiumHyaluronate, Tocopheryl Acetate, Ammonium Acryloyldimethy-ltaurate/VP Copolymer, Steareth-21, Polyacrylamide, C13-14Isoparaffin, Acrylates/C10-30 Alkyl Acrylate Crosspolymer, Tromethamine, Dimethiconol, Laureth-7, Tetrasodium EDTA,Caprylic/Capric Triglyceride, BHT, Caramel, Serine, Fragrance, Phenoxyethanol, Citronellol, Geraniol.'
 'Ürün adı: Your Skin But Better™ CC+™ Cream with SPF 50+\nMarka: IT COSMETICS\nKategori: Moisturizer\nFiyat: 38\nPuan: 4.1\nUygun cilt tipleri: Combination, Dry, Normal, Oily, Sensitive\n\nÜrün tanıtımı: Bu ürün, cilde renk eşitleme ve yüksek SPF 50+ güneş koruması sunan, nemlendirici özelliklere sahip bir CC kremidir. Cilt tonunu eşitlemeye ve nemlendirmeye yardımcı olabilir.\nİçerik analizi: Ürün, nemlendirici, SPF ve çeşitli aktif bileşenler içeren zengin bir formüle sahiptir. Salyangoz salgısı filtratı, silikonlar, bitkisel yağlar ve vitaminler içerir. Stearik Asit, Orbignya Oleifera Seed Oil ve Persea Gratissima (Avocado) Oil komedojenik risk taşıyabilir. Narenciye yağları (Citrus Medica Limonum Peel Oil, Citrus Aurantium Bergamia Fruit Oil vb.) ve Eucalyptus Globulus Leaf Oil hassasiyet/iritasyon riski yaratabilir. Chlorhexidine Digluconate de hassasiyet riski taşıyabilir.\n\nIngredients: Water, Snail Secretion Filtrate, Phenyl Trimethicone, Dimethicone, Butylene Glycol, Butylene Glycol Dicaprylate/Dicaprate, Orbignya Oleifera Seed Oil, Butyloctyl Salicylate, Cetyl Peg/Ppg-10/1 Dimethicone, Cyclopentasiloxane, Cyclohexasiloxane, Magnesium Sulfate, Polyglyceryl-4 Isostearate, Dimethicone/Vinyl Dimethicone Crosspolymer, Aluminum Hydroxide, Hexyl Laurate, Stearic Acid, Calcium Stearate, Caprylyl Glycol, Triethoxycaprylylsilane, Ethylhexylglycerin, Citrus Medica Limonum (Lemon) Peel Oil, Tocopheryl Acetate, Sorbitan Isostearate, Phenoxyethanol, Citrus Aurantium Bergamia (Bergamot) Fruit Oil, 1,2-Hexanediol, Disodium Edta, Citrus Aurantium Dulcis (Orange) Peel Oil, Citrus Aurantifolia (Lime) Oil, Vitis Vinifera (Grape) Seed Oil, Punica Granatum Seed Oil, Pinus Sylvestris Leaf Oil, Persea Gratissima (Avocado) Oil, Niacinamide, Citrus Grandis (Grapefruit) Peel Oil, Cholesterol, Anthemis Nobilis Flower Water, Lactobacillus/Honeysuckle Flower/Licorice Root/Morus Alba Root/Pueraria Lobata Root/Schizandra Chinensis Fruit/Scutellaria Baicalensis Root/Sophora Japonica Flower Extract Ferment Filtrate, Perfluorohexane, Olea Europaea (Olive) Leaf Extract, Glycerin, Eucalyptus Globulus Leaf Oil, Camellia Sinensis Leaf Extract, Chrysanthemum Indicum Flower Extract, Pueraria Lobata Root Extract, Perfluorodecalin, Morus Alba Fruit Extract, Magnolia Kobus Bark Extract, Glycine Soja (Soybean) Sprout Extract, Diospyros Kaki Leaf Extract, Cinnamomum Cassia Bark Extract, Artemisia Princeps Leaf Extract, Pentafluoropropane, Curcuma Longa (Turmeric) Root Extract, Steareth-20, Hydrolyzed Hyaluronic Acid, Colloidal Oatmeal, Hydrolyzed Silk, Citric Acid, Sodium Benzoate, Potassium Sorbate, Aloe Barbadensis Leaf Extract, N-Hydroxysuccinimide, Hydrolyzed Collagen, Caprylhydroxamic Acid, Tocopherol, Thiamine Hcl, Riboflavin, Retinyl Palmitate, Pantothenic Acid, Palmitoyl Oligopeptide, Niacin, Folic Acid, Chrysin, Carnitine Hcl, Biotin, Ascorbic Acid, Palmitoyl Tetrapeptide-7, Chlorhexidine Digluconate. May Contain: Iron Oxides (Ci 77492, Ci 77491, Ci 77499).'
 ""Ürün adı: Honeymoon Glow AHA Resurfacing Night Serum with Echinacea GreenEnvy™\nMarka: FARMACY\nKategori: Moisturizer\nFiyat: 58\nPuan: 4.6\nUygun cilt tipleri: Combination, Dry, Normal, Oily, Sensitive\n\nÜrün tanıtımı: Bu gece serumu, AHA'lar ve ekinezya içeren formülüyle cildin yenilenmesine ve daha ışıltılı bir görünüm kazanmasına yardımcı olabilir. Çeşitli cilt tipleri için uygun olduğu belirtilmiştir.\nİçerik analizi: Bu formül, Laktik ve Glikolik Asit gibi AHA'lar ile cildi yenilemeyi hedeflerken, çeşitli bitkisel yağlar ve hyaluronik asit türevleri ile nemlendirme ve yatıştırma sağlamayı amaçlar. Arı ürünleri ve zengin bitki özleri de içerir. Jojoba Esters ve Cetearyl Alcohol gibi bazı içerikler, bazı cilt tiplerinde komedojenik risk taşıyabilir. Laktik Asit, Glikolik Asit, Sitrik Asit, Salix Alba (Willow) Bark Extract, Citrus Limon (Lemon) Fruit Extract, Zingiber Officinale (Ginger) Root Extract ve Citral gibi içerikler hassasiyet veya iritasyon riski yaratabilir.\n\nIngredients: Water, Lactic Acid, Propanediol, Jojoba Esters, Glycolic Acid, Potassium Hydroxide, Salix Alba (Willow) Bark Extract, Carthamus Tinctorius (Safflower) Oleosomes, Vitis Vinifera (Grape) Seed Oil, Hibiscus Sabdariffa Flower Extract, Citric Acid, Honey Extract, Echinacea Purpurea Root Extract, Propolis Extract, Royal Jelly Extract, Hydrolyzed Sodium Hyaluronate, Hydrolyzed Hyaluronic Acid, Curcuma Longa (Turmeric) Root Extract, Argania Spinosa Kernel Oil, Zingiber Officinale (Ginger) Root Extract, Amaranthus Caudatus Seed Oil, Limnanthes Alba (Meadowfoam) Seed Oil, Vaccinium Myrtillus Fruit/Leaf Extract, Saccharum Officinarum (Sugarcane) Extract, Citrus Aurantium Dulcis (Orange) Fruit Extract, Citrus Limon (Lemon) Fruit Extract, Acer Saccharum (Sugar Maple) Extract, Melia Azadirachta Leaf Extract, Helianthus Annuus (Sunflower) Seed Oil, Melia Azadirachta Flower Extract, Salvia Hispanica Seed Oil, Cetearyl Alcohol, Glycerin, Arachidyl Alcohol, Sclerotium Gum, Coco-Glucoside, Polyacrylate Crosspolymer-6, Behenyl Alcohol, Arachidyl Glucoside, Sodium Benzoate, Tocopherol, Potassium Sorbate, Corallina Officinalis Extract, Polyglyceryl-10 Stearate, Gluconolactone, 1,2-Hexanediol, Ocimum Basilicum (Basil) Flower/Leaf Extract, Ocimum Sanctum Leaf Extract, T-Butyl Alcohol, Glucose, Calcium Gluconate, Citral.""
 'Ürün adı: The Water Cream\nMarka: TATCHA\nKategori: Moisturizer\nFiyat: 68\nPuan: 4.2\nUygun cilt tipleri: Combination, Normal, Oily, Sensitive\n\nÜrün tanıtımı: TATCHA The Water Cream, karma, normal, yağlı ve hassas cilt tipleri için tasarlanmış hafif bir nemlendiricidir. Cilde nem sağlamayı ve dengelemeyi hedefleyen Hadasei-3 gibi içerikler barındırır.\nİçerik analizi: Bu formül, nemlendirme ve cilt kondisyonu için fermente içerikler, silikonlar ve çeşitli bitki özleri içerir. Sodyum Klorür komedojenik risk taşıyabilir. Parfüm/Fragrance ve Alkol hassasiyet/iritasyon riski yaratabilir.\n\nIngredients: Water, Saccharomyces/Camellia Sinensis Leaf/Cladosiphon Okamuranus/Rice Ferment Filtrate*, Dimethicone, Propanediol, Glycerin, Diglycerin, Diphenylsiloxy Phenyl Trimethicone, Gold, Belamcanda Chinensis Root Extract, Rosa Multiflora Fruit Extract, Houttuynia Cordata Extract, Sophora Angustifolia Root Extract, Sodium Hyaluronate, Lecithin, Pistacia Lentiscus (Mastic) Gum, Sodium Chloride, Sodium Citrate, Mica, Peg-9 Polydimethylsiloxyethyl Dimethicone, Dimethicone/Peg-10/15 Crosspolymer, Dimethicone/Phenyl Vinyl Dimethicone Crosspolymer, Disodium Edta, Tin Oxide, Titanium Dioxide, Butylene Glycol, Ethylhexylglycerin, Parfum/Fragrance, Alcohol, Phenoxyethanol. *Hadasei-3.']",Puan: 4.3.,"['544c5b4f7ef25fb4f074afdfc342bfe9888aebed2373198a20e12bf041bdf646'
 'b9f66dd877e43fcdbdaeea290c23a473aa19171380bd9ac746d6c46123f38710'
 '02415a33943b2cc65c009174fd5b3f5a0cffb6f23d553fd8266e9b7f26f16cc0'
 '20ce764b52496eeafeb50b1be4dcf0e77464a0795fe242ffa2f1d5b06723aa92'
 '1ed4a690fab7fbe6a3af924503e394f4f2ee9163677f565770bc5854c289d1f7']",['544c5b4f7ef25fb4f074afdfc342bfe9888aebed2373198a20e12bf041bdf646'],1.0,1.0,0.8969325458976515
Lotus Youth Preserve Moisturizer ürünü hangi cilt tipleri için uygundur?,Lotus Youth Preserve Moisturizer için uygun cilt tipleri belirlenemedi.,"['Ürün adı: Lotus Youth Preserve Moisturizer\nMarka: FRESH\nKategori: Moisturizer\nFiyat: 45\nPuan: 4.3\nUygun cilt tipleri: Belirlenemedi\n\nÜrün tanıtımı: Bu nemlendirici, cildi nemlendirmeye ve beslemeye yardımcı olan çeşitli bitki özleri ve nemlendiriciler içerir. Cildin daha genç bir görünüm kazanmasına destek olabilir.\nİçerik analizi: Bu formül, nemlendirme ve antioksidan destek sağlamayı hedefleyen çeşitli nemlendiriciler, yumuşatıcılar ve bitki özleri içerir. Cilde nem çekmeye ve nemi korumaya yardımcı bileşenler barındırır. Cetearyl Alcohol, Cetyl Alcohol, Stearyl Alcohol gibi bazı yağ alkolleri komedojenik risk taşıyabilir. Citrus Limon (Lemon) Peel Oil, Limonene, Citral gibi koku bileşenleri hassasiyet/iritasyon riski yaratabilir.\n\nIngredients: Water, Glycerin, Propylene Glycol Dicaprylate/Dicaprate, Pentylene Glycol, Cetearyl Alcohol, Caprylic/Capric Triglyceride, Cetearyl Isononanoate, Betaine, Polymethyl Methacrylate, Steareth-21, Ficus Carica (Fig) Fruit Extract, Lepidium Meyenii Root Extract, Citrus Limon (Lemon) Peel Oil, Cucumis Sativus (Cucumber) Fruit Extract, Algae Extract, Nelumbo Nucifera Flower Extract, Hibiscus Esculentus Fruit Extract, Sodium Hyaluronate, Tocopheryl Acetate, Ascorbyl Tetraisopalmitate, Tocopherol, Behenyl Alcohol, Cetearyl Glucoside, Sorbitol, Dimethicone, Sodium PCA, Caprylyl Glycol, Carbomer, Tromethamine, Cetyl Alcohol, Stearyl Alcohol, Butylene Glycol, Xanthan Gum, Caramel, Citric Acid, Potassium Sorbate, Sorbic Acid, Phenoxyethanol, Limonene, Citral.'
 'Ürün adı: Your Skin But Better™ CC+™ Cream with SPF 50+\nMarka: IT COSMETICS\nKategori: Moisturizer\nFiyat: 38\nPuan: 4.1\nUygun cilt tipleri: Combination, Dry, Normal, Oily, Sensitive\n\nÜrün tanıtımı: Bu ürün, cilde renk eşitleme ve yüksek SPF 50+ güneş koruması sunan, nemlendirici özelliklere sahip bir CC kremidir. Cilt tonunu eşitlemeye ve nemlendirmeye yardımcı olabilir.\nİçerik analizi: Ürün, nemlendirici, SPF ve çeşitli aktif bileşenler içeren zengin bir formüle sahiptir. Salyangoz salgısı filtratı, silikonlar, bitkisel yağlar ve vitaminler içerir. Stearik Asit, Orbignya Oleifera Seed Oil ve Persea Gratissima (Avocado) Oil komedojenik risk taşıyabilir. Narenciye yağları (Citrus Medica Limonum Peel Oil, Citrus Aurantium Bergamia Fruit Oil vb.) ve Eucalyptus Globulus Leaf Oil hassasiyet/iritasyon riski yaratabilir. Chlorhexidine Digluconate de hassasiyet riski taşıyabilir.\n\nIngredients: Water, Snail Secretion Filtrate, Phenyl Trimethicone, Dimethicone, Butylene Glycol, Butylene Glycol Dicaprylate/Dicaprate, Orbignya Oleifera Seed Oil, Butyloctyl Salicylate, Cetyl Peg/Ppg-10/1 Dimethicone, Cyclopentasiloxane, Cyclohexasiloxane, Magnesium Sulfate, Polyglyceryl-4 Isostearate, Dimethicone/Vinyl Dimethicone Crosspolymer, Aluminum Hydroxide, Hexyl Laurate, Stearic Acid, Calcium Stearate, Caprylyl Glycol, Triethoxycaprylylsilane, Ethylhexylglycerin, Citrus Medica Limonum (Lemon) Peel Oil, Tocopheryl Acetate, Sorbitan Isostearate, Phenoxyethanol, Citrus Aurantium Bergamia (Bergamot) Fruit Oil, 1,2-Hexanediol, Disodium Edta, Citrus Aurantium Dulcis (Orange) Peel Oil, Citrus Aurantifolia (Lime) Oil, Vitis Vinifera (Grape) Seed Oil, Punica Granatum Seed Oil, Pinus Sylvestris Leaf Oil, Persea Gratissima (Avocado) Oil, Niacinamide, Citrus Grandis (Grapefruit) Peel Oil, Cholesterol, Anthemis Nobilis Flower Water, Lactobacillus/Honeysuckle Flower/Licorice Root/Morus Alba Root/Pueraria Lobata Root/Schizandra Chinensis Fruit/Scutellaria Baicalensis Root/Sophora Japonica Flower Extract Ferment Filtrate, Perfluorohexane, Olea Europaea (Olive) Leaf Extract, Glycerin, Eucalyptus Globulus Leaf Oil, Camellia Sinensis Leaf Extract, Chrysanthemum Indicum Flower Extract, Pueraria Lobata Root Extract, Perfluorodecalin, Morus Alba Fruit Extract, Magnolia Kobus Bark Extract, Glycine Soja (Soybean) Sprout Extract, Diospyros Kaki Leaf Extract, Cinnamomum Cassia Bark Extract, Artemisia Princeps Leaf Extract, Pentafluoropropane, Curcuma Longa (Turmeric) Root Extract, Steareth-20, Hydrolyzed Hyaluronic Acid, Colloidal Oatmeal, Hydrolyzed Silk, Citric Acid, Sodium Benzoate, Potassium Sorbate, Aloe Barbadensis Leaf Extract, N-Hydroxysuccinimide, Hydrolyzed Collagen, Caprylhydroxamic Acid, Tocopherol, Thiamine Hcl, Riboflavin, Retinyl Palmitate, Pantothenic Acid, Palmitoyl Oligopeptide, Niacin, Folic Acid, Chrysin, Carnitine Hcl, Biotin, Ascorbic Acid, Palmitoyl Tetrapeptide-7, Chlorhexidine Digluconate. May Contain: Iron Oxides (Ci 77492, Ci 77491, Ci 77499).'
 'Ürün adı: Rose Deep Hydration Moisturizer\nMarka: FRESH\nKategori: Moisturizer\nFiyat: 40\nPuan: 4.4\nUygun cilt tipleri: Belirlenemedi\n\nÜrün tanıtımı: Fresh Rose Deep Hydration Moisturizer, cildi nemlendirmeyi hedefleyen bir üründür. İçeriğindeki gül özleri ve nemlendirici bileşenlerle cilde derinlemesine nem sağlamayı amaçlar.\nİçerik analizi: Ürün, yoğun nemlendirme ve cilt bariyerini desteklemeyi hedefleyen bir formüle sahiptir. Gliserin ve sodyum hyaluronat gibi nemlendiriciler içerir. Behenyl Alcohol ve Prunus Domestica Seed Oil gibi içerikler komedojenik risk taşıyabilir. Fragrance, Citronellol ve Geraniol hassasiyet/iritasyon riski yaratabilir.\n\nIngredients: Water, Glycerin, EthylhexylIsononanoate, Butylene Glycol, Pentylene Glycol, Propanediol,Caprylyl Methicone, Isostearyl Isostearate, Dimethicone, BehenylAlcohol, Nylon-6/12, Steareth-2, Xanthan Gum, PrunusDomestica Seed Oil, Rosa Damascena Flower Water, Algin,Angelica Keiskei Extract, Acacia Senegal Gum, Cucumis Sativus(Cucumber) Fruit Extract, Rosa Damascena Flower Oil, SodiumHyaluronate, Tocopheryl Acetate, Ammonium Acryloyldimethy-ltaurate/VP Copolymer, Steareth-21, Polyacrylamide, C13-14Isoparaffin, Acrylates/C10-30 Alkyl Acrylate Crosspolymer, Tromethamine, Dimethiconol, Laureth-7, Tetrasodium EDTA,Caprylic/Capric Triglyceride, BHT, Caramel, Serine, Fragrance, Phenoxyethanol, Citronellol, Geraniol.'
 'Ürün adı: Ultra Repair® Cream Intense Hydration\nMarka: FIRST AID BEAUTY\nKategori: Moisturizer\nFiyat: 30\nPuan: 4.6\nUygun cilt tipleri: Combination, Dry, Normal, Oily, Sensitive\n\nÜrün tanıtımı: Ultra Repair® Cream Intense Hydration, çeşitli cilt tipleri için yoğun nemlendirme sunan bir nemlendiricidir. Cildi yatıştırmaya ve bariyerini desteklemeye yardımcı olabilecek içerikler barındırır.\nİçerik analizi: Formül, yoğun nemlendirme ve yatıştırma sağlayan bileşenler içerir. Seramid, kolloidal yulaf ezmesi ve bitki özleri ile cildi destekler. Stearik Asit, Gliseril Stearat SE, Gliseril Stearat, Setearil Alkol ve Butyrospermum Parkii Butter komedojenik risk taşıyabilir. Eucalyptus Globulus Leaf Oil ve Chrysanthemum Parthenium Extract hassasiyet/iritasyon riski yaratabilir.\n\nIngredients: Water, Stearic Acid, Glycerin, C12-15 Alkyl Benzoate, Caprylic/Capric Triglyceride, Glyceryl Stearate Se, Glyceryl Stearate, Cetearyl Alcohol, Butyrospermum Parkii Butter, Dimethicone, Squalane, Allantoin, Camellia Sinensis Leaf Extract, Caprylyl Glycol, Ceramide 3, Chrysanthemum Parthenium Extract, Colloidal Oatmeal, Disodium EDTA, Eucalyptus Globulus Leaf Oil, Glycyrrhiza Glabra Root Extract, Sodium Hydroxide, Xanthan Gum, Phenoxyethanol.'
 'Ürün adı: Lala Retro™ Whipped Cream\nMarka: DRUNK ELEPHANT\nKategori: Moisturizer\nFiyat: 60\nPuan: 4.2\nUygun cilt tipleri: Combination, Dry, Normal, Oily\n\nÜrün tanıtımı: Bu ürün, cildi nemlendirmeye yardımcı olabilecek bir nemlendiricidir. Karma, kuru, normal ve yağlı dahil olmak üzere çeşitli cilt tipleri için uygun olabilir.\nİçerik analizi: Bu formül, yoğun nemlendirme sağlayan gliserin ve çeşitli besleyici bitkisel yağlar içerir. Fermente içerikler cilt bariyerini desteklemeye yardımcı olabilir. Sodyum Hiyalüronat Çapraz Polimer ile nem tutulumu hedeflenmiştir. Komedojenik risk yaratabilecek içerikler Isopropyl Isostearate ve Stearic Acid olabilir. Hassasiyet/iritasyon riski taşıyabilecek içerikler Chlorphenesin, Phenoxyethanol ve Ceteareth-20 olabilir.\n\nIngredients: Water, Glycerin, Caprylic/ Capric Triglyceride, Isopropyl Isostearate, Pseudozyma Epicola/Camellia Sinensis Seed Oil/Glucose/Glycine Soja Meal/Malt Extract/Yeast Extract Ferment Filtrate (Pseudozyma Epicola/Camellia Sinensis Seed Oil/Glucose/Yeast Extract Ferment Filtrate), Stearic Acid, Glyceryl Stearate SE, Cetearyl Alcohol, Pentylene Glycol, Plantago Lanceolata Leaf Extract, Adansonia Digitata Seed Oil, Citrullus Lanatus (Watermelon) Seed Oil, Passiflora Edulis Seed Oil, Schinziophyton Rautanenii Kernel Oil, Sclerocarya Birrea Seed Oil, Polyglyceryl-6 Ximenia Americana Seedate, Sodium Hyaluronate Crosspolymer, Ceteareth-20, Trisodium Ethylenediamine Disuccinate, Sodium Hydroxide, Citric Acid, Carbomer, Xanthan Gum, Caprylyl Glycol, Chlorphenesin, Phenoxyethanol, Ethylhexylglycerin.']",Uygun cilt tipleri: Belirlenemedi.,"['544c5b4f7ef25fb4f074afdfc342bfe9888aebed2373198a20e12bf041bdf646'
 '02415a33943b2cc65c009174fd5b3f5a0cffb6f23d553fd8266e9b7f26f16cc0'
 'b9f66dd877e43fcdbdaeea290c23a473aa19171380bd9ac746d6c46123f38710'
 'c830d0cdc847acd4f9b955eea7ddfd2c50148e65e380cf8b050c3103eed5f92a'
 'a48e2ca666e1c58f48ad12d9a129f8f91c74989bb819a8712641c5a32076b62d']",['544c5b4f7ef25fb4f074afdfc342bfe9888aebed2373198a20e12bf041bdf646'],1.0,1.0,0.0
"Lotus Youth Preserve Moisturizer ürünün,n fiyatı nedir?",Lotus Youth Preserve Moisturizer ürününün fiyatı 45'tir.,"['Ürün adı: Lotus Youth Preserve Moisturizer\nMarka: FRESH\nKategori: Moisturizer\nFiyat: 45\nPuan: 4.3\nUygun cilt tipleri: Belirlenemedi\n\nÜrün tanıtımı: Bu nemlendirici, cildi nemlendirmeye ve beslemeye yardımcı olan çeşitli bitki özleri ve nemlendiriciler içerir. Cildin daha genç bir görünüm kazanmasına destek olabilir.\nİçerik analizi: Bu formül, nemlendirme ve antioksidan destek sağlamayı hedefleyen çeşitli nemlendiriciler, yumuşatıcılar ve bitki özleri içerir. Cilde nem çekmeye ve nemi korumaya yardımcı bileşenler barındırır. Cetearyl Alcohol, Cetyl Alcohol, Stearyl Alcohol gibi bazı yağ alkolleri komedojenik risk taşıyabilir. Citrus Limon (Lemon) Peel Oil, Limonene, Citral gibi koku bileşenleri hassasiyet/iritasyon riski yaratabilir.\n\nIngredients: Water, Glycerin, Propylene Glycol Dicaprylate/Dicaprate, Pentylene Glycol, Cetearyl Alcohol, Caprylic/Capric Triglyceride, Cetearyl Isononanoate, Betaine, Polymethyl Methacrylate, Steareth-21, Ficus Carica (Fig) Fruit Extract, Lepidium Meyenii Root Extract, Citrus Limon (Lemon) Peel Oil, Cucumis Sativus (Cucumber) Fruit Extract, Algae Extract, Nelumbo Nucifera Flower Extract, Hibiscus Esculentus Fruit Extract, Sodium Hyaluronate, Tocopheryl Acetate, Ascorbyl Tetraisopalmitate, Tocopherol, Behenyl Alcohol, Cetearyl Glucoside, Sorbitol, Dimethicone, Sodium PCA, Caprylyl Glycol, Carbomer, Tromethamine, Cetyl Alcohol, Stearyl Alcohol, Butylene Glycol, Xanthan Gum, Caramel, Citric Acid, Potassium Sorbate, Sorbic Acid, Phenoxyethanol, Limonene, Citral.'
 'Ürün adı: Rose Deep Hydration Moisturizer\nMarka: FRESH\nKategori: Moisturizer\nFiyat: 40\nPuan: 4.4\nUygun cilt tipleri: Belirlenemedi\n\nÜrün tanıtımı: Fresh Rose Deep Hydration Moisturizer, cildi nemlendirmeyi hedefleyen bir üründür. İçeriğindeki gül özleri ve nemlendirici bileşenlerle cilde derinlemesine nem sağlamayı amaçlar.\nİçerik analizi: Ürün, yoğun nemlendirme ve cilt bariyerini desteklemeyi hedefleyen bir formüle sahiptir. Gliserin ve sodyum hyaluronat gibi nemlendiriciler içerir. Behenyl Alcohol ve Prunus Domestica Seed Oil gibi içerikler komedojenik risk taşıyabilir. Fragrance, Citronellol ve Geraniol hassasiyet/iritasyon riski yaratabilir.\n\nIngredients: Water, Glycerin, EthylhexylIsononanoate, Butylene Glycol, Pentylene Glycol, Propanediol,Caprylyl Methicone, Isostearyl Isostearate, Dimethicone, BehenylAlcohol, Nylon-6/12, Steareth-2, Xanthan Gum, PrunusDomestica Seed Oil, Rosa Damascena Flower Water, Algin,Angelica Keiskei Extract, Acacia Senegal Gum, Cucumis Sativus(Cucumber) Fruit Extract, Rosa Damascena Flower Oil, SodiumHyaluronate, Tocopheryl Acetate, Ammonium Acryloyldimethy-ltaurate/VP Copolymer, Steareth-21, Polyacrylamide, C13-14Isoparaffin, Acrylates/C10-30 Alkyl Acrylate Crosspolymer, Tromethamine, Dimethiconol, Laureth-7, Tetrasodium EDTA,Caprylic/Capric Triglyceride, BHT, Caramel, Serine, Fragrance, Phenoxyethanol, Citronellol, Geraniol.'
 'Ürün adı: Your Skin But Better™ CC+™ Cream with SPF 50+\nMarka: IT COSMETICS\nKategori: Moisturizer\nFiyat: 38\nPuan: 4.1\nUygun cilt tipleri: Combination, Dry, Normal, Oily, Sensitive\n\nÜrün tanıtımı: Bu ürün, cilde renk eşitleme ve yüksek SPF 50+ güneş koruması sunan, nemlendirici özelliklere sahip bir CC kremidir. Cilt tonunu eşitlemeye ve nemlendirmeye yardımcı olabilir.\nİçerik analizi: Ürün, nemlendirici, SPF ve çeşitli aktif bileşenler içeren zengin bir formüle sahiptir. Salyangoz salgısı filtratı, silikonlar, bitkisel yağlar ve vitaminler içerir. Stearik Asit, Orbignya Oleifera Seed Oil ve Persea Gratissima (Avocado) Oil komedojenik risk taşıyabilir. Narenciye yağları (Citrus Medica Limonum Peel Oil, Citrus Aurantium Bergamia Fruit Oil vb.) ve Eucalyptus Globulus Leaf Oil hassasiyet/iritasyon riski yaratabilir. Chlorhexidine Digluconate de hassasiyet riski taşıyabilir.\n\nIngredients: Water, Snail Secretion Filtrate, Phenyl Trimethicone, Dimethicone, Butylene Glycol, Butylene Glycol Dicaprylate/Dicaprate, Orbignya Oleifera Seed Oil, Butyloctyl Salicylate, Cetyl Peg/Ppg-10/1 Dimethicone, Cyclopentasiloxane, Cyclohexasiloxane, Magnesium Sulfate, Polyglyceryl-4 Isostearate, Dimethicone/Vinyl Dimethicone Crosspolymer, Aluminum Hydroxide, Hexyl Laurate, Stearic Acid, Calcium Stearate, Caprylyl Glycol, Triethoxycaprylylsilane, Ethylhexylglycerin, Citrus Medica Limonum (Lemon) Peel Oil, Tocopheryl Acetate, Sorbitan Isostearate, Phenoxyethanol, Citrus Aurantium Bergamia (Bergamot) Fruit Oil, 1,2-Hexanediol, Disodium Edta, Citrus Aurantium Dulcis (Orange) Peel Oil, Citrus Aurantifolia (Lime) Oil, Vitis Vinifera (Grape) Seed Oil, Punica Granatum Seed Oil, Pinus Sylvestris Leaf Oil, Persea Gratissima (Avocado) Oil, Niacinamide, Citrus Grandis (Grapefruit) Peel Oil, Cholesterol, Anthemis Nobilis Flower Water, Lactobacillus/Honeysuckle Flower/Licorice Root/Morus Alba Root/Pueraria Lobata Root/Schizandra Chinensis Fruit/Scutellaria Baicalensis Root/Sophora Japonica Flower Extract Ferment Filtrate, Perfluorohexane, Olea Europaea (Olive) Leaf Extract, Glycerin, Eucalyptus Globulus Leaf Oil, Camellia Sinensis Leaf Extract, Chrysanthemum Indicum Flower Extract, Pueraria Lobata Root Extract, Perfluorodecalin, Morus Alba Fruit Extract, Magnolia Kobus Bark Extract, Glycine Soja (Soybean) Sprout Extract, Diospyros Kaki Leaf Extract, Cinnamomum Cassia Bark Extract, Artemisia Princeps Leaf Extract, Pentafluoropropane, Curcuma Longa (Turmeric) Root Extract, Steareth-20, Hydrolyzed Hyaluronic Acid, Colloidal Oatmeal, Hydrolyzed Silk, Citric Acid, Sodium Benzoate, Potassium Sorbate, Aloe Barbadensis Leaf Extract, N-Hydroxysuccinimide, Hydrolyzed Collagen, Caprylhydroxamic Acid, Tocopherol, Thiamine Hcl, Riboflavin, Retinyl Palmitate, Pantothenic Acid, Palmitoyl Oligopeptide, Niacin, Folic Acid, Chrysin, Carnitine Hcl, Biotin, Ascorbic Acid, Palmitoyl Tetrapeptide-7, Chlorhexidine Digluconate. May Contain: Iron Oxides (Ci 77492, Ci 77491, Ci 77499).'
 'Ürün adı: COMPLEXION RESCUE™ Tinted Moisturizer Broad Spectrum SPF 30\nMarka: BAREMINERALS\nKategori: Moisturizer\nFiyat: 30\nPuan: 3.9\nUygun cilt tipleri: Belirlenemedi\n\nÜrün tanıtımı: Bu ürün, cilde nem sağlarken hafif renk tonu ve SPF 30 ile güneş koruması sunan renkli bir nemlendiricidir. Cilt tonunu eşitlemeye ve korumaya yardımcı olabilir.\nİçerik analizi: Ürün, nemlendirici ve yumuşatıcı bileşenler (Squalane, Gliserin, Sodyum Hyaluronat) açısından zengindir. Mineral bazlı renk ve SPF içerir. Isostearic Acid ve Polysorbate 60 komedojenik risk taşıyabilir. Phenoxyethanol hassasiyet/iritasyon riski yaratabilir. Bazı bitki özleri de hassasiyet potansiyeli taşıyabilir.\n\nIngredients: Water, Coconut Alkanes, Propanediol, Squalane, Trehalose, Isostearic Acid, Glycerin, Silica, Agar, Caprylic/Capric Triglyceride, Globularia Cordifolia Callus Culture Extract, Salicornia Herbacea Extract, Melilotus Officinalis Extract, Coco-Caprylate/Caprate, Butylene Glycol, Lauroyl Lysine, Sodium Hyaluronate, Succinoglycan, Polysorbate 60, Cellulose Gum, Polyglyceryl-4 Laurate/Succinate, Sorbitan Sesquiisostearate, Magnesium Stearate, Magnesium Hydroxide, Magnesium Chloride, Potassium Chloride, Calcium Chloride, Potassium Sorbate, Phenoxyethanol. May Contain: Titanium Dioxide, Iron Oxides.'
 ""Ürün adı: Honeymoon Glow AHA Resurfacing Night Serum with Echinacea GreenEnvy™\nMarka: FARMACY\nKategori: Moisturizer\nFiyat: 58\nPuan: 4.6\nUygun cilt tipleri: Combination, Dry, Normal, Oily, Sensitive\n\nÜrün tanıtımı: Bu gece serumu, AHA'lar ve ekinezya içeren formülüyle cildin yenilenmesine ve daha ışıltılı bir görünüm kazanmasına yardımcı olabilir. Çeşitli cilt tipleri için uygun olduğu belirtilmiştir.\nİçerik analizi: Bu formül, Laktik ve Glikolik Asit gibi AHA'lar ile cildi yenilemeyi hedeflerken, çeşitli bitkisel yağlar ve hyaluronik asit türevleri ile nemlendirme ve yatıştırma sağlamayı amaçlar. Arı ürünleri ve zengin bitki özleri de içerir. Jojoba Esters ve Cetearyl Alcohol gibi bazı içerikler, bazı cilt tiplerinde komedojenik risk taşıyabilir. Laktik Asit, Glikolik Asit, Sitrik Asit, Salix Alba (Willow) Bark Extract, Citrus Limon (Lemon) Fruit Extract, Zingiber Officinale (Ginger) Root Extract ve Citral gibi içerikler hassasiyet veya iritasyon riski yaratabilir.\n\nIngredients: Water, Lactic Acid, Propanediol, Jojoba Esters, Glycolic Acid, Potassium Hydroxide, Salix Alba (Willow) Bark Extract, Carthamus Tinctorius (Safflower) Oleosomes, Vitis Vinifera (Grape) Seed Oil, Hibiscus Sabdariffa Flower Extract, Citric Acid, Honey Extract, Echinacea Purpurea Root Extract, Propolis Extract, Royal Jelly Extract, Hydrolyzed Sodium Hyaluronate, Hydrolyzed Hyaluronic Acid, Curcuma Longa (Turmeric) Root Extract, Argania Spinosa Kernel Oil, Zingiber Officinale (Ginger) Root Extract, Amaranthus Caudatus Seed Oil, Limnanthes Alba (Meadowfoam) Seed Oil, Vaccinium Myrtillus Fruit/Leaf Extract, Saccharum Officinarum (Sugarcane) Extract, Citrus Aurantium Dulcis (Orange) Fruit Extract, Citrus Limon (Lemon) Fruit Extract, Acer Saccharum (Sugar Maple) Extract, Melia Azadirachta Leaf Extract, Helianthus Annuus (Sunflower) Seed Oil, Melia Azadirachta Flower Extract, Salvia Hispanica Seed Oil, Cetearyl Alcohol, Glycerin, Arachidyl Alcohol, Sclerotium Gum, Coco-Glucoside, Polyacrylate Crosspolymer-6, Behenyl Alcohol, Arachidyl Glucoside, Sodium Benzoate, Tocopherol, Potassium Sorbate, Corallina Officinalis Extract, Polyglyceryl-10 Stearate, Gluconolactone, 1,2-Hexanediol, Ocimum Basilicum (Basil) Flower/Leaf Extract, Ocimum Sanctum Leaf Extract, T-Butyl Alcohol, Glucose, Calcium Gluconate, Citral.""]",Fiyat: 45.,"['544c5b4f7ef25fb4f074afdfc342bfe9888aebed2373198a20e12bf041bdf646'
 'b9f66dd877e43fcdbdaeea290c23a473aa19171380bd9ac746d6c46123f38710'
 '02415a33943b2cc65c009174fd5b3f5a0cffb6f23d553fd8266e9b7f26f16cc0'
 'ccc5127b6eb60df804b36f4f65a1049f013a066d4afb7e3e907417ea7077844e'
 '20ce764b52496eeafeb50b1be4dcf0e77464a0795fe242ffa2f1d5b06723aa92']",['544c5b4f7ef25fb4f074afdfc342bfe9888aebed2373198a20e12bf041bdf646'],1.0,1.0,0.9032838039130769
SK-II markasının Facial Treatment Essence ürününün puanı kaç?,SK-II Facial Treatment Essence ürününün puanı 4.1'dir.,"['Ürün adı: Facial Treatment Essence\nMarka: SK-II\nKategori: Moisturizer\nFiyat: 179\nPuan: 4.1\nUygun cilt tipleri: Combination, Dry, Normal, Oily, Sensitive\n\nÜrün tanıtımı: SK-II Facial Treatment Essence, Pitera içeren özel formülüyle cildin nemlenmesine ve genel görünümünün iyileşmesine yardımcı olabilecek bir üründür. Çeşitli cilt tipleri için uygun olabilir.\nİçerik analizi: Genel olarak, formül Galactomyces Ferment Filtrate (Pitera) ana aktif bileşeni etrafında şekillenmiştir. Nemlendirici glikoller ve çeşitli koruyucular içerir. Komedojenik risk yaratabilecek belirgin bir içerik belirlenemedi. Galactomyces Ferment Filtrate (Pitera), Methylparaben, Sodium Benzoate ve Sorbic Acid hassasiyet/iritasyon riski taşıyabilir.\n\nIngredients: Galactomyces Ferment Filtrate (Pitera), Butylene Glycol, Pentylene Glycol, Water, Sodium Benzoate, Methylparaben, Sorbic Acid.'
 'Ürün adı: R.N.A. POWER Face Cream\nMarka: SK-II\nKategori: Moisturizer\nFiyat: 230\nPuan: 4.3\nUygun cilt tipleri: Dry, Normal, Sensitive\n\nÜrün tanıtımı: SK-II R.N.A. POWER Face Cream, kuru, normal ve hassas cilt tipleri için tasarlanmış bir nemlendiricidir. Cildin nemlenmesine ve genel görünümünün desteklenmesine yardımcı olabilir.\nİçerik analizi: Bu nemlendirici, Galactomyces Ferment Filtrate (Pitera), Niasinamid ve peptitler gibi aktif bileşenlerle zenginleştirilmiş bir formüle sahiptir. Nemlendirici ve besleyici içerikler barındırır. Komedojenik risk taşıyabilecek içerikler Isopropyl Isostearate, Stearic Acid ve Polysorbate 80 olabilir. Hassasiyet/iritasyon riski yaratabilecek içerikler ise Fragrance, Benzyl Alcohol ve parabenler olabilir. Diğer riskler belirlenemedi.\n\nIngredients: Water, Glycerin, Galactomyces Ferment Filtrate*, Isohexadecane, Niacinamide, Isopropyl Isostearate, Butylene Glycol, Butyrospermum Parkii (Shea) Butter, Caprylic/Capric Triglyceride, Pentylene Glycol, Dimethicone, Phytosteryl/Behenyl/Octyldodecyl Lauroyl Glutamate, Vinyl Dimethicone/Methicone Silsesquioxane Crosspolymer, Stearyl Alcohol, Sodium Acrylate/Sodium Acryloyldimethyl Taurate Copolymer, Cetyl Alcohol, Behenyl Alcohol, Panthenol, Tocopheryl Acetate, Benzyl Alcohol, Dimethiconol, Cetearyl Alcohol, Cetearyl Glucoside, Methylparaben, Peg-100 Stearate, Polymethylsilsesquioxane, Polysorbate 80, Stearic Acid, Disodium Edta, Propylparaben, Sodium Peg-7 Olive Oil Carboxylate, Ethylparaben, Sorbitan Oleate, Chlorella Vulgaris Extract, Peg-100 Stearate, Peg-7 Glyceryl Cocoate, Sodium Hydroxide, Fragrance, Acanthopanax Senticosus (Eleuthero) Root Extract, Hydrolyzed Soy Protein, Cynara Scolymus (Artichoke) Leaf Extract, Polyquaternium-7, Hydrolyzed Yeast Protein, Palmitoyl Pentapeptide-4, Methylsilanol Tri-Peg-8 Glyceryl Cocoate, Methicone, Ci 77891, Ci 77492. *Pitera™.'
 'Ürün adı: Your Skin But Better™ CC+™ Cream with SPF 50+\nMarka: IT COSMETICS\nKategori: Moisturizer\nFiyat: 38\nPuan: 4.1\nUygun cilt tipleri: Combination, Dry, Normal, Oily, Sensitive\n\nÜrün tanıtımı: Bu ürün, cilde renk eşitleme ve yüksek SPF 50+ güneş koruması sunan, nemlendirici özelliklere sahip bir CC kremidir. Cilt tonunu eşitlemeye ve nemlendirmeye yardımcı olabilir.\nİçerik analizi: Ürün, nemlendirici, SPF ve çeşitli aktif bileşenler içeren zengin bir formüle sahiptir. Salyangoz salgısı filtratı, silikonlar, bitkisel yağlar ve vitaminler içerir. Stearik Asit, Orbignya Oleifera Seed Oil ve Persea Gratissima (Avocado) Oil komedojenik risk taşıyabilir. Narenciye yağları (Citrus Medica Limonum Peel Oil, Citrus Aurantium Bergamia Fruit Oil vb.) ve Eucalyptus Globulus Leaf Oil hassasiyet/iritasyon riski yaratabilir. Chlorhexidine Digluconate de hassasiyet riski taşıyabilir.\n\nIngredients: Water, Snail Secretion Filtrate, Phenyl Trimethicone, Dimethicone, Butylene Glycol, Butylene Glycol Dicaprylate/Dicaprate, Orbignya Oleifera Seed Oil, Butyloctyl Salicylate, Cetyl Peg/Ppg-10/1 Dimethicone, Cyclopentasiloxane, Cyclohexasiloxane, Magnesium Sulfate, Polyglyceryl-4 Isostearate, Dimethicone/Vinyl Dimethicone Crosspolymer, Aluminum Hydroxide, Hexyl Laurate, Stearic Acid, Calcium Stearate, Caprylyl Glycol, Triethoxycaprylylsilane, Ethylhexylglycerin, Citrus Medica Limonum (Lemon) Peel Oil, Tocopheryl Acetate, Sorbitan Isostearate, Phenoxyethanol, Citrus Aurantium Bergamia (Bergamot) Fruit Oil, 1,2-Hexanediol, Disodium Edta, Citrus Aurantium Dulcis (Orange) Peel Oil, Citrus Aurantifolia (Lime) Oil, Vitis Vinifera (Grape) Seed Oil, Punica Granatum Seed Oil, Pinus Sylvestris Leaf Oil, Persea Gratissima (Avocado) Oil, Niacinamide, Citrus Grandis (Grapefruit) Peel Oil, Cholesterol, Anthemis Nobilis Flower Water, Lactobacillus/Honeysuckle Flower/Licorice Root/Morus Alba Root/Pueraria Lobata Root/Schizandra Chinensis Fruit/Scutellaria Baicalensis Root/Sophora Japonica Flower Extract Ferment Filtrate, Perfluorohexane, Olea Europaea (Olive) Leaf Extract, Glycerin, Eucalyptus Globulus Leaf Oil, Camellia Sinensis Leaf Extract, Chrysanthemum Indicum Flower Extract, Pueraria Lobata Root Extract, Perfluorodecalin, Morus Alba Fruit Extract, Magnolia Kobus Bark Extract, Glycine Soja (Soybean) Sprout Extract, Diospyros Kaki Leaf Extract, Cinnamomum Cassia Bark Extract, Artemisia Princeps Leaf Extract, Pentafluoropropane, Curcuma Longa (Turmeric) Root Extract, Steareth-20, Hydrolyzed Hyaluronic Acid, Colloidal Oatmeal, Hydrolyzed Silk, Citric Acid, Sodium Benzoate, Potassium Sorbate, Aloe Barbadensis Leaf Extract, N-Hydroxysuccinimide, Hydrolyzed Collagen, Caprylhydroxamic Acid, Tocopherol, Thiamine Hcl, Riboflavin, Retinyl Palmitate, Pantothenic Acid, Palmitoyl Oligopeptide, Niacin, Folic Acid, Chrysin, Carnitine Hcl, Biotin, Ascorbic Acid, Palmitoyl Tetrapeptide-7, Chlorhexidine Digluconate. May Contain: Iron Oxides (Ci 77492, Ci 77491, Ci 77499).'
 'Ürün adı: Lotus Youth Preserve Moisturizer\nMarka: FRESH\nKategori: Moisturizer\nFiyat: 45\nPuan: 4.3\nUygun cilt tipleri: Belirlenemedi\n\nÜrün tanıtımı: Bu nemlendirici, cildi nemlendirmeye ve beslemeye yardımcı olan çeşitli bitki özleri ve nemlendiriciler içerir. Cildin daha genç bir görünüm kazanmasına destek olabilir.\nİçerik analizi: Bu formül, nemlendirme ve antioksidan destek sağlamayı hedefleyen çeşitli nemlendiriciler, yumuşatıcılar ve bitki özleri içerir. Cilde nem çekmeye ve nemi korumaya yardımcı bileşenler barındırır. Cetearyl Alcohol, Cetyl Alcohol, Stearyl Alcohol gibi bazı yağ alkolleri komedojenik risk taşıyabilir. Citrus Limon (Lemon) Peel Oil, Limonene, Citral gibi koku bileşenleri hassasiyet/iritasyon riski yaratabilir.\n\nIngredients: Water, Glycerin, Propylene Glycol Dicaprylate/Dicaprate, Pentylene Glycol, Cetearyl Alcohol, Caprylic/Capric Triglyceride, Cetearyl Isononanoate, Betaine, Polymethyl Methacrylate, Steareth-21, Ficus Carica (Fig) Fruit Extract, Lepidium Meyenii Root Extract, Citrus Limon (Lemon) Peel Oil, Cucumis Sativus (Cucumber) Fruit Extract, Algae Extract, Nelumbo Nucifera Flower Extract, Hibiscus Esculentus Fruit Extract, Sodium Hyaluronate, Tocopheryl Acetate, Ascorbyl Tetraisopalmitate, Tocopherol, Behenyl Alcohol, Cetearyl Glucoside, Sorbitol, Dimethicone, Sodium PCA, Caprylyl Glycol, Carbomer, Tromethamine, Cetyl Alcohol, Stearyl Alcohol, Butylene Glycol, Xanthan Gum, Caramel, Citric Acid, Potassium Sorbate, Sorbic Acid, Phenoxyethanol, Limonene, Citral.'
 ""Ürün adı: The Littles™\nMarka: DRUNK ELEPHANT\nKategori: Moisturizer\nFiyat: 90\nPuan: 4.4\nUygun cilt tipleri: Combination, Dry, Normal, Oily\n\nÜrün tanıtımı: The Littles™, Drunk Elephant'ın çeşitli cilt tiplerine uygun, kapsamlı bir cilt bakım rutini sunan mini ürün setidir. Temizleyiciden güneş koruyucuya kadar birçok temel ürünü içerir.\nİçerik analizi: Ürün seti, nemlendirici, antioksidan, eksfoliyan ve güneş koruyucu gibi farklı cilt ihtiyaçlarına yönelik zengin formüller sunar. Marula yağı ve çeşitli bitki özleri sıkça kullanılmıştır. Isopropyl Isostearate ve Sclerocarya Birrea Seed Oil bazı cilt tiplerinde komedojenik risk taşıyabilir. Ascorbic Acid, Glycolic Acid, Salicylic Acid, Lactic Acid, Citric Acid gibi aktifler ve Phenoxyethanol, Chlorphenesin hassasiyet/iritasyon riski yaratabilir. Niacinamide bazı kişilerde kızarıklığa neden olabilir.\n\nIngredients: Beste™ No.9 Jelly Cleanser: Water, Sodium Lauroyl Methyl Isethionate, Glycerin, Cocamidopropyl Betaine, Cocamidopropyl Hydroxysultaine, Sodium Methyl Oleoyl Taurate, Propanediol, Aloe Barbadensis Leaf Extract, Coco-Glucoside, Lauryl Glucoside, Cucumis Melo Cantalupensis Fruit Extract, Sclerocarya Birrea Seed Oil, Dipotassium Glycyrrhizate, Citric Acid, Phenoxyethanol, Sodium Benzoate, Sodium Chloride. C-Firma™ Day Serum: Water, Ethoxydiglycol, Ascorbic Acid, Glycerin, Laureth-23, Lactobacillus/Pumpkin Ferment Extract, Sclerocarya Birrea Seed Oil, Ferulic Acid, Sodium Hyaluronate, Chondrus Crispus Extract, Camellia Sinensis Leaf Extract, Lactobacillus/Punica Granatum Fruit Ferment Extract, Glycyrrhiza Glabra (Licorice) Root Extract, Vitis Vinifera (Grape) Juice Extract, Phyllanthus Emblica Fruit Extract, Hydrolyzed Wheat Protein, Tocopherol, Caprylhydroxamic Acid, Acetyl Glucosamine, Hydrolyzed Quinoa, Glutamylamidoethyl Imidazole, Dipotassium Glycyrrhizate, Tetrahydrodiferuloylmethane, Tetrahydrodemethoxydiferuloylmethane, Tetrahydrobisdemethoxydiferuloylmethane, Sodium Hyaluronate Crosspolymer, Glycine, Sucrose, Maltodextrin, Propanediol, Caprylyl Glycol, Sodium Hydroxide, Xanthan gum, Hydroxyethyl Acrylate/Sodium Acryloyldimethyl Taurate Copolymer, Isohexadecane, Polysorbate 60. B-Hydra™ Intensive Hydration Serum: Water,Coconut Alkanes, Ammonium Acryloyldimethyltaurate/VP Copolymer, Glycerin, Pentylene Glycol, Sclerocarya Birrea Seed Oil, Wheat Amino Acids, Ananas Sativus (Pineapple) Fruit Extract, Berberis Vulgaris Root Extract, Citrullus Lanatus (Watermelon) Fruit Extract, Lens Esculenta (Lentil) Fruit Extract, Pyrus Malus (Apple) Fruit Extract, Coco-Caprylate/Caprate, Panthenol, Sodium PCA, Sodium Hyaluronate Crosspolymer, Dipotassium Glycyrrhizate, Niacinamide, Cyclodextrin, Sodium Hyaluronate, Sodium Lactate, Phenoxyethanol, Hydroxyproline, Trisodium Ethylenediamine Disuccinate, Citric Acid, Caprylyl Glycol, Chlorphenesin, Ethylhexylglycerin. T.L.C. Framboos™ Glycolic Night Serum: Water, Glycolic Acid, Butylene Glycol, Glycerin, Sodium Hydroxide, Salicylic Acid, Lactic Acid, Citric Acid, Vitis Vinifera (Grape) Juice Extract, Aloe Barbadensis Leaf Juice, Opuntia Ficus-Indica Extract, Aesculus Hippocastanum (Horse Chestnut) Seed Extract, Camellia Sinensis Leaf Extract, Rubus Idaeus (Raspberry) Fruit Extract, Saccharomyces Cerevisiae Extract, Buddleja Davidii Meristem Cell Culture, Sclerocarya Birrea Seed Oil, Sodium Hyaluronate Crosspolymer, Allantoin, Hydroxyethylcellulose, Galactoarabinan, Propanediol, Disodium EDTA, Xanthan Gum, Hexylene Glycol, Phenoxyethanol, Caprylyl Glycol, Ethylhexylglycerin, Sodium Nitrate, Potassium Sorbate, Pentylene Glycol, Sodium Benzoate. Virgin Marula Luxury Facial Oil: Sclerocarya Birrea Seed OilLala Retro™Whipped CreamWater,Glycerin, Caprylic/ Capric Triglyceride, Isopropyl Isostearate, Pseudozyma Epicola/Camellia Sinensis Seed Oil/Glucose/Glycine Soja Meal/Malt Extract/Yeast Extract Ferment Filtrate (Pseudozyma Epicola/Camellia Sinensis Seed Oil/Glucose/Yeast Extract Ferment Filtrate), Stearic Acid, Glyceryl Stearate SE, Cetearyl Alcohol, Pentylene Glycol, Plantago Lanceolata Leaf Extract, Adansonia Digitata Seed Oil, Citrullus Lanatus (Watermelon) Seed Oil, Passiflora Edulis Seed Oil, Schinziophyton Rautanenii Kernel Oil, Sclerocarya Birrea Seed Oil, Polyglyceryl-6 Ximenia Americana Seedate, Sodium Hyaluronate Crosspolymer, Ceteareth-20, Trisodium Ethylenediamine Disuccinate, Sodium Hydroxide, Citric Acid, Carbomer, Xanthan Gum, Caprylyl Glycol, Chlorphenesin, Phenoxyethanol, Ethylhexylglycerin. Umbra™ Sheer Physical Daily Defense SPF 30: Zinc Oxide 20%, Water, Caprylic/Capric Triglyceride, Dicaprylyl Carbonate, Glycerin,Pentylene Glycol, Steareth-2, Propanediol, Steareth-21, Polyhydroxystearic Acid, Cetearyl Alcohol, Silica, Sclerocarya Birrea Seed Oil, Aloe Barbadensis Leaf Extract, Chondrus Crispus Extract, Haematococcus Pluvialis Extract, Helianthus Annuus (Sunflower) Sprout Extract, Vitis Vinifera (Grape) Juice Extract, Helianthus Annuus (Sunflower) Seed Oil, Simmondsia Chinensis (Jojoba) Seed Oil, Raspberry Seed Oil/Tocopheryl Succinate Aminopropanediol Esters, Hydrolyzed Wheat Protein,Tocopheryl Acetate, Tocopherol, Sea Water, Acetyl Glucosamine, Cetearyl Glucoside, Sodium Stearoyl Glutamate, Tetrahexyldecyl Ascorbate, Glycine, Sucrose, Lecithin, Triethoxycaprylylsilane, Xanthan Gum, Trisodium Ethylenediamine Disuccinate, Caprylhydroxamic Acid, Mica, Caprylyl Glycol, Phenoxyethanol, Titanium Dioxide (CI 77891), Iron Oxides (CI 77491). Shaba Complex™ Eye Serum: Water, Octyldodecanol, Glycerin, Boron Nitride, Saccharomyces/Xylinum/Black Tea Ferment, Coconut Alkanes, Cetyl Alcohol, Cetearyl Olivate, Sorbitan Olivate, Niacinamide, Copper Tripeptide-1, Leontopodium Alpinum Meristem Cell Culture, Dipeptide-2, Palmitoyl Tripeptide-1, Palmitoyl Tetrapeptide-7, Copper Lysinate/Prolinate, Hesperidin Methyl Chalcone, Chondrus Crispus (Carrageenan), Mangifera Indica (Mango) Seed Butter, Glycine Soja (Soybean) Oil, Hippophae Rhamnoides Oil, Sclerocarya Birrea Seed Oil, Sodium Hyaluronate Crosspolymer, Hydroxyethylcellulose, Coco-Caprylate/Caprate, Steareth-20, Lecithin, Panthenol, N-Hydroxysuccinimide, Ubiquinone, Citric Acid, Thioctic Acid, Tocopherol, Chrysin, Sclerotium Gum, Methylglucoside Phosphate, Xanthan Gum, Potassium Sorbate, Sodium Benzoate, Chlorphenesin, Caprylyl Glycol, Sodium Hydroxide, Phenoxyethanol, Pentylene Glycol, Ethylhexylglycerin.""]",Puan: 4.1.,"['cb1edfb1a29b345c782c544ae2cec6ed1fbbc9f0546948635c0d17a49a4c32c2'
 'f25ec5d0127cb76a8cec22b9863fe5107086fdbe576453b7c51b410bab5643bb'
 '02415a33943b2cc65c009174fd5b3f5a0cffb6f23d553fd8266e9b7f26f16cc0'
 '544c5b4f7ef25fb4f074afdfc342bfe9888aebed2373198a20e12bf041bdf646'
 '652c6936b3b76a58c19c0a0c639d562ab0f579dd4c9dc9f29bdd1ab7af879191']",['cb1edfb1a29b345c782c544ae2cec6ed1fbbc9f0546948635c0d17a49a4c32c2'],1.0,1.0,0.9017773618446304
Facial Treatment Essence ürünü hangi cilt tipleri için uygundur?,"Facial Treatment Essence ürünü Combination, Dry, Normal, Oily, Sensitive cilt tipleri için uygundur.","['Ürün adı: Facial Treatment Essence\nMarka: SK-II\nKategori: Moisturizer\nFiyat: 179\nPuan: 4.1\nUygun cilt tipleri: Combination, Dry, Normal, Oily, Sensitive\n\nÜrün tanıtımı: SK-II Facial Treatment Essence, Pitera içeren özel formülüyle cildin nemlenmesine ve genel görünümünün iyileşmesine yardımcı olabilecek bir üründür. Çeşitli cilt tipleri için uygun olabilir.\nİçerik analizi: Genel olarak, formül Galactomyces Ferment Filtrate (Pitera) ana aktif bileşeni etrafında şekillenmiştir. Nemlendirici glikoller ve çeşitli koruyucular içerir. Komedojenik risk yaratabilecek belirgin bir içerik belirlenemedi. Galactomyces Ferment Filtrate (Pitera), Methylparaben, Sodium Benzoate ve Sorbic Acid hassasiyet/iritasyon riski taşıyabilir.\n\nIngredients: Galactomyces Ferment Filtrate (Pitera), Butylene Glycol, Pentylene Glycol, Water, Sodium Benzoate, Methylparaben, Sorbic Acid.'
 'Ürün adı: Lotus Youth Preserve Moisturizer\nMarka: FRESH\nKategori: Moisturizer\nFiyat: 45\nPuan: 4.3\nUygun cilt tipleri: Belirlenemedi\n\nÜrün tanıtımı: Bu nemlendirici, cildi nemlendirmeye ve beslemeye yardımcı olan çeşitli bitki özleri ve nemlendiriciler içerir. Cildin daha genç bir görünüm kazanmasına destek olabilir.\nİçerik analizi: Bu formül, nemlendirme ve antioksidan destek sağlamayı hedefleyen çeşitli nemlendiriciler, yumuşatıcılar ve bitki özleri içerir. Cilde nem çekmeye ve nemi korumaya yardımcı bileşenler barındırır. Cetearyl Alcohol, Cetyl Alcohol, Stearyl Alcohol gibi bazı yağ alkolleri komedojenik risk taşıyabilir. Citrus Limon (Lemon) Peel Oil, Limonene, Citral gibi koku bileşenleri hassasiyet/iritasyon riski yaratabilir.\n\nIngredients: Water, Glycerin, Propylene Glycol Dicaprylate/Dicaprate, Pentylene Glycol, Cetearyl Alcohol, Caprylic/Capric Triglyceride, Cetearyl Isononanoate, Betaine, Polymethyl Methacrylate, Steareth-21, Ficus Carica (Fig) Fruit Extract, Lepidium Meyenii Root Extract, Citrus Limon (Lemon) Peel Oil, Cucumis Sativus (Cucumber) Fruit Extract, Algae Extract, Nelumbo Nucifera Flower Extract, Hibiscus Esculentus Fruit Extract, Sodium Hyaluronate, Tocopheryl Acetate, Ascorbyl Tetraisopalmitate, Tocopherol, Behenyl Alcohol, Cetearyl Glucoside, Sorbitol, Dimethicone, Sodium PCA, Caprylyl Glycol, Carbomer, Tromethamine, Cetyl Alcohol, Stearyl Alcohol, Butylene Glycol, Xanthan Gum, Caramel, Citric Acid, Potassium Sorbate, Sorbic Acid, Phenoxyethanol, Limonene, Citral.'
 'Ürün adı: Ultra Repair® Cream Intense Hydration\nMarka: FIRST AID BEAUTY\nKategori: Moisturizer\nFiyat: 30\nPuan: 4.6\nUygun cilt tipleri: Combination, Dry, Normal, Oily, Sensitive\n\nÜrün tanıtımı: Ultra Repair® Cream Intense Hydration, çeşitli cilt tipleri için yoğun nemlendirme sunan bir nemlendiricidir. Cildi yatıştırmaya ve bariyerini desteklemeye yardımcı olabilecek içerikler barındırır.\nİçerik analizi: Formül, yoğun nemlendirme ve yatıştırma sağlayan bileşenler içerir. Seramid, kolloidal yulaf ezmesi ve bitki özleri ile cildi destekler. Stearik Asit, Gliseril Stearat SE, Gliseril Stearat, Setearil Alkol ve Butyrospermum Parkii Butter komedojenik risk taşıyabilir. Eucalyptus Globulus Leaf Oil ve Chrysanthemum Parthenium Extract hassasiyet/iritasyon riski yaratabilir.\n\nIngredients: Water, Stearic Acid, Glycerin, C12-15 Alkyl Benzoate, Caprylic/Capric Triglyceride, Glyceryl Stearate Se, Glyceryl Stearate, Cetearyl Alcohol, Butyrospermum Parkii Butter, Dimethicone, Squalane, Allantoin, Camellia Sinensis Leaf Extract, Caprylyl Glycol, Ceramide 3, Chrysanthemum Parthenium Extract, Colloidal Oatmeal, Disodium EDTA, Eucalyptus Globulus Leaf Oil, Glycyrrhiza Glabra Root Extract, Sodium Hydroxide, Xanthan Gum, Phenoxyethanol.'
 ""Ürün adı: Honeymoon Glow AHA Resurfacing Night Serum with Echinacea GreenEnvy™\nMarka: FARMACY\nKategori: Moisturizer\nFiyat: 58\nPuan: 4.6\nUygun cilt tipleri: Combination, Dry, Normal, Oily, Sensitive\n\nÜrün tanıtımı: Bu gece serumu, AHA'lar ve ekinezya içeren formülüyle cildin yenilenmesine ve daha ışıltılı bir görünüm kazanmasına yardımcı olabilir. Çeşitli cilt tipleri için uygun olduğu belirtilmiştir.\nİçerik analizi: Bu formül, Laktik ve Glikolik Asit gibi AHA'lar ile cildi yenilemeyi hedeflerken, çeşitli bitkisel yağlar ve hyaluronik asit türevleri ile nemlendirme ve yatıştırma sağlamayı amaçlar. Arı ürünleri ve zengin bitki özleri de içerir. Jojoba Esters ve Cetearyl Alcohol gibi bazı içerikler, bazı cilt tiplerinde komedojenik risk taşıyabilir. Laktik Asit, Glikolik Asit, Sitrik Asit, Salix Alba (Willow) Bark Extract, Citrus Limon (Lemon) Fruit Extract, Zingiber Officinale (Ginger) Root Extract ve Citral gibi içerikler hassasiyet veya iritasyon riski yaratabilir.\n\nIngredients: Water, Lactic Acid, Propanediol, Jojoba Esters, Glycolic Acid, Potassium Hydroxide, Salix Alba (Willow) Bark Extract, Carthamus Tinctorius (Safflower) Oleosomes, Vitis Vinifera (Grape) Seed Oil, Hibiscus Sabdariffa Flower Extract, Citric Acid, Honey Extract, Echinacea Purpurea Root Extract, Propolis Extract, Royal Jelly Extract, Hydrolyzed Sodium Hyaluronate, Hydrolyzed Hyaluronic Acid, Curcuma Longa (Turmeric) Root Extract, Argania Spinosa Kernel Oil, Zingiber Officinale (Ginger) Root Extract, Amaranthus Caudatus Seed Oil, Limnanthes Alba (Meadowfoam) Seed Oil, Vaccinium Myrtillus Fruit/Leaf Extract, Saccharum Officinarum (Sugarcane) Extract, Citrus Aurantium Dulcis (Orange) Fruit Extract, Citrus Limon (Lemon) Fruit Extract, Acer Saccharum (Sugar Maple) Extract, Melia Azadirachta Leaf Extract, Helianthus Annuus (Sunflower) Seed Oil, Melia Azadirachta Flower Extract, Salvia Hispanica Seed Oil, Cetearyl Alcohol, Glycerin, Arachidyl Alcohol, Sclerotium Gum, Coco-Glucoside, Polyacrylate Crosspolymer-6, Behenyl Alcohol, Arachidyl Glucoside, Sodium Benzoate, Tocopherol, Potassium Sorbate, Corallina Officinalis Extract, Polyglyceryl-10 Stearate, Gluconolactone, 1,2-Hexanediol, Ocimum Basilicum (Basil) Flower/Leaf Extract, Ocimum Sanctum Leaf Extract, T-Butyl Alcohol, Glucose, Calcium Gluconate, Citral.""
 ""Ürün adı: The Littles™\nMarka: DRUNK ELEPHANT\nKategori: Moisturizer\nFiyat: 90\nPuan: 4.4\nUygun cilt tipleri: Combination, Dry, Normal, Oily\n\nÜrün tanıtımı: The Littles™, Drunk Elephant'ın çeşitli cilt tiplerine uygun, kapsamlı bir cilt bakım rutini sunan mini ürün setidir. Temizleyiciden güneş koruyucuya kadar birçok temel ürünü içerir.\nİçerik analizi: Ürün seti, nemlendirici, antioksidan, eksfoliyan ve güneş koruyucu gibi farklı cilt ihtiyaçlarına yönelik zengin formüller sunar. Marula yağı ve çeşitli bitki özleri sıkça kullanılmıştır. Isopropyl Isostearate ve Sclerocarya Birrea Seed Oil bazı cilt tiplerinde komedojenik risk taşıyabilir. Ascorbic Acid, Glycolic Acid, Salicylic Acid, Lactic Acid, Citric Acid gibi aktifler ve Phenoxyethanol, Chlorphenesin hassasiyet/iritasyon riski yaratabilir. Niacinamide bazı kişilerde kızarıklığa neden olabilir.\n\nIngredients: Beste™ No.9 Jelly Cleanser: Water, Sodium Lauroyl Methyl Isethionate, Glycerin, Cocamidopropyl Betaine, Cocamidopropyl Hydroxysultaine, Sodium Methyl Oleoyl Taurate, Propanediol, Aloe Barbadensis Leaf Extract, Coco-Glucoside, Lauryl Glucoside, Cucumis Melo Cantalupensis Fruit Extract, Sclerocarya Birrea Seed Oil, Dipotassium Glycyrrhizate, Citric Acid, Phenoxyethanol, Sodium Benzoate, Sodium Chloride. C-Firma™ Day Serum: Water, Ethoxydiglycol, Ascorbic Acid, Glycerin, Laureth-23, Lactobacillus/Pumpkin Ferment Extract, Sclerocarya Birrea Seed Oil, Ferulic Acid, Sodium Hyaluronate, Chondrus Crispus Extract, Camellia Sinensis Leaf Extract, Lactobacillus/Punica Granatum Fruit Ferment Extract, Glycyrrhiza Glabra (Licorice) Root Extract, Vitis Vinifera (Grape) Juice Extract, Phyllanthus Emblica Fruit Extract, Hydrolyzed Wheat Protein, Tocopherol, Caprylhydroxamic Acid, Acetyl Glucosamine, Hydrolyzed Quinoa, Glutamylamidoethyl Imidazole, Dipotassium Glycyrrhizate, Tetrahydrodiferuloylmethane, Tetrahydrodemethoxydiferuloylmethane, Tetrahydrobisdemethoxydiferuloylmethane, Sodium Hyaluronate Crosspolymer, Glycine, Sucrose, Maltodextrin, Propanediol, Caprylyl Glycol, Sodium Hydroxide, Xanthan gum, Hydroxyethyl Acrylate/Sodium Acryloyldimethyl Taurate Copolymer, Isohexadecane, Polysorbate 60. B-Hydra™ Intensive Hydration Serum: Water,Coconut Alkanes, Ammonium Acryloyldimethyltaurate/VP Copolymer, Glycerin, Pentylene Glycol, Sclerocarya Birrea Seed Oil, Wheat Amino Acids, Ananas Sativus (Pineapple) Fruit Extract, Berberis Vulgaris Root Extract, Citrullus Lanatus (Watermelon) Fruit Extract, Lens Esculenta (Lentil) Fruit Extract, Pyrus Malus (Apple) Fruit Extract, Coco-Caprylate/Caprate, Panthenol, Sodium PCA, Sodium Hyaluronate Crosspolymer, Dipotassium Glycyrrhizate, Niacinamide, Cyclodextrin, Sodium Hyaluronate, Sodium Lactate, Phenoxyethanol, Hydroxyproline, Trisodium Ethylenediamine Disuccinate, Citric Acid, Caprylyl Glycol, Chlorphenesin, Ethylhexylglycerin. T.L.C. Framboos™ Glycolic Night Serum: Water, Glycolic Acid, Butylene Glycol, Glycerin, Sodium Hydroxide, Salicylic Acid, Lactic Acid, Citric Acid, Vitis Vinifera (Grape) Juice Extract, Aloe Barbadensis Leaf Juice, Opuntia Ficus-Indica Extract, Aesculus Hippocastanum (Horse Chestnut) Seed Extract, Camellia Sinensis Leaf Extract, Rubus Idaeus (Raspberry) Fruit Extract, Saccharomyces Cerevisiae Extract, Buddleja Davidii Meristem Cell Culture, Sclerocarya Birrea Seed Oil, Sodium Hyaluronate Crosspolymer, Allantoin, Hydroxyethylcellulose, Galactoarabinan, Propanediol, Disodium EDTA, Xanthan Gum, Hexylene Glycol, Phenoxyethanol, Caprylyl Glycol, Ethylhexylglycerin, Sodium Nitrate, Potassium Sorbate, Pentylene Glycol, Sodium Benzoate. Virgin Marula Luxury Facial Oil: Sclerocarya Birrea Seed OilLala Retro™Whipped CreamWater,Glycerin, Caprylic/ Capric Triglyceride, Isopropyl Isostearate, Pseudozyma Epicola/Camellia Sinensis Seed Oil/Glucose/Glycine Soja Meal/Malt Extract/Yeast Extract Ferment Filtrate (Pseudozyma Epicola/Camellia Sinensis Seed Oil/Glucose/Yeast Extract Ferment Filtrate), Stearic Acid, Glyceryl Stearate SE, Cetearyl Alcohol, Pentylene Glycol, Plantago Lanceolata Leaf Extract, Adansonia Digitata Seed Oil, Citrullus Lanatus (Watermelon) Seed Oil, Passiflora Edulis Seed Oil, Schinziophyton Rautanenii Kernel Oil, Sclerocarya Birrea Seed Oil, Polyglyceryl-6 Ximenia Americana Seedate, Sodium Hyaluronate Crosspolymer, Ceteareth-20, Trisodium Ethylenediamine Disuccinate, Sodium Hydroxide, Citric Acid, Carbomer, Xanthan Gum, Caprylyl Glycol, Chlorphenesin, Phenoxyethanol, Ethylhexylglycerin. Umbra™ Sheer Physical Daily Defense SPF 30: Zinc Oxide 20%, Water, Caprylic/Capric Triglyceride, Dicaprylyl Carbonate, Glycerin,Pentylene Glycol, Steareth-2, Propanediol, Steareth-21, Polyhydroxystearic Acid, Cetearyl Alcohol, Silica, Sclerocarya Birrea Seed Oil, Aloe Barbadensis Leaf Extract, Chondrus Crispus Extract, Haematococcus Pluvialis Extract, Helianthus Annuus (Sunflower) Sprout Extract, Vitis Vinifera (Grape) Juice Extract, Helianthus Annuus (Sunflower) Seed Oil, Simmondsia Chinensis (Jojoba) Seed Oil, Raspberry Seed Oil/Tocopheryl Succinate Aminopropanediol Esters, Hydrolyzed Wheat Protein,Tocopheryl Acetate, Tocopherol, Sea Water, Acetyl Glucosamine, Cetearyl Glucoside, Sodium Stearoyl Glutamate, Tetrahexyldecyl Ascorbate, Glycine, Sucrose, Lecithin, Triethoxycaprylylsilane, Xanthan Gum, Trisodium Ethylenediamine Disuccinate, Caprylhydroxamic Acid, Mica, Caprylyl Glycol, Phenoxyethanol, Titanium Dioxide (CI 77891), Iron Oxides (CI 77491). Shaba Complex™ Eye Serum: Water, Octyldodecanol, Glycerin, Boron Nitride, Saccharomyces/Xylinum/Black Tea Ferment, Coconut Alkanes, Cetyl Alcohol, Cetearyl Olivate, Sorbitan Olivate, Niacinamide, Copper Tripeptide-1, Leontopodium Alpinum Meristem Cell Culture, Dipeptide-2, Palmitoyl Tripeptide-1, Palmitoyl Tetrapeptide-7, Copper Lysinate/Prolinate, Hesperidin Methyl Chalcone, Chondrus Crispus (Carrageenan), Mangifera Indica (Mango) Seed Butter, Glycine Soja (Soybean) Oil, Hippophae Rhamnoides Oil, Sclerocarya Birrea Seed Oil, Sodium Hyaluronate Crosspolymer, Hydroxyethylcellulose, Coco-Caprylate/Caprate, Steareth-20, Lecithin, Panthenol, N-Hydroxysuccinimide, Ubiquinone, Citric Acid, Thioctic Acid, Tocopherol, Chrysin, Sclerotium Gum, Methylglucoside Phosphate, Xanthan Gum, Potassium Sorbate, Sodium Benzoate, Chlorphenesin, Caprylyl Glycol, Sodium Hydroxide, Phenoxyethanol, Pentylene Glycol, Ethylhexylglycerin.""]","Uygun cilt tipleri: Combination, Dry, Normal, Oily, Sensitive.","['cb1edfb1a29b345c782c544ae2cec6ed1fbbc9f0546948635c0d17a49a4c32c2'
 '544c5b4f7ef25fb4f074afdfc342bfe9888aebed2373198a20e12bf041bdf646'
 'c830d0cdc847acd4f9b955eea7ddfd2c50148e65e380cf8b050c3103eed5f92a'
 '20ce764b52496eeafeb50b1be4dcf0e77464a0795fe242ffa2f1d5b06723aa92'
 '652c6936b3b76a58c19c0a0c639d562ab0f579dd4c9dc9f29bdd1ab7af879191']",['cb1edfb1a29b345c782c544ae2cec6ed1fbbc9f0546948635c0d17a49a4c32c2'],1.0,1.0,0.9167546876501586
"Facial Treatment Essence ürünün,n fiyatı nedir?",Facial Treatment Essence ürününün fiyatı 179'dur.,"['Ürün adı: Facial Treatment Essence\nMarka: SK-II\nKategori: Moisturizer\nFiyat: 179\nPuan: 4.1\nUygun cilt tipleri: Combination, Dry, Normal, Oily, Sensitive\n\nÜrün tanıtımı: SK-II Facial Treatment Essence, Pitera içeren özel formülüyle cildin nemlenmesine ve genel görünümünün iyileşmesine yardımcı olabilecek bir üründür. Çeşitli cilt tipleri için uygun olabilir.\nİçerik analizi: Genel olarak, formül Galactomyces Ferment Filtrate (Pitera) ana aktif bileşeni etrafında şekillenmiştir. Nemlendirici glikoller ve çeşitli koruyucular içerir. Komedojenik risk yaratabilecek belirgin bir içerik belirlenemedi. Galactomyces Ferment Filtrate (Pitera), Methylparaben, Sodium Benzoate ve Sorbic Acid hassasiyet/iritasyon riski taşıyabilir.\n\nIngredients: Galactomyces Ferment Filtrate (Pitera), Butylene Glycol, Pentylene Glycol, Water, Sodium Benzoate, Methylparaben, Sorbic Acid.'
 'Ürün adı: Lotus Youth Preserve Moisturizer\nMarka: FRESH\nKategori: Moisturizer\nFiyat: 45\nPuan: 4.3\nUygun cilt tipleri: Belirlenemedi\n\nÜrün tanıtımı: Bu nemlendirici, cildi nemlendirmeye ve beslemeye yardımcı olan çeşitli bitki özleri ve nemlendiriciler içerir. Cildin daha genç bir görünüm kazanmasına destek olabilir.\nİçerik analizi: Bu formül, nemlendirme ve antioksidan destek sağlamayı hedefleyen çeşitli nemlendiriciler, yumuşatıcılar ve bitki özleri içerir. Cilde nem çekmeye ve nemi korumaya yardımcı bileşenler barındırır. Cetearyl Alcohol, Cetyl Alcohol, Stearyl Alcohol gibi bazı yağ alkolleri komedojenik risk taşıyabilir. Citrus Limon (Lemon) Peel Oil, Limonene, Citral gibi koku bileşenleri hassasiyet/iritasyon riski yaratabilir.\n\nIngredients: Water, Glycerin, Propylene Glycol Dicaprylate/Dicaprate, Pentylene Glycol, Cetearyl Alcohol, Caprylic/Capric Triglyceride, Cetearyl Isononanoate, Betaine, Polymethyl Methacrylate, Steareth-21, Ficus Carica (Fig) Fruit Extract, Lepidium Meyenii Root Extract, Citrus Limon (Lemon) Peel Oil, Cucumis Sativus (Cucumber) Fruit Extract, Algae Extract, Nelumbo Nucifera Flower Extract, Hibiscus Esculentus Fruit Extract, Sodium Hyaluronate, Tocopheryl Acetate, Ascorbyl Tetraisopalmitate, Tocopherol, Behenyl Alcohol, Cetearyl Glucoside, Sorbitol, Dimethicone, Sodium PCA, Caprylyl Glycol, Carbomer, Tromethamine, Cetyl Alcohol, Stearyl Alcohol, Butylene Glycol, Xanthan Gum, Caramel, Citric Acid, Potassium Sorbate, Sorbic Acid, Phenoxyethanol, Limonene, Citral.'
 ""Ürün adı: Honeymoon Glow AHA Resurfacing Night Serum with Echinacea GreenEnvy™\nMarka: FARMACY\nKategori: Moisturizer\nFiyat: 58\nPuan: 4.6\nUygun cilt tipleri: Combination, Dry, Normal, Oily, Sensitive\n\nÜrün tanıtımı: Bu gece serumu, AHA'lar ve ekinezya içeren formülüyle cildin yenilenmesine ve daha ışıltılı bir görünüm kazanmasına yardımcı olabilir. Çeşitli cilt tipleri için uygun olduğu belirtilmiştir.\nİçerik analizi: Bu formül, Laktik ve Glikolik Asit gibi AHA'lar ile cildi yenilemeyi hedeflerken, çeşitli bitkisel yağlar ve hyaluronik asit türevleri ile nemlendirme ve yatıştırma sağlamayı amaçlar. Arı ürünleri ve zengin bitki özleri de içerir. Jojoba Esters ve Cetearyl Alcohol gibi bazı içerikler, bazı cilt tiplerinde komedojenik risk taşıyabilir. Laktik Asit, Glikolik Asit, Sitrik Asit, Salix Alba (Willow) Bark Extract, Citrus Limon (Lemon) Fruit Extract, Zingiber Officinale (Ginger) Root Extract ve Citral gibi içerikler hassasiyet veya iritasyon riski yaratabilir.\n\nIngredients: Water, Lactic Acid, Propanediol, Jojoba Esters, Glycolic Acid, Potassium Hydroxide, Salix Alba (Willow) Bark Extract, Carthamus Tinctorius (Safflower) Oleosomes, Vitis Vinifera (Grape) Seed Oil, Hibiscus Sabdariffa Flower Extract, Citric Acid, Honey Extract, Echinacea Purpurea Root Extract, Propolis Extract, Royal Jelly Extract, Hydrolyzed Sodium Hyaluronate, Hydrolyzed Hyaluronic Acid, Curcuma Longa (Turmeric) Root Extract, Argania Spinosa Kernel Oil, Zingiber Officinale (Ginger) Root Extract, Amaranthus Caudatus Seed Oil, Limnanthes Alba (Meadowfoam) Seed Oil, Vaccinium Myrtillus Fruit/Leaf Extract, Saccharum Officinarum (Sugarcane) Extract, Citrus Aurantium Dulcis (Orange) Fruit Extract, Citrus Limon (Lemon) Fruit Extract, Acer Saccharum (Sugar Maple) Extract, Melia Azadirachta Leaf Extract, Helianthus Annuus (Sunflower) Seed Oil, Melia Azadirachta Flower Extract, Salvia Hispanica Seed Oil, Cetearyl Alcohol, Glycerin, Arachidyl Alcohol, Sclerotium Gum, Coco-Glucoside, Polyacrylate Crosspolymer-6, Behenyl Alcohol, Arachidyl Glucoside, Sodium Benzoate, Tocopherol, Potassium Sorbate, Corallina Officinalis Extract, Polyglyceryl-10 Stearate, Gluconolactone, 1,2-Hexanediol, Ocimum Basilicum (Basil) Flower/Leaf Extract, Ocimum Sanctum Leaf Extract, T-Butyl Alcohol, Glucose, Calcium Gluconate, Citral.""
 'Ürün adı: Rose Deep Hydration Moisturizer\nMarka: FRESH\nKategori: Moisturizer\nFiyat: 40\nPuan: 4.4\nUygun cilt tipleri: Belirlenemedi\n\nÜrün tanıtımı: Fresh Rose Deep Hydration Moisturizer, cildi nemlendirmeyi hedefleyen bir üründür. İçeriğindeki gül özleri ve nemlendirici bileşenlerle cilde derinlemesine nem sağlamayı amaçlar.\nİçerik analizi: Ürün, yoğun nemlendirme ve cilt bariyerini desteklemeyi hedefleyen bir formüle sahiptir. Gliserin ve sodyum hyaluronat gibi nemlendiriciler içerir. Behenyl Alcohol ve Prunus Domestica Seed Oil gibi içerikler komedojenik risk taşıyabilir. Fragrance, Citronellol ve Geraniol hassasiyet/iritasyon riski yaratabilir.\n\nIngredients: Water, Glycerin, EthylhexylIsononanoate, Butylene Glycol, Pentylene Glycol, Propanediol,Caprylyl Methicone, Isostearyl Isostearate, Dimethicone, BehenylAlcohol, Nylon-6/12, Steareth-2, Xanthan Gum, PrunusDomestica Seed Oil, Rosa Damascena Flower Water, Algin,Angelica Keiskei Extract, Acacia Senegal Gum, Cucumis Sativus(Cucumber) Fruit Extract, Rosa Damascena Flower Oil, SodiumHyaluronate, Tocopheryl Acetate, Ammonium Acryloyldimethy-ltaurate/VP Copolymer, Steareth-21, Polyacrylamide, C13-14Isoparaffin, Acrylates/C10-30 Alkyl Acrylate Crosspolymer, Tromethamine, Dimethiconol, Laureth-7, Tetrasodium EDTA,Caprylic/Capric Triglyceride, BHT, Caramel, Serine, Fragrance, Phenoxyethanol, Citronellol, Geraniol.'
 ""Ürün adı: The Littles™\nMarka: DRUNK ELEPHANT\nKategori: Moisturizer\nFiyat: 90\nPuan: 4.4\nUygun cilt tipleri: Combination, Dry, Normal, Oily\n\nÜrün tanıtımı: The Littles™, Drunk Elephant'ın çeşitli cilt tiplerine uygun, kapsamlı bir cilt bakım rutini sunan mini ürün setidir. Temizleyiciden güneş koruyucuya kadar birçok temel ürünü içerir.\nİçerik analizi: Ürün seti, nemlendirici, antioksidan, eksfoliyan ve güneş koruyucu gibi farklı cilt ihtiyaçlarına yönelik zengin formüller sunar. Marula yağı ve çeşitli bitki özleri sıkça kullanılmıştır. Isopropyl Isostearate ve Sclerocarya Birrea Seed Oil bazı cilt tiplerinde komedojenik risk taşıyabilir. Ascorbic Acid, Glycolic Acid, Salicylic Acid, Lactic Acid, Citric Acid gibi aktifler ve Phenoxyethanol, Chlorphenesin hassasiyet/iritasyon riski yaratabilir. Niacinamide bazı kişilerde kızarıklığa neden olabilir.\n\nIngredients: Beste™ No.9 Jelly Cleanser: Water, Sodium Lauroyl Methyl Isethionate, Glycerin, Cocamidopropyl Betaine, Cocamidopropyl Hydroxysultaine, Sodium Methyl Oleoyl Taurate, Propanediol, Aloe Barbadensis Leaf Extract, Coco-Glucoside, Lauryl Glucoside, Cucumis Melo Cantalupensis Fruit Extract, Sclerocarya Birrea Seed Oil, Dipotassium Glycyrrhizate, Citric Acid, Phenoxyethanol, Sodium Benzoate, Sodium Chloride. C-Firma™ Day Serum: Water, Ethoxydiglycol, Ascorbic Acid, Glycerin, Laureth-23, Lactobacillus/Pumpkin Ferment Extract, Sclerocarya Birrea Seed Oil, Ferulic Acid, Sodium Hyaluronate, Chondrus Crispus Extract, Camellia Sinensis Leaf Extract, Lactobacillus/Punica Granatum Fruit Ferment Extract, Glycyrrhiza Glabra (Licorice) Root Extract, Vitis Vinifera (Grape) Juice Extract, Phyllanthus Emblica Fruit Extract, Hydrolyzed Wheat Protein, Tocopherol, Caprylhydroxamic Acid, Acetyl Glucosamine, Hydrolyzed Quinoa, Glutamylamidoethyl Imidazole, Dipotassium Glycyrrhizate, Tetrahydrodiferuloylmethane, Tetrahydrodemethoxydiferuloylmethane, Tetrahydrobisdemethoxydiferuloylmethane, Sodium Hyaluronate Crosspolymer, Glycine, Sucrose, Maltodextrin, Propanediol, Caprylyl Glycol, Sodium Hydroxide, Xanthan gum, Hydroxyethyl Acrylate/Sodium Acryloyldimethyl Taurate Copolymer, Isohexadecane, Polysorbate 60. B-Hydra™ Intensive Hydration Serum: Water,Coconut Alkanes, Ammonium Acryloyldimethyltaurate/VP Copolymer, Glycerin, Pentylene Glycol, Sclerocarya Birrea Seed Oil, Wheat Amino Acids, Ananas Sativus (Pineapple) Fruit Extract, Berberis Vulgaris Root Extract, Citrullus Lanatus (Watermelon) Fruit Extract, Lens Esculenta (Lentil) Fruit Extract, Pyrus Malus (Apple) Fruit Extract, Coco-Caprylate/Caprate, Panthenol, Sodium PCA, Sodium Hyaluronate Crosspolymer, Dipotassium Glycyrrhizate, Niacinamide, Cyclodextrin, Sodium Hyaluronate, Sodium Lactate, Phenoxyethanol, Hydroxyproline, Trisodium Ethylenediamine Disuccinate, Citric Acid, Caprylyl Glycol, Chlorphenesin, Ethylhexylglycerin. T.L.C. Framboos™ Glycolic Night Serum: Water, Glycolic Acid, Butylene Glycol, Glycerin, Sodium Hydroxide, Salicylic Acid, Lactic Acid, Citric Acid, Vitis Vinifera (Grape) Juice Extract, Aloe Barbadensis Leaf Juice, Opuntia Ficus-Indica Extract, Aesculus Hippocastanum (Horse Chestnut) Seed Extract, Camellia Sinensis Leaf Extract, Rubus Idaeus (Raspberry) Fruit Extract, Saccharomyces Cerevisiae Extract, Buddleja Davidii Meristem Cell Culture, Sclerocarya Birrea Seed Oil, Sodium Hyaluronate Crosspolymer, Allantoin, Hydroxyethylcellulose, Galactoarabinan, Propanediol, Disodium EDTA, Xanthan Gum, Hexylene Glycol, Phenoxyethanol, Caprylyl Glycol, Ethylhexylglycerin, Sodium Nitrate, Potassium Sorbate, Pentylene Glycol, Sodium Benzoate. Virgin Marula Luxury Facial Oil: Sclerocarya Birrea Seed OilLala Retro™Whipped CreamWater,Glycerin, Caprylic/ Capric Triglyceride, Isopropyl Isostearate, Pseudozyma Epicola/Camellia Sinensis Seed Oil/Glucose/Glycine Soja Meal/Malt Extract/Yeast Extract Ferment Filtrate (Pseudozyma Epicola/Camellia Sinensis Seed Oil/Glucose/Yeast Extract Ferment Filtrate), Stearic Acid, Glyceryl Stearate SE, Cetearyl Alcohol, Pentylene Glycol, Plantago Lanceolata Leaf Extract, Adansonia Digitata Seed Oil, Citrullus Lanatus (Watermelon) Seed Oil, Passiflora Edulis Seed Oil, Schinziophyton Rautanenii Kernel Oil, Sclerocarya Birrea Seed Oil, Polyglyceryl-6 Ximenia Americana Seedate, Sodium Hyaluronate Crosspolymer, Ceteareth-20, Trisodium Ethylenediamine Disuccinate, Sodium Hydroxide, Citric Acid, Carbomer, Xanthan Gum, Caprylyl Glycol, Chlorphenesin, Phenoxyethanol, Ethylhexylglycerin. Umbra™ Sheer Physical Daily Defense SPF 30: Zinc Oxide 20%, Water, Caprylic/Capric Triglyceride, Dicaprylyl Carbonate, Glycerin,Pentylene Glycol, Steareth-2, Propanediol, Steareth-21, Polyhydroxystearic Acid, Cetearyl Alcohol, Silica, Sclerocarya Birrea Seed Oil, Aloe Barbadensis Leaf Extract, Chondrus Crispus Extract, Haematococcus Pluvialis Extract, Helianthus Annuus (Sunflower) Sprout Extract, Vitis Vinifera (Grape) Juice Extract, Helianthus Annuus (Sunflower) Seed Oil, Simmondsia Chinensis (Jojoba) Seed Oil, Raspberry Seed Oil/Tocopheryl Succinate Aminopropanediol Esters, Hydrolyzed Wheat Protein,Tocopheryl Acetate, Tocopherol, Sea Water, Acetyl Glucosamine, Cetearyl Glucoside, Sodium Stearoyl Glutamate, Tetrahexyldecyl Ascorbate, Glycine, Sucrose, Lecithin, Triethoxycaprylylsilane, Xanthan Gum, Trisodium Ethylenediamine Disuccinate, Caprylhydroxamic Acid, Mica, Caprylyl Glycol, Phenoxyethanol, Titanium Dioxide (CI 77891), Iron Oxides (CI 77491). Shaba Complex™ Eye Serum: Water, Octyldodecanol, Glycerin, Boron Nitride, Saccharomyces/Xylinum/Black Tea Ferment, Coconut Alkanes, Cetyl Alcohol, Cetearyl Olivate, Sorbitan Olivate, Niacinamide, Copper Tripeptide-1, Leontopodium Alpinum Meristem Cell Culture, Dipeptide-2, Palmitoyl Tripeptide-1, Palmitoyl Tetrapeptide-7, Copper Lysinate/Prolinate, Hesperidin Methyl Chalcone, Chondrus Crispus (Carrageenan), Mangifera Indica (Mango) Seed Butter, Glycine Soja (Soybean) Oil, Hippophae Rhamnoides Oil, Sclerocarya Birrea Seed Oil, Sodium Hyaluronate Crosspolymer, Hydroxyethylcellulose, Coco-Caprylate/Caprate, Steareth-20, Lecithin, Panthenol, N-Hydroxysuccinimide, Ubiquinone, Citric Acid, Thioctic Acid, Tocopherol, Chrysin, Sclerotium Gum, Methylglucoside Phosphate, Xanthan Gum, Potassium Sorbate, Sodium Benzoate, Chlorphenesin, Caprylyl Glycol, Sodium Hydroxide, Phenoxyethanol, Pentylene Glycol, Ethylhexylglycerin.""]",Fiyat: 179.,"['cb1edfb1a29b345c782c544ae2cec6ed1fbbc9f0546948635c0d17a49a4c32c2'
 '544c5b4f7ef25fb4f074afdfc342bfe9888aebed2373198a20e12bf041bdf646'
 '20ce764b52496eeafeb50b1be4dcf0e77464a0795fe242ffa2f1d5b06723aa92'
 'b9f66dd877e43fcdbdaeea290c23a473aa19171380bd9ac746d6c46123f38710'
 '652c6936b3b76a58c19c0a0c639d562ab0f579dd4c9dc9f29bdd1ab7af879191']",['cb1edfb1a29b345c782c544ae2cec6ed1fbbc9f0546948635c0d17a49a4c32c2'],1.0,1.0,0.9111761228189437
SUNDAY RILEY markasının Luna Sleeping Night Oil ürününün puanı kaç?,Luna Sleeping Night Oil ürününün puanı 4.1'dir.,"['Ürün adı: Luna Sleeping Night Oil\nMarka: SUNDAY RILEY\nKategori: Moisturizer\nFiyat: 105\nPuan: 4.1\nUygun cilt tipleri: Combination, Dry, Normal, Oily, Sensitive\n\nÜrün tanıtımı: Luna Sleeping Night Oil, çeşitli cilt tipleri için uygun, gece kullanımı için tasarlanmış bir nemlendirici yağdır. Cildinize gece boyunca bakım yapmayı hedefler.\nİçerik analizi: Bu ürün, çeşitli bitkisel yağlar ve esansiyel yağlar içeren zengin bir formüle sahiptir. İçeriğinde cilt yenilenmesine yardımcı olabilecek bir retinoid (Hydroxypinacolone Retinoate) bulunmaktadır. Persea Gratissima (Avocado) Oil, bazı cilt tiplerinde komedojenik risk taşıyabilir. Hydroxypinacolone Retinoate ve çok sayıda esansiyel yağ (örneğin Citrus Aurantium Amara (Neroli) Oil, Cananga Odorata Flower (Ylang Ylang) Oil) hassasiyet veya iritasyon riski yaratabilir.\n\nIngredients: Persea Gratissima (Extra Virgin, Cold Pressed Avocado) Oil, Vitis Vinifera (Organic, Cold Pressed Concord Grape) Seed Oil, Rubus Fruticosus (Cold Pressed Blackberry) Seed Oil, Salvia Hispanica (Cold Pressed Chia) Oil, Dimethyl Isosorbide (and) Hydroxypinacolone Retinoate, Chamomilla Recutita (Matricaria) Flower Oil, Tanecetum annuum (Blue Tansy) oil, Anthemis nobilis (English Chamomile) oil, Eriocephalus punctulatus (Cape Chamomile) oil, Citrus Aurantium Amara (Neroli) Oil, Citrus Aurantium Dulcis (Blood Orange) oil, Cananga Odorata Flower (Ylang Ylang) Oil, Vetivera zizanoides (Vetiver) oil, Helianthus Annuus (Sunflower) Seed Oil (and) Rosmarinus officinalis (Rosemary) Leaf Extract, CI 61565 (Green 6), CI 60725 (Violet 2).'
 ""Ürün adı: Midnight Recovery Concentrate\nMarka: KIEHL'S SINCE 1851\nKategori: Moisturizer\nFiyat: 47\nPuan: 4.4\nUygun cilt tipleri: Combination, Dry, Normal, Oily, Sensitive\n\nÜrün tanıtımı: Kiehl's Midnight Recovery Concentrate, çeşitli bitkisel yağlar ve skualen içeren bir nemlendiricidir. Cildin gece boyunca yenilenmesine yardımcı olmayı hedefleyebilir.\nİçerik analizi: Ürün, yoğun bitkisel yağlar ve özler içeren, nemlendirme odaklı bir formüle sahiptir. Oenothera Biennis Oil ve Simmondsia Chinensis Oil gibi bazı içerikler, bazı cilt tiplerinde komedojenik risk taşıyabilir. Lavandula Angustifolia Oil, Rosmarinus Officinalis Leaf Oil gibi uçucu yağlar ile Linalool, Limonene, Citronellol gibi koku bileşenleri hassasiyet/iritasyon riski yaratabilir.\n\nIngredients: Caprylic/Capric Triglyceride Dicaprylyl Carbonate Squalane Rosa Canina Fruit Oil Oenothera Biennis Oil, Evening Primrose Oil Simmondsia Chinensis Oil, Jojoba Seed Oil Coriandrum Sativum Oil, Coriander Seed Oil Tocopherol Lavandula Angustifolia Oil, Lavender Oil Pelargonium Graveolens Flower Oil Linalool Rosmarinus Officinalis Leaf Oil, Rosemary Leaf Oil Citronellol Geraniol Lavandula Hybrida Oil Cucumis Sativus Extract, Cucumber Fruit Extract Curcuma Longa Extract, Turmeric Root Extract Limonene Citral Sclareolide Rosa Spp, Rose Flower Oil Jasminum Officinale Extract, Jasmine Extract Helianthus Annuus Seed Oil, Sunflower Seed Oil.""
 ""Ürün adı: The Littles™\nMarka: DRUNK ELEPHANT\nKategori: Moisturizer\nFiyat: 90\nPuan: 4.4\nUygun cilt tipleri: Combination, Dry, Normal, Oily\n\nÜrün tanıtımı: The Littles™, Drunk Elephant'ın çeşitli cilt tiplerine uygun, kapsamlı bir cilt bakım rutini sunan mini ürün setidir. Temizleyiciden güneş koruyucuya kadar birçok temel ürünü içerir.\nİçerik analizi: Ürün seti, nemlendirici, antioksidan, eksfoliyan ve güneş koruyucu gibi farklı cilt ihtiyaçlarına yönelik zengin formüller sunar. Marula yağı ve çeşitli bitki özleri sıkça kullanılmıştır. Isopropyl Isostearate ve Sclerocarya Birrea Seed Oil bazı cilt tiplerinde komedojenik risk taşıyabilir. Ascorbic Acid, Glycolic Acid, Salicylic Acid, Lactic Acid, Citric Acid gibi aktifler ve Phenoxyethanol, Chlorphenesin hassasiyet/iritasyon riski yaratabilir. Niacinamide bazı kişilerde kızarıklığa neden olabilir.\n\nIngredients: Beste™ No.9 Jelly Cleanser: Water, Sodium Lauroyl Methyl Isethionate, Glycerin, Cocamidopropyl Betaine, Cocamidopropyl Hydroxysultaine, Sodium Methyl Oleoyl Taurate, Propanediol, Aloe Barbadensis Leaf Extract, Coco-Glucoside, Lauryl Glucoside, Cucumis Melo Cantalupensis Fruit Extract, Sclerocarya Birrea Seed Oil, Dipotassium Glycyrrhizate, Citric Acid, Phenoxyethanol, Sodium Benzoate, Sodium Chloride. C-Firma™ Day Serum: Water, Ethoxydiglycol, Ascorbic Acid, Glycerin, Laureth-23, Lactobacillus/Pumpkin Ferment Extract, Sclerocarya Birrea Seed Oil, Ferulic Acid, Sodium Hyaluronate, Chondrus Crispus Extract, Camellia Sinensis Leaf Extract, Lactobacillus/Punica Granatum Fruit Ferment Extract, Glycyrrhiza Glabra (Licorice) Root Extract, Vitis Vinifera (Grape) Juice Extract, Phyllanthus Emblica Fruit Extract, Hydrolyzed Wheat Protein, Tocopherol, Caprylhydroxamic Acid, Acetyl Glucosamine, Hydrolyzed Quinoa, Glutamylamidoethyl Imidazole, Dipotassium Glycyrrhizate, Tetrahydrodiferuloylmethane, Tetrahydrodemethoxydiferuloylmethane, Tetrahydrobisdemethoxydiferuloylmethane, Sodium Hyaluronate Crosspolymer, Glycine, Sucrose, Maltodextrin, Propanediol, Caprylyl Glycol, Sodium Hydroxide, Xanthan gum, Hydroxyethyl Acrylate/Sodium Acryloyldimethyl Taurate Copolymer, Isohexadecane, Polysorbate 60. B-Hydra™ Intensive Hydration Serum: Water,Coconut Alkanes, Ammonium Acryloyldimethyltaurate/VP Copolymer, Glycerin, Pentylene Glycol, Sclerocarya Birrea Seed Oil, Wheat Amino Acids, Ananas Sativus (Pineapple) Fruit Extract, Berberis Vulgaris Root Extract, Citrullus Lanatus (Watermelon) Fruit Extract, Lens Esculenta (Lentil) Fruit Extract, Pyrus Malus (Apple) Fruit Extract, Coco-Caprylate/Caprate, Panthenol, Sodium PCA, Sodium Hyaluronate Crosspolymer, Dipotassium Glycyrrhizate, Niacinamide, Cyclodextrin, Sodium Hyaluronate, Sodium Lactate, Phenoxyethanol, Hydroxyproline, Trisodium Ethylenediamine Disuccinate, Citric Acid, Caprylyl Glycol, Chlorphenesin, Ethylhexylglycerin. T.L.C. Framboos™ Glycolic Night Serum: Water, Glycolic Acid, Butylene Glycol, Glycerin, Sodium Hydroxide, Salicylic Acid, Lactic Acid, Citric Acid, Vitis Vinifera (Grape) Juice Extract, Aloe Barbadensis Leaf Juice, Opuntia Ficus-Indica Extract, Aesculus Hippocastanum (Horse Chestnut) Seed Extract, Camellia Sinensis Leaf Extract, Rubus Idaeus (Raspberry) Fruit Extract, Saccharomyces Cerevisiae Extract, Buddleja Davidii Meristem Cell Culture, Sclerocarya Birrea Seed Oil, Sodium Hyaluronate Crosspolymer, Allantoin, Hydroxyethylcellulose, Galactoarabinan, Propanediol, Disodium EDTA, Xanthan Gum, Hexylene Glycol, Phenoxyethanol, Caprylyl Glycol, Ethylhexylglycerin, Sodium Nitrate, Potassium Sorbate, Pentylene Glycol, Sodium Benzoate. Virgin Marula Luxury Facial Oil: Sclerocarya Birrea Seed OilLala Retro™Whipped CreamWater,Glycerin, Caprylic/ Capric Triglyceride, Isopropyl Isostearate, Pseudozyma Epicola/Camellia Sinensis Seed Oil/Glucose/Glycine Soja Meal/Malt Extract/Yeast Extract Ferment Filtrate (Pseudozyma Epicola/Camellia Sinensis Seed Oil/Glucose/Yeast Extract Ferment Filtrate), Stearic Acid, Glyceryl Stearate SE, Cetearyl Alcohol, Pentylene Glycol, Plantago Lanceolata Leaf Extract, Adansonia Digitata Seed Oil, Citrullus Lanatus (Watermelon) Seed Oil, Passiflora Edulis Seed Oil, Schinziophyton Rautanenii Kernel Oil, Sclerocarya Birrea Seed Oil, Polyglyceryl-6 Ximenia Americana Seedate, Sodium Hyaluronate Crosspolymer, Ceteareth-20, Trisodium Ethylenediamine Disuccinate, Sodium Hydroxide, Citric Acid, Carbomer, Xanthan Gum, Caprylyl Glycol, Chlorphenesin, Phenoxyethanol, Ethylhexylglycerin. Umbra™ Sheer Physical Daily Defense SPF 30: Zinc Oxide 20%, Water, Caprylic/Capric Triglyceride, Dicaprylyl Carbonate, Glycerin,Pentylene Glycol, Steareth-2, Propanediol, Steareth-21, Polyhydroxystearic Acid, Cetearyl Alcohol, Silica, Sclerocarya Birrea Seed Oil, Aloe Barbadensis Leaf Extract, Chondrus Crispus Extract, Haematococcus Pluvialis Extract, Helianthus Annuus (Sunflower) Sprout Extract, Vitis Vinifera (Grape) Juice Extract, Helianthus Annuus (Sunflower) Seed Oil, Simmondsia Chinensis (Jojoba) Seed Oil, Raspberry Seed Oil/Tocopheryl Succinate Aminopropanediol Esters, Hydrolyzed Wheat Protein,Tocopheryl Acetate, Tocopherol, Sea Water, Acetyl Glucosamine, Cetearyl Glucoside, Sodium Stearoyl Glutamate, Tetrahexyldecyl Ascorbate, Glycine, Sucrose, Lecithin, Triethoxycaprylylsilane, Xanthan Gum, Trisodium Ethylenediamine Disuccinate, Caprylhydroxamic Acid, Mica, Caprylyl Glycol, Phenoxyethanol, Titanium Dioxide (CI 77891), Iron Oxides (CI 77491). Shaba Complex™ Eye Serum: Water, Octyldodecanol, Glycerin, Boron Nitride, Saccharomyces/Xylinum/Black Tea Ferment, Coconut Alkanes, Cetyl Alcohol, Cetearyl Olivate, Sorbitan Olivate, Niacinamide, Copper Tripeptide-1, Leontopodium Alpinum Meristem Cell Culture, Dipeptide-2, Palmitoyl Tripeptide-1, Palmitoyl Tetrapeptide-7, Copper Lysinate/Prolinate, Hesperidin Methyl Chalcone, Chondrus Crispus (Carrageenan), Mangifera Indica (Mango) Seed Butter, Glycine Soja (Soybean) Oil, Hippophae Rhamnoides Oil, Sclerocarya Birrea Seed Oil, Sodium Hyaluronate Crosspolymer, Hydroxyethylcellulose, Coco-Caprylate/Caprate, Steareth-20, Lecithin, Panthenol, N-Hydroxysuccinimide, Ubiquinone, Citric Acid, Thioctic Acid, Tocopherol, Chrysin, Sclerotium Gum, Methylglucoside Phosphate, Xanthan Gum, Potassium Sorbate, Sodium Benzoate, Chlorphenesin, Caprylyl Glycol, Sodium Hydroxide, Phenoxyethanol, Pentylene Glycol, Ethylhexylglycerin.""
 ""Ürün adı: Honeymoon Glow AHA Resurfacing Night Serum with Echinacea GreenEnvy™\nMarka: FARMACY\nKategori: Moisturizer\nFiyat: 58\nPuan: 4.6\nUygun cilt tipleri: Combination, Dry, Normal, Oily, Sensitive\n\nÜrün tanıtımı: Bu gece serumu, AHA'lar ve ekinezya içeren formülüyle cildin yenilenmesine ve daha ışıltılı bir görünüm kazanmasına yardımcı olabilir. Çeşitli cilt tipleri için uygun olduğu belirtilmiştir.\nİçerik analizi: Bu formül, Laktik ve Glikolik Asit gibi AHA'lar ile cildi yenilemeyi hedeflerken, çeşitli bitkisel yağlar ve hyaluronik asit türevleri ile nemlendirme ve yatıştırma sağlamayı amaçlar. Arı ürünleri ve zengin bitki özleri de içerir. Jojoba Esters ve Cetearyl Alcohol gibi bazı içerikler, bazı cilt tiplerinde komedojenik risk taşıyabilir. Laktik Asit, Glikolik Asit, Sitrik Asit, Salix Alba (Willow) Bark Extract, Citrus Limon (Lemon) Fruit Extract, Zingiber Officinale (Ginger) Root Extract ve Citral gibi içerikler hassasiyet veya iritasyon riski yaratabilir.\n\nIngredients: Water, Lactic Acid, Propanediol, Jojoba Esters, Glycolic Acid, Potassium Hydroxide, Salix Alba (Willow) Bark Extract, Carthamus Tinctorius (Safflower) Oleosomes, Vitis Vinifera (Grape) Seed Oil, Hibiscus Sabdariffa Flower Extract, Citric Acid, Honey Extract, Echinacea Purpurea Root Extract, Propolis Extract, Royal Jelly Extract, Hydrolyzed Sodium Hyaluronate, Hydrolyzed Hyaluronic Acid, Curcuma Longa (Turmeric) Root Extract, Argania Spinosa Kernel Oil, Zingiber Officinale (Ginger) Root Extract, Amaranthus Caudatus Seed Oil, Limnanthes Alba (Meadowfoam) Seed Oil, Vaccinium Myrtillus Fruit/Leaf Extract, Saccharum Officinarum (Sugarcane) Extract, Citrus Aurantium Dulcis (Orange) Fruit Extract, Citrus Limon (Lemon) Fruit Extract, Acer Saccharum (Sugar Maple) Extract, Melia Azadirachta Leaf Extract, Helianthus Annuus (Sunflower) Seed Oil, Melia Azadirachta Flower Extract, Salvia Hispanica Seed Oil, Cetearyl Alcohol, Glycerin, Arachidyl Alcohol, Sclerotium Gum, Coco-Glucoside, Polyacrylate Crosspolymer-6, Behenyl Alcohol, Arachidyl Glucoside, Sodium Benzoate, Tocopherol, Potassium Sorbate, Corallina Officinalis Extract, Polyglyceryl-10 Stearate, Gluconolactone, 1,2-Hexanediol, Ocimum Basilicum (Basil) Flower/Leaf Extract, Ocimum Sanctum Leaf Extract, T-Butyl Alcohol, Glucose, Calcium Gluconate, Citral.""
 'Ürün adı: Your Skin But Better™ CC+™ Cream with SPF 50+\nMarka: IT COSMETICS\nKategori: Moisturizer\nFiyat: 38\nPuan: 4.1\nUygun cilt tipleri: Combination, Dry, Normal, Oily, Sensitive\n\nÜrün tanıtımı: Bu ürün, cilde renk eşitleme ve yüksek SPF 50+ güneş koruması sunan, nemlendirici özelliklere sahip bir CC kremidir. Cilt tonunu eşitlemeye ve nemlendirmeye yardımcı olabilir.\nİçerik analizi: Ürün, nemlendirici, SPF ve çeşitli aktif bileşenler içeren zengin bir formüle sahiptir. Salyangoz salgısı filtratı, silikonlar, bitkisel yağlar ve vitaminler içerir. Stearik Asit, Orbignya Oleifera Seed Oil ve Persea Gratissima (Avocado) Oil komedojenik risk taşıyabilir. Narenciye yağları (Citrus Medica Limonum Peel Oil, Citrus Aurantium Bergamia Fruit Oil vb.) ve Eucalyptus Globulus Leaf Oil hassasiyet/iritasyon riski yaratabilir. Chlorhexidine Digluconate de hassasiyet riski taşıyabilir.\n\nIngredients: Water, Snail Secretion Filtrate, Phenyl Trimethicone, Dimethicone, Butylene Glycol, Butylene Glycol Dicaprylate/Dicaprate, Orbignya Oleifera Seed Oil, Butyloctyl Salicylate, Cetyl Peg/Ppg-10/1 Dimethicone, Cyclopentasiloxane, Cyclohexasiloxane, Magnesium Sulfate, Polyglyceryl-4 Isostearate, Dimethicone/Vinyl Dimethicone Crosspolymer, Aluminum Hydroxide, Hexyl Laurate, Stearic Acid, Calcium Stearate, Caprylyl Glycol, Triethoxycaprylylsilane, Ethylhexylglycerin, Citrus Medica Limonum (Lemon) Peel Oil, Tocopheryl Acetate, Sorbitan Isostearate, Phenoxyethanol, Citrus Aurantium Bergamia (Bergamot) Fruit Oil, 1,2-Hexanediol, Disodium Edta, Citrus Aurantium Dulcis (Orange) Peel Oil, Citrus Aurantifolia (Lime) Oil, Vitis Vinifera (Grape) Seed Oil, Punica Granatum Seed Oil, Pinus Sylvestris Leaf Oil, Persea Gratissima (Avocado) Oil, Niacinamide, Citrus Grandis (Grapefruit) Peel Oil, Cholesterol, Anthemis Nobilis Flower Water, Lactobacillus/Honeysuckle Flower/Licorice Root/Morus Alba Root/Pueraria Lobata Root/Schizandra Chinensis Fruit/Scutellaria Baicalensis Root/Sophora Japonica Flower Extract Ferment Filtrate, Perfluorohexane, Olea Europaea (Olive) Leaf Extract, Glycerin, Eucalyptus Globulus Leaf Oil, Camellia Sinensis Leaf Extract, Chrysanthemum Indicum Flower Extract, Pueraria Lobata Root Extract, Perfluorodecalin, Morus Alba Fruit Extract, Magnolia Kobus Bark Extract, Glycine Soja (Soybean) Sprout Extract, Diospyros Kaki Leaf Extract, Cinnamomum Cassia Bark Extract, Artemisia Princeps Leaf Extract, Pentafluoropropane, Curcuma Longa (Turmeric) Root Extract, Steareth-20, Hydrolyzed Hyaluronic Acid, Colloidal Oatmeal, Hydrolyzed Silk, Citric Acid, Sodium Benzoate, Potassium Sorbate, Aloe Barbadensis Leaf Extract, N-Hydroxysuccinimide, Hydrolyzed Collagen, Caprylhydroxamic Acid, Tocopherol, Thiamine Hcl, Riboflavin, Retinyl Palmitate, Pantothenic Acid, Palmitoyl Oligopeptide, Niacin, Folic Acid, Chrysin, Carnitine Hcl, Biotin, Ascorbic Acid, Palmitoyl Tetrapeptide-7, Chlorhexidine Digluconate. May Contain: Iron Oxides (Ci 77492, Ci 77491, Ci 77499).']",Puan: 4.1.,"['4f73da63ed2c4e8fca5cddd9ef5a2393bc90f39df6a297eddc84c94e95a8ed3e'
 'f3ad7ba47540983755a803b0298804e1f50311b268fcccbaaa9928cfea6a9c9b'
 '652c6936b3b76a58c19c0a0c639d562ab0f579dd4c9dc9f29bdd1ab7af879191'
 '20ce764b52496eeafeb50b1be4dcf0e77464a0795fe242ffa2f1d5b06723aa92'
 '02415a33943b2cc65c009174fd5b3f5a0cffb6f23d553fd8266e9b7f26f16cc0']",['4f73da63ed2c4e8fca5cddd9ef5a2393bc90f39df6a297eddc84c94e95a8ed3e'],1.0,1.0,0.8769048533107698
Luna Sleeping Night Oil ürünü hangi cilt tipleri için uygundur?,"Luna Sleeping Night Oil ürünü Combination, Dry, Normal, Oily, Sensitive cilt tipleri için uygundur.","['Ürün adı: Luna Sleeping Night Oil\nMarka: SUNDAY RILEY\nKategori: Moisturizer\nFiyat: 105\nPuan: 4.1\nUygun cilt tipleri: Combination, Dry, Normal, Oily, Sensitive\n\nÜrün tanıtımı: Luna Sleeping Night Oil, çeşitli cilt tipleri için uygun, gece kullanımı için tasarlanmış bir nemlendirici yağdır. Cildinize gece boyunca bakım yapmayı hedefler.\nİçerik analizi: Bu ürün, çeşitli bitkisel yağlar ve esansiyel yağlar içeren zengin bir formüle sahiptir. İçeriğinde cilt yenilenmesine yardımcı olabilecek bir retinoid (Hydroxypinacolone Retinoate) bulunmaktadır. Persea Gratissima (Avocado) Oil, bazı cilt tiplerinde komedojenik risk taşıyabilir. Hydroxypinacolone Retinoate ve çok sayıda esansiyel yağ (örneğin Citrus Aurantium Amara (Neroli) Oil, Cananga Odorata Flower (Ylang Ylang) Oil) hassasiyet veya iritasyon riski yaratabilir.\n\nIngredients: Persea Gratissima (Extra Virgin, Cold Pressed Avocado) Oil, Vitis Vinifera (Organic, Cold Pressed Concord Grape) Seed Oil, Rubus Fruticosus (Cold Pressed Blackberry) Seed Oil, Salvia Hispanica (Cold Pressed Chia) Oil, Dimethyl Isosorbide (and) Hydroxypinacolone Retinoate, Chamomilla Recutita (Matricaria) Flower Oil, Tanecetum annuum (Blue Tansy) oil, Anthemis nobilis (English Chamomile) oil, Eriocephalus punctulatus (Cape Chamomile) oil, Citrus Aurantium Amara (Neroli) Oil, Citrus Aurantium Dulcis (Blood Orange) oil, Cananga Odorata Flower (Ylang Ylang) Oil, Vetivera zizanoides (Vetiver) oil, Helianthus Annuus (Sunflower) Seed Oil (and) Rosmarinus officinalis (Rosemary) Leaf Extract, CI 61565 (Green 6), CI 60725 (Violet 2).'
 ""Ürün adı: Midnight Recovery Concentrate\nMarka: KIEHL'S SINCE 1851\nKategori: Moisturizer\nFiyat: 47\nPuan: 4.4\nUygun cilt tipleri: Combination, Dry, Normal, Oily, Sensitive\n\nÜrün tanıtımı: Kiehl's Midnight Recovery Concentrate, çeşitli bitkisel yağlar ve skualen içeren bir nemlendiricidir. Cildin gece boyunca yenilenmesine yardımcı olmayı hedefleyebilir.\nİçerik analizi: Ürün, yoğun bitkisel yağlar ve özler içeren, nemlendirme odaklı bir formüle sahiptir. Oenothera Biennis Oil ve Simmondsia Chinensis Oil gibi bazı içerikler, bazı cilt tiplerinde komedojenik risk taşıyabilir. Lavandula Angustifolia Oil, Rosmarinus Officinalis Leaf Oil gibi uçucu yağlar ile Linalool, Limonene, Citronellol gibi koku bileşenleri hassasiyet/iritasyon riski yaratabilir.\n\nIngredients: Caprylic/Capric Triglyceride Dicaprylyl Carbonate Squalane Rosa Canina Fruit Oil Oenothera Biennis Oil, Evening Primrose Oil Simmondsia Chinensis Oil, Jojoba Seed Oil Coriandrum Sativum Oil, Coriander Seed Oil Tocopherol Lavandula Angustifolia Oil, Lavender Oil Pelargonium Graveolens Flower Oil Linalool Rosmarinus Officinalis Leaf Oil, Rosemary Leaf Oil Citronellol Geraniol Lavandula Hybrida Oil Cucumis Sativus Extract, Cucumber Fruit Extract Curcuma Longa Extract, Turmeric Root Extract Limonene Citral Sclareolide Rosa Spp, Rose Flower Oil Jasminum Officinale Extract, Jasmine Extract Helianthus Annuus Seed Oil, Sunflower Seed Oil.""
 ""Ürün adı: Honeymoon Glow AHA Resurfacing Night Serum with Echinacea GreenEnvy™\nMarka: FARMACY\nKategori: Moisturizer\nFiyat: 58\nPuan: 4.6\nUygun cilt tipleri: Combination, Dry, Normal, Oily, Sensitive\n\nÜrün tanıtımı: Bu gece serumu, AHA'lar ve ekinezya içeren formülüyle cildin yenilenmesine ve daha ışıltılı bir görünüm kazanmasına yardımcı olabilir. Çeşitli cilt tipleri için uygun olduğu belirtilmiştir.\nİçerik analizi: Bu formül, Laktik ve Glikolik Asit gibi AHA'lar ile cildi yenilemeyi hedeflerken, çeşitli bitkisel yağlar ve hyaluronik asit türevleri ile nemlendirme ve yatıştırma sağlamayı amaçlar. Arı ürünleri ve zengin bitki özleri de içerir. Jojoba Esters ve Cetearyl Alcohol gibi bazı içerikler, bazı cilt tiplerinde komedojenik risk taşıyabilir. Laktik Asit, Glikolik Asit, Sitrik Asit, Salix Alba (Willow) Bark Extract, Citrus Limon (Lemon) Fruit Extract, Zingiber Officinale (Ginger) Root Extract ve Citral gibi içerikler hassasiyet veya iritasyon riski yaratabilir.\n\nIngredients: Water, Lactic Acid, Propanediol, Jojoba Esters, Glycolic Acid, Potassium Hydroxide, Salix Alba (Willow) Bark Extract, Carthamus Tinctorius (Safflower) Oleosomes, Vitis Vinifera (Grape) Seed Oil, Hibiscus Sabdariffa Flower Extract, Citric Acid, Honey Extract, Echinacea Purpurea Root Extract, Propolis Extract, Royal Jelly Extract, Hydrolyzed Sodium Hyaluronate, Hydrolyzed Hyaluronic Acid, Curcuma Longa (Turmeric) Root Extract, Argania Spinosa Kernel Oil, Zingiber Officinale (Ginger) Root Extract, Amaranthus Caudatus Seed Oil, Limnanthes Alba (Meadowfoam) Seed Oil, Vaccinium Myrtillus Fruit/Leaf Extract, Saccharum Officinarum (Sugarcane) Extract, Citrus Aurantium Dulcis (Orange) Fruit Extract, Citrus Limon (Lemon) Fruit Extract, Acer Saccharum (Sugar Maple) Extract, Melia Azadirachta Leaf Extract, Helianthus Annuus (Sunflower) Seed Oil, Melia Azadirachta Flower Extract, Salvia Hispanica Seed Oil, Cetearyl Alcohol, Glycerin, Arachidyl Alcohol, Sclerotium Gum, Coco-Glucoside, Polyacrylate Crosspolymer-6, Behenyl Alcohol, Arachidyl Glucoside, Sodium Benzoate, Tocopherol, Potassium Sorbate, Corallina Officinalis Extract, Polyglyceryl-10 Stearate, Gluconolactone, 1,2-Hexanediol, Ocimum Basilicum (Basil) Flower/Leaf Extract, Ocimum Sanctum Leaf Extract, T-Butyl Alcohol, Glucose, Calcium Gluconate, Citral.""
 'Ürün adı: Virgin Marula Luxury Facial Oil\nMarka: DRUNK ELEPHANT\nKategori: Moisturizer\nFiyat: 72\nPuan: 4.4\nUygun cilt tipleri: Combination, Dry, Normal, Oily\n\nÜrün tanıtımı: Bu ürün, cildi nemlendirmeye yardımcı olabilecek %100 saf ve rafine edilmemiş marula çekirdeği yağı içeren lüks bir yüz yağıdır. Çeşitli cilt tipleri için uygun olabilir ve cilde besleyici bir bakım sunmayı hedefleyebilir.\n100% Unrefined Sclerocraya Birrea (Marula) Kernel Oil.\n\nİçerik analizi: Bu ürün tek bir bileşenden, saf Marula çekirdeği yağından oluşur. Cildi nemlendirmeye ve beslemeye yardımcı olabilir. Sclerocraya Birrea (Marula) Kernel Oil bazı cilt tiplerinde komedojenik risk taşıyabilir. Ayrıca, doğal bir yağ olduğu için hassasiyet/iritasyon riski yaratabilir.\n\nIngredients: 100% Unrefined Sclerocraya Birrea (Marula) Kernel Oil.'
 'Ürün adı: Crème de la Mer Mini\nMarka: LA MER\nKategori: Moisturizer\nFiyat: 85\nPuan: 4.1\nUygun cilt tipleri: Combination, Dry, Normal, Oily, Sensitive\n\nÜrün tanıtımı: LA MER Crème de la Mer Mini, çeşitli cilt tipleri için tasarlanmış bir nemlendiricidir. Cilde yoğun nem sağlamayı hedefleyebilir.\nİçerik analizi: Formül, yoğun nemlendirme ve cilt bariyerini desteklemeyi amaçlayan oklüzif ve nemlendirici içerikler açısından zengindir. Ayrıca çeşitli bitki özleri, vitaminler ve koku bileşenleri içerir. Lanolin Alcohol, Sesamum Indicum (Sesame) Seed Oil ve Decyl Oleate gibi içerikler komedojenik risk taşıyabilir. Alcohol Denat., Fragrance, Eucalyptus Globulus (Eucalyptus) Leaf Oil ve Limonene gibi bileşenler hassasiyet veya iritasyon riski yaratabilir.\n\nIngredients: Algae (Seaweed) Extract, Mineral Oil, Petrolatum, Glycerin, Isohexadecane, Microcrystalline Wax, Lanolin Alcohol, Citrus Aurantifolia (Lime) Extract, Sesamum Indicum (Sesame) Seed Oil, Eucalyptus Globulus (Eucalyptus) Leaf Oil, Sesamum Indicum (Sesame) Seed Powder, Medicago Sativa (Alfalfa) Seed Powder, Helianthus Annuus (Sunflower) Seedcake, Prunus Amygdalus Dulcis (Sweet Almond) Seed Meal, Sodium Gluconate, Copper Gluconate, Calcium Gluconate, Magnesium Gluconate, Zinc Gluconate, Magnesium Sulfate, Paraffin, Tocopheryl Succinate, Niacin, Water, Beta-Carotene, Decyl Oleate, Aluminum Distearate, Octyldodecanol, Citric Acid, Cyanocobalamin, Magnesium Stearate, Panthenol, Limonene, Geraniol, Linalool, Hydroxycitronellal, Citronellol, Benzyl Salicylate, Citral, Sodium Benzoate, Alcohol Denat., Fragrance.']","Uygun cilt tipleri: Combination, Dry, Normal, Oily, Sensitive.","['4f73da63ed2c4e8fca5cddd9ef5a2393bc90f39df6a297eddc84c94e95a8ed3e'
 'f3ad7ba47540983755a803b0298804e1f50311b268fcccbaaa9928cfea6a9c9b'
 '20ce764b52496eeafeb50b1be4dcf0e77464a0795fe242ffa2f1d5b06723aa92'
 '0298e1a8255f33f4ad3cdddc06c0436c6d97e78894df11e4e25b28252d3143dd'
 'a39ed2a19f44e024c760ac9ee4e1990ef316651340b02424158d8bc43e6bf64f']",['4f73da63ed2c4e8fca5cddd9ef5a2393bc90f39df6a297eddc84c94e95a8ed3e'],1.0,1.0,0.9200424067219547
"Luna Sleeping Night Oil ürünün,n fiyatı nedir?",Luna Sleeping Night Oil ürününün fiyatı 105'tir.,"['Ürün adı: Luna Sleeping Night Oil\nMarka: SUNDAY RILEY\nKategori: Moisturizer\nFiyat: 105\nPuan: 4.1\nUygun cilt tipleri: Combination, Dry, Normal, Oily, Sensitive\n\nÜrün tanıtımı: Luna Sleeping Night Oil, çeşitli cilt tipleri için uygun, gece kullanımı için tasarlanmış bir nemlendirici yağdır. Cildinize gece boyunca bakım yapmayı hedefler.\nİçerik analizi: Bu ürün, çeşitli bitkisel yağlar ve esansiyel yağlar içeren zengin bir formüle sahiptir. İçeriğinde cilt yenilenmesine yardımcı olabilecek bir retinoid (Hydroxypinacolone Retinoate) bulunmaktadır. Persea Gratissima (Avocado) Oil, bazı cilt tiplerinde komedojenik risk taşıyabilir. Hydroxypinacolone Retinoate ve çok sayıda esansiyel yağ (örneğin Citrus Aurantium Amara (Neroli) Oil, Cananga Odorata Flower (Ylang Ylang) Oil) hassasiyet veya iritasyon riski yaratabilir.\n\nIngredients: Persea Gratissima (Extra Virgin, Cold Pressed Avocado) Oil, Vitis Vinifera (Organic, Cold Pressed Concord Grape) Seed Oil, Rubus Fruticosus (Cold Pressed Blackberry) Seed Oil, Salvia Hispanica (Cold Pressed Chia) Oil, Dimethyl Isosorbide (and) Hydroxypinacolone Retinoate, Chamomilla Recutita (Matricaria) Flower Oil, Tanecetum annuum (Blue Tansy) oil, Anthemis nobilis (English Chamomile) oil, Eriocephalus punctulatus (Cape Chamomile) oil, Citrus Aurantium Amara (Neroli) Oil, Citrus Aurantium Dulcis (Blood Orange) oil, Cananga Odorata Flower (Ylang Ylang) Oil, Vetivera zizanoides (Vetiver) oil, Helianthus Annuus (Sunflower) Seed Oil (and) Rosmarinus officinalis (Rosemary) Leaf Extract, CI 61565 (Green 6), CI 60725 (Violet 2).'
 ""Ürün adı: Midnight Recovery Concentrate\nMarka: KIEHL'S SINCE 1851\nKategori: Moisturizer\nFiyat: 47\nPuan: 4.4\nUygun cilt tipleri: Combination, Dry, Normal, Oily, Sensitive\n\nÜrün tanıtımı: Kiehl's Midnight Recovery Concentrate, çeşitli bitkisel yağlar ve skualen içeren bir nemlendiricidir. Cildin gece boyunca yenilenmesine yardımcı olmayı hedefleyebilir.\nİçerik analizi: Ürün, yoğun bitkisel yağlar ve özler içeren, nemlendirme odaklı bir formüle sahiptir. Oenothera Biennis Oil ve Simmondsia Chinensis Oil gibi bazı içerikler, bazı cilt tiplerinde komedojenik risk taşıyabilir. Lavandula Angustifolia Oil, Rosmarinus Officinalis Leaf Oil gibi uçucu yağlar ile Linalool, Limonene, Citronellol gibi koku bileşenleri hassasiyet/iritasyon riski yaratabilir.\n\nIngredients: Caprylic/Capric Triglyceride Dicaprylyl Carbonate Squalane Rosa Canina Fruit Oil Oenothera Biennis Oil, Evening Primrose Oil Simmondsia Chinensis Oil, Jojoba Seed Oil Coriandrum Sativum Oil, Coriander Seed Oil Tocopherol Lavandula Angustifolia Oil, Lavender Oil Pelargonium Graveolens Flower Oil Linalool Rosmarinus Officinalis Leaf Oil, Rosemary Leaf Oil Citronellol Geraniol Lavandula Hybrida Oil Cucumis Sativus Extract, Cucumber Fruit Extract Curcuma Longa Extract, Turmeric Root Extract Limonene Citral Sclareolide Rosa Spp, Rose Flower Oil Jasminum Officinale Extract, Jasmine Extract Helianthus Annuus Seed Oil, Sunflower Seed Oil.""
 ""Ürün adı: Honeymoon Glow AHA Resurfacing Night Serum with Echinacea GreenEnvy™\nMarka: FARMACY\nKategori: Moisturizer\nFiyat: 58\nPuan: 4.6\nUygun cilt tipleri: Combination, Dry, Normal, Oily, Sensitive\n\nÜrün tanıtımı: Bu gece serumu, AHA'lar ve ekinezya içeren formülüyle cildin yenilenmesine ve daha ışıltılı bir görünüm kazanmasına yardımcı olabilir. Çeşitli cilt tipleri için uygun olduğu belirtilmiştir.\nİçerik analizi: Bu formül, Laktik ve Glikolik Asit gibi AHA'lar ile cildi yenilemeyi hedeflerken, çeşitli bitkisel yağlar ve hyaluronik asit türevleri ile nemlendirme ve yatıştırma sağlamayı amaçlar. Arı ürünleri ve zengin bitki özleri de içerir. Jojoba Esters ve Cetearyl Alcohol gibi bazı içerikler, bazı cilt tiplerinde komedojenik risk taşıyabilir. Laktik Asit, Glikolik Asit, Sitrik Asit, Salix Alba (Willow) Bark Extract, Citrus Limon (Lemon) Fruit Extract, Zingiber Officinale (Ginger) Root Extract ve Citral gibi içerikler hassasiyet veya iritasyon riski yaratabilir.\n\nIngredients: Water, Lactic Acid, Propanediol, Jojoba Esters, Glycolic Acid, Potassium Hydroxide, Salix Alba (Willow) Bark Extract, Carthamus Tinctorius (Safflower) Oleosomes, Vitis Vinifera (Grape) Seed Oil, Hibiscus Sabdariffa Flower Extract, Citric Acid, Honey Extract, Echinacea Purpurea Root Extract, Propolis Extract, Royal Jelly Extract, Hydrolyzed Sodium Hyaluronate, Hydrolyzed Hyaluronic Acid, Curcuma Longa (Turmeric) Root Extract, Argania Spinosa Kernel Oil, Zingiber Officinale (Ginger) Root Extract, Amaranthus Caudatus Seed Oil, Limnanthes Alba (Meadowfoam) Seed Oil, Vaccinium Myrtillus Fruit/Leaf Extract, Saccharum Officinarum (Sugarcane) Extract, Citrus Aurantium Dulcis (Orange) Fruit Extract, Citrus Limon (Lemon) Fruit Extract, Acer Saccharum (Sugar Maple) Extract, Melia Azadirachta Leaf Extract, Helianthus Annuus (Sunflower) Seed Oil, Melia Azadirachta Flower Extract, Salvia Hispanica Seed Oil, Cetearyl Alcohol, Glycerin, Arachidyl Alcohol, Sclerotium Gum, Coco-Glucoside, Polyacrylate Crosspolymer-6, Behenyl Alcohol, Arachidyl Glucoside, Sodium Benzoate, Tocopherol, Potassium Sorbate, Corallina Officinalis Extract, Polyglyceryl-10 Stearate, Gluconolactone, 1,2-Hexanediol, Ocimum Basilicum (Basil) Flower/Leaf Extract, Ocimum Sanctum Leaf Extract, T-Butyl Alcohol, Glucose, Calcium Gluconate, Citral.""
 ""Ürün adı: The Littles™\nMarka: DRUNK ELEPHANT\nKategori: Moisturizer\nFiyat: 90\nPuan: 4.4\nUygun cilt tipleri: Combination, Dry, Normal, Oily\n\nÜrün tanıtımı: The Littles™, Drunk Elephant'ın çeşitli cilt tiplerine uygun, kapsamlı bir cilt bakım rutini sunan mini ürün setidir. Temizleyiciden güneş koruyucuya kadar birçok temel ürünü içerir.\nİçerik analizi: Ürün seti, nemlendirici, antioksidan, eksfoliyan ve güneş koruyucu gibi farklı cilt ihtiyaçlarına yönelik zengin formüller sunar. Marula yağı ve çeşitli bitki özleri sıkça kullanılmıştır. Isopropyl Isostearate ve Sclerocarya Birrea Seed Oil bazı cilt tiplerinde komedojenik risk taşıyabilir. Ascorbic Acid, Glycolic Acid, Salicylic Acid, Lactic Acid, Citric Acid gibi aktifler ve Phenoxyethanol, Chlorphenesin hassasiyet/iritasyon riski yaratabilir. Niacinamide bazı kişilerde kızarıklığa neden olabilir.\n\nIngredients: Beste™ No.9 Jelly Cleanser: Water, Sodium Lauroyl Methyl Isethionate, Glycerin, Cocamidopropyl Betaine, Cocamidopropyl Hydroxysultaine, Sodium Methyl Oleoyl Taurate, Propanediol, Aloe Barbadensis Leaf Extract, Coco-Glucoside, Lauryl Glucoside, Cucumis Melo Cantalupensis Fruit Extract, Sclerocarya Birrea Seed Oil, Dipotassium Glycyrrhizate, Citric Acid, Phenoxyethanol, Sodium Benzoate, Sodium Chloride. C-Firma™ Day Serum: Water, Ethoxydiglycol, Ascorbic Acid, Glycerin, Laureth-23, Lactobacillus/Pumpkin Ferment Extract, Sclerocarya Birrea Seed Oil, Ferulic Acid, Sodium Hyaluronate, Chondrus Crispus Extract, Camellia Sinensis Leaf Extract, Lactobacillus/Punica Granatum Fruit Ferment Extract, Glycyrrhiza Glabra (Licorice) Root Extract, Vitis Vinifera (Grape) Juice Extract, Phyllanthus Emblica Fruit Extract, Hydrolyzed Wheat Protein, Tocopherol, Caprylhydroxamic Acid, Acetyl Glucosamine, Hydrolyzed Quinoa, Glutamylamidoethyl Imidazole, Dipotassium Glycyrrhizate, Tetrahydrodiferuloylmethane, Tetrahydrodemethoxydiferuloylmethane, Tetrahydrobisdemethoxydiferuloylmethane, Sodium Hyaluronate Crosspolymer, Glycine, Sucrose, Maltodextrin, Propanediol, Caprylyl Glycol, Sodium Hydroxide, Xanthan gum, Hydroxyethyl Acrylate/Sodium Acryloyldimethyl Taurate Copolymer, Isohexadecane, Polysorbate 60. B-Hydra™ Intensive Hydration Serum: Water,Coconut Alkanes, Ammonium Acryloyldimethyltaurate/VP Copolymer, Glycerin, Pentylene Glycol, Sclerocarya Birrea Seed Oil, Wheat Amino Acids, Ananas Sativus (Pineapple) Fruit Extract, Berberis Vulgaris Root Extract, Citrullus Lanatus (Watermelon) Fruit Extract, Lens Esculenta (Lentil) Fruit Extract, Pyrus Malus (Apple) Fruit Extract, Coco-Caprylate/Caprate, Panthenol, Sodium PCA, Sodium Hyaluronate Crosspolymer, Dipotassium Glycyrrhizate, Niacinamide, Cyclodextrin, Sodium Hyaluronate, Sodium Lactate, Phenoxyethanol, Hydroxyproline, Trisodium Ethylenediamine Disuccinate, Citric Acid, Caprylyl Glycol, Chlorphenesin, Ethylhexylglycerin. T.L.C. Framboos™ Glycolic Night Serum: Water, Glycolic Acid, Butylene Glycol, Glycerin, Sodium Hydroxide, Salicylic Acid, Lactic Acid, Citric Acid, Vitis Vinifera (Grape) Juice Extract, Aloe Barbadensis Leaf Juice, Opuntia Ficus-Indica Extract, Aesculus Hippocastanum (Horse Chestnut) Seed Extract, Camellia Sinensis Leaf Extract, Rubus Idaeus (Raspberry) Fruit Extract, Saccharomyces Cerevisiae Extract, Buddleja Davidii Meristem Cell Culture, Sclerocarya Birrea Seed Oil, Sodium Hyaluronate Crosspolymer, Allantoin, Hydroxyethylcellulose, Galactoarabinan, Propanediol, Disodium EDTA, Xanthan Gum, Hexylene Glycol, Phenoxyethanol, Caprylyl Glycol, Ethylhexylglycerin, Sodium Nitrate, Potassium Sorbate, Pentylene Glycol, Sodium Benzoate. Virgin Marula Luxury Facial Oil: Sclerocarya Birrea Seed OilLala Retro™Whipped CreamWater,Glycerin, Caprylic/ Capric Triglyceride, Isopropyl Isostearate, Pseudozyma Epicola/Camellia Sinensis Seed Oil/Glucose/Glycine Soja Meal/Malt Extract/Yeast Extract Ferment Filtrate (Pseudozyma Epicola/Camellia Sinensis Seed Oil/Glucose/Yeast Extract Ferment Filtrate), Stearic Acid, Glyceryl Stearate SE, Cetearyl Alcohol, Pentylene Glycol, Plantago Lanceolata Leaf Extract, Adansonia Digitata Seed Oil, Citrullus Lanatus (Watermelon) Seed Oil, Passiflora Edulis Seed Oil, Schinziophyton Rautanenii Kernel Oil, Sclerocarya Birrea Seed Oil, Polyglyceryl-6 Ximenia Americana Seedate, Sodium Hyaluronate Crosspolymer, Ceteareth-20, Trisodium Ethylenediamine Disuccinate, Sodium Hydroxide, Citric Acid, Carbomer, Xanthan Gum, Caprylyl Glycol, Chlorphenesin, Phenoxyethanol, Ethylhexylglycerin. Umbra™ Sheer Physical Daily Defense SPF 30: Zinc Oxide 20%, Water, Caprylic/Capric Triglyceride, Dicaprylyl Carbonate, Glycerin,Pentylene Glycol, Steareth-2, Propanediol, Steareth-21, Polyhydroxystearic Acid, Cetearyl Alcohol, Silica, Sclerocarya Birrea Seed Oil, Aloe Barbadensis Leaf Extract, Chondrus Crispus Extract, Haematococcus Pluvialis Extract, Helianthus Annuus (Sunflower) Sprout Extract, Vitis Vinifera (Grape) Juice Extract, Helianthus Annuus (Sunflower) Seed Oil, Simmondsia Chinensis (Jojoba) Seed Oil, Raspberry Seed Oil/Tocopheryl Succinate Aminopropanediol Esters, Hydrolyzed Wheat Protein,Tocopheryl Acetate, Tocopherol, Sea Water, Acetyl Glucosamine, Cetearyl Glucoside, Sodium Stearoyl Glutamate, Tetrahexyldecyl Ascorbate, Glycine, Sucrose, Lecithin, Triethoxycaprylylsilane, Xanthan Gum, Trisodium Ethylenediamine Disuccinate, Caprylhydroxamic Acid, Mica, Caprylyl Glycol, Phenoxyethanol, Titanium Dioxide (CI 77891), Iron Oxides (CI 77491). Shaba Complex™ Eye Serum: Water, Octyldodecanol, Glycerin, Boron Nitride, Saccharomyces/Xylinum/Black Tea Ferment, Coconut Alkanes, Cetyl Alcohol, Cetearyl Olivate, Sorbitan Olivate, Niacinamide, Copper Tripeptide-1, Leontopodium Alpinum Meristem Cell Culture, Dipeptide-2, Palmitoyl Tripeptide-1, Palmitoyl Tetrapeptide-7, Copper Lysinate/Prolinate, Hesperidin Methyl Chalcone, Chondrus Crispus (Carrageenan), Mangifera Indica (Mango) Seed Butter, Glycine Soja (Soybean) Oil, Hippophae Rhamnoides Oil, Sclerocarya Birrea Seed Oil, Sodium Hyaluronate Crosspolymer, Hydroxyethylcellulose, Coco-Caprylate/Caprate, Steareth-20, Lecithin, Panthenol, N-Hydroxysuccinimide, Ubiquinone, Citric Acid, Thioctic Acid, Tocopherol, Chrysin, Sclerotium Gum, Methylglucoside Phosphate, Xanthan Gum, Potassium Sorbate, Sodium Benzoate, Chlorphenesin, Caprylyl Glycol, Sodium Hydroxide, Phenoxyethanol, Pentylene Glycol, Ethylhexylglycerin.""
 'Ürün adı: Lotus Youth Preserve Moisturizer\nMarka: FRESH\nKategori: Moisturizer\nFiyat: 45\nPuan: 4.3\nUygun cilt tipleri: Belirlenemedi\n\nÜrün tanıtımı: Bu nemlendirici, cildi nemlendirmeye ve beslemeye yardımcı olan çeşitli bitki özleri ve nemlendiriciler içerir. Cildin daha genç bir görünüm kazanmasına destek olabilir.\nİçerik analizi: Bu formül, nemlendirme ve antioksidan destek sağlamayı hedefleyen çeşitli nemlendiriciler, yumuşatıcılar ve bitki özleri içerir. Cilde nem çekmeye ve nemi korumaya yardımcı bileşenler barındırır. Cetearyl Alcohol, Cetyl Alcohol, Stearyl Alcohol gibi bazı yağ alkolleri komedojenik risk taşıyabilir. Citrus Limon (Lemon) Peel Oil, Limonene, Citral gibi koku bileşenleri hassasiyet/iritasyon riski yaratabilir.\n\nIngredients: Water, Glycerin, Propylene Glycol Dicaprylate/Dicaprate, Pentylene Glycol, Cetearyl Alcohol, Caprylic/Capric Triglyceride, Cetearyl Isononanoate, Betaine, Polymethyl Methacrylate, Steareth-21, Ficus Carica (Fig) Fruit Extract, Lepidium Meyenii Root Extract, Citrus Limon (Lemon) Peel Oil, Cucumis Sativus (Cucumber) Fruit Extract, Algae Extract, Nelumbo Nucifera Flower Extract, Hibiscus Esculentus Fruit Extract, Sodium Hyaluronate, Tocopheryl Acetate, Ascorbyl Tetraisopalmitate, Tocopherol, Behenyl Alcohol, Cetearyl Glucoside, Sorbitol, Dimethicone, Sodium PCA, Caprylyl Glycol, Carbomer, Tromethamine, Cetyl Alcohol, Stearyl Alcohol, Butylene Glycol, Xanthan Gum, Caramel, Citric Acid, Potassium Sorbate, Sorbic Acid, Phenoxyethanol, Limonene, Citral.']",Fiyat: 105.,"['4f73da63ed2c4e8fca5cddd9ef5a2393bc90f39df6a297eddc84c94e95a8ed3e'
 'f3ad7ba47540983755a803b0298804e1f50311b268fcccbaaa9928cfea6a9c9b'
 '20ce764b52496eeafeb50b1be4dcf0e77464a0795fe242ffa2f1d5b06723aa92'
 '652c6936b3b76a58c19c0a0c639d562ab0f579dd4c9dc9f29bdd1ab7af879191'
 '544c5b4f7ef25fb4f074afdfc342bfe9888aebed2373198a20e12bf041bdf646']",['4f73da63ed2c4e8fca5cddd9ef5a2393bc90f39df6a297eddc84c94e95a8ed3e'],1.0,1.0,0.9147364694738674
LA MER markasının The Moisturizing Soft Cream ürününün puanı kaç?,LA MER markasının The Moisturizing Soft Cream ürününün puanı 3.8'dir.,"['Ürün adı: The Moisturizing Soft Cream\nMarka: LA MER\nKategori: Moisturizer\nFiyat: 175\nPuan: 3.8\nUygun cilt tipleri: Combination, Dry, Normal, Oily, Sensitive\n\nÜrün tanıtımı: Bu ürün, cildi nemlendirmeye ve yumuşatmaya yardımcı olan zengin içerikli bir nemlendiricidir. Çeşitli cilt tipleri için uygun olabilir.\nİçerik analizi: Ürün, yoğun nemlendirme sağlayan zengin emolyanlar, silikonlar, çeşitli bitkisel özler ve peptitler barındırır. Petrolatum, Shea Butter ve bazı yağ türevleri komedojenik risk taşıyabilir. Parfüm, limon kabuğu ve okaliptüs yağı gibi içerikler hassasiyet veya iritasyon riski yaratabilir.\n\nIngredients: Algae (Seaweed) Extract, Cyclopentasiloxane, Petrolatum, Glyceryl Distearate, Phenyl Trimethicone, Butylene Glycol, Hydrogenated Vegetable Oil, Cholesterol, Butyrospermum Parkii (Shea Butter), Steareth-10, Dimethicone, Glyceryl Stearate Se, Polysilicone-11, Sesamum Indicum (Sesame) Seed Oil, Medicago Sativa (Alfalfa) Seed Powder, Helianthus Annuus (Sunflower) Seedcake, Prunus Amygdalus Dulcis (Sweet Almond) Seed Meal, Eucalyptus Globulus (Eucalyptus) Leaf Oil, Sodium Gluconate, Copper Gluconate, Calcium Gluconate, Magnesium Gluconate, Zinc Gluconate, Tocopheryl Succinate, Niacin, Sesamum Indicum (Sesame) Seed Powder, Water, Citrus Aurantifolia (Lime) Peel Extract, Laminaria Digitata Extract, Crithmum Maritimum Extract, Salicornia Herbacea Extract, Plankton Extract, Chlorella Vulgaris Extract, Glycine Soja (Soybean) Seed Extract, Glycerin, Caffeine, Sea Salt/Maris Sal/Sel Marin, Micrococcus Lysate, Diethylhexyl Succinate, Adenosine Phosphate, Creatine, Hydrolyzed Algin, Isocetyl Stearoyl Stearate, Cetyl Alcohol, Sucrose, Acetyl Hexapeptide-8, Glucose Oxidase, Polyacrylamide, Acetyl Carnitine Hcl, Glucose, Caprylic/Capric Triglyceride, C13-14 Isoparaffin, Tocopheryl Acetate, Tetrahexyldecyl Ascorbate, Sodium Pca, Glycosaminoglycans, Urea, Distearyldimonium Chloride, Dipalmitoyl Hydroxyproline, Sodium Hyaluronate, Laureth-7, Lecithin, Trehalose, Polyquaternium-51, Lactoperoxidase, Hydroxypropyl Cyclodextrin, Cyanocobalamin, Pentylene Glycol, Fragrance, Disodium Edta, Bht, Citronellol, Hydroxycitronellal, Geraniol, Linalool, Limonene, Potassium Sorbate, Phenoxyethanol'
 'Ürün adı: Crème de la Mer\nMarka: LA MER\nKategori: Moisturizer\nFiyat: 175\nPuan: 4.1\nUygun cilt tipleri: Combination, Dry, Normal, Oily, Sensitive\n\nÜrün tanıtımı: Crème de la Mer, cildi nemlendirmeye yardımcı olan bir nemlendiricidir. Çeşitli cilt tipleri için uygun olabilir ve genel cilt bakımı rutininize eklenebilir.\nİçerik analizi: Ürün, mineral yağlar, petrolatum ve bitkisel özlerle zengin, yoğun nemlendirme odaklı bir formüle sahiptir. Mineral Oil, Petrolatum, Microcrystalline Wax, Paraffin ve Decyl Oleate komedojenik risk taşıyabilir. Lanolin Alcohol, Alcohol Denat., Fragrance, Limonene, Linalool, Citrus Aurantifolia (Lime) Extract ve Eucalyptus Globulus (Eucalyptus) Leaf Oil hassasiyet/iritasyon riski yaratabilir.\n\nIngredients: Algae (Seaweed) Extract, Mineral Oil, Petrolatum, Glycerin, Isohexadecane, Microcrystalline Wax, Lanolin Alcohol, Citrus Aurantifolia (Lime) Extract, Sesamum Indicum (Sesame) Seed Oil, Eucalyptus Globulus (Eucalyptus) Leaf Oil, Sesamum Indicum (Sesame) Seed Powder, Medicago Sativa (Alfalfa) Seed Powder, Helianthus Annuus (Sunflower) Seedcake, Prunus Amygdalus Dulcis (Sweet Almond) Seed Meal, Sodium Gluconate, Copper Gluconate, Calcium Gluconate, Magnesium Gluconate, Zinc Gluconate, Magnesium Sulfate, Paraffin, Tocopheryl Succinate, Niacin, Water, Beta-Carotene, Decyl Oleate, Aluminum Distearate, Octyldodecanol, Citric Acid, Cyanocobalamin, Magnesium Stearate, Panthenol, Limonene, Geraniol, Linalool, Hydroxycitronellal, Citronellol, Benzyl Salicylate, Citral, Sodium Benzoate, Alcohol Denat., Fragrance.'
 'Ürün adı: Crème de la Mer Mini\nMarka: LA MER\nKategori: Moisturizer\nFiyat: 85\nPuan: 4.1\nUygun cilt tipleri: Combination, Dry, Normal, Oily, Sensitive\n\nÜrün tanıtımı: LA MER Crème de la Mer Mini, çeşitli cilt tipleri için tasarlanmış bir nemlendiricidir. Cilde yoğun nem sağlamayı hedefleyebilir.\nİçerik analizi: Formül, yoğun nemlendirme ve cilt bariyerini desteklemeyi amaçlayan oklüzif ve nemlendirici içerikler açısından zengindir. Ayrıca çeşitli bitki özleri, vitaminler ve koku bileşenleri içerir. Lanolin Alcohol, Sesamum Indicum (Sesame) Seed Oil ve Decyl Oleate gibi içerikler komedojenik risk taşıyabilir. Alcohol Denat., Fragrance, Eucalyptus Globulus (Eucalyptus) Leaf Oil ve Limonene gibi bileşenler hassasiyet veya iritasyon riski yaratabilir.\n\nIngredients: Algae (Seaweed) Extract, Mineral Oil, Petrolatum, Glycerin, Isohexadecane, Microcrystalline Wax, Lanolin Alcohol, Citrus Aurantifolia (Lime) Extract, Sesamum Indicum (Sesame) Seed Oil, Eucalyptus Globulus (Eucalyptus) Leaf Oil, Sesamum Indicum (Sesame) Seed Powder, Medicago Sativa (Alfalfa) Seed Powder, Helianthus Annuus (Sunflower) Seedcake, Prunus Amygdalus Dulcis (Sweet Almond) Seed Meal, Sodium Gluconate, Copper Gluconate, Calcium Gluconate, Magnesium Gluconate, Zinc Gluconate, Magnesium Sulfate, Paraffin, Tocopheryl Succinate, Niacin, Water, Beta-Carotene, Decyl Oleate, Aluminum Distearate, Octyldodecanol, Citric Acid, Cyanocobalamin, Magnesium Stearate, Panthenol, Limonene, Geraniol, Linalool, Hydroxycitronellal, Citronellol, Benzyl Salicylate, Citral, Sodium Benzoate, Alcohol Denat., Fragrance.'
 ""Ürün adı: Little Miss Miracle Limited-Edition Crème de la Mer\nMarka: LA MER\nKategori: Moisturizer\nFiyat: 325\nPuan: 5.0\nUygun cilt tipleri: Belirlenemedi\n\nÜrün tanıtımı: Little Miss Miracle Limited-Edition Crème de la Mer, LA MER'in özel bir nemlendiricisidir. Cildi nemlendirmeye ve beslemeye yardımcı olmayı hedefleyen lüks bir üründür.\nİçerik analizi: Formül, yoğun nemlendirme ve bariyer desteği sağlayan oklüzif ve emoliyan içeriklerle zengindir. Mineral Oil, Petrolatum, Microcrystalline Wax, Lanolin Alcohol, Sesamum Indicum (Sesame) Seed Oil, Paraffin, Decyl Oleate, Magnesium Stearate komedojenik risk taşıyabilir. Fragrance, Limonene, Geraniol, Linalool, Hydroxycitronellal, Citronellol, Benzyl Salicylate, Citral, Alcohol Denat., Citrus Aurantifolia (Lime) Extract, Eucalyptus Globulus (Eucalyptus) Leaf Oil hassasiyet/iritasyon riski yaratabilir.\n\nIngredients: Algae (Seaweed) Extract, Mineral Oil, Petrolatum, Glycerin, Isohexadecane, Microcrystalline Wax, Lanolin Alcohol, Citrus Aurantifolia (Lime) Extract, Sesamum Indicum (Sesame) Seed Oil, Eucalyptus Globulus (Eucalyptus) Leaf Oil, Sesamum Indicum (Sesame) Seed Powder, Medicago Sativa (Alfalfa) Seed Powder, Helianthus Annuus (Sunflower) Seedcake, Prunus Amygdalus Dulcis (Sweet Almond) Seed Meal, Sodium Gluconate, Copper Gluconate, Calcium Gluconate, Magnesium Gluconate, Zinc Gluconate, Magnesium Sulfate, Paraffin, Tocopheryl Succinate, Niacin, Water, Beta-Carotene, Decyl Oleate, Aluminum Distearate, Octyldodecanol, Citric Acid, Cyanocobalamin, Magnesium Stearate, Panthenol, Limonene, Geraniol, Linalool, Hydroxycitronellal, Citronellol, Benzyl Salicylate, Citral, Sodium Benzoate, Alcohol Denat., Fragrance.""
 'Ürün adı: Lala Retro™ Whipped Cream\nMarka: DRUNK ELEPHANT\nKategori: Moisturizer\nFiyat: 60\nPuan: 4.2\nUygun cilt tipleri: Combination, Dry, Normal, Oily\n\nÜrün tanıtımı: Bu ürün, cildi nemlendirmeye yardımcı olabilecek bir nemlendiricidir. Karma, kuru, normal ve yağlı dahil olmak üzere çeşitli cilt tipleri için uygun olabilir.\nİçerik analizi: Bu formül, yoğun nemlendirme sağlayan gliserin ve çeşitli besleyici bitkisel yağlar içerir. Fermente içerikler cilt bariyerini desteklemeye yardımcı olabilir. Sodyum Hiyalüronat Çapraz Polimer ile nem tutulumu hedeflenmiştir. Komedojenik risk yaratabilecek içerikler Isopropyl Isostearate ve Stearic Acid olabilir. Hassasiyet/iritasyon riski taşıyabilecek içerikler Chlorphenesin, Phenoxyethanol ve Ceteareth-20 olabilir.\n\nIngredients: Water, Glycerin, Caprylic/ Capric Triglyceride, Isopropyl Isostearate, Pseudozyma Epicola/Camellia Sinensis Seed Oil/Glucose/Glycine Soja Meal/Malt Extract/Yeast Extract Ferment Filtrate (Pseudozyma Epicola/Camellia Sinensis Seed Oil/Glucose/Yeast Extract Ferment Filtrate), Stearic Acid, Glyceryl Stearate SE, Cetearyl Alcohol, Pentylene Glycol, Plantago Lanceolata Leaf Extract, Adansonia Digitata Seed Oil, Citrullus Lanatus (Watermelon) Seed Oil, Passiflora Edulis Seed Oil, Schinziophyton Rautanenii Kernel Oil, Sclerocarya Birrea Seed Oil, Polyglyceryl-6 Ximenia Americana Seedate, Sodium Hyaluronate Crosspolymer, Ceteareth-20, Trisodium Ethylenediamine Disuccinate, Sodium Hydroxide, Citric Acid, Carbomer, Xanthan Gum, Caprylyl Glycol, Chlorphenesin, Phenoxyethanol, Ethylhexylglycerin.']",Puan: 3.8.,"['8cc86ba1e5d2afe30984613899405cea69f4f96cd1ccc3aae08963328a2c6b39'
 '65e4d1a65dfb3b0b0c62659612acd35456da133d9a069e9175116f09d8701fce'
 'a39ed2a19f44e024c760ac9ee4e1990ef316651340b02424158d8bc43e6bf64f'
 'af7306dc42136d29b5b522beae4a5d59999f2ab5a28ad43d5d66ac487e514680'
 'a48e2ca666e1c58f48ad12d9a129f8f91c74989bb819a8712641c5a32076b62d']",['8cc86ba1e5d2afe30984613899405cea69f4f96cd1ccc3aae08963328a2c6b39'],1.0,1.0,0.8858807275719349
The Moisturizing Soft Cream ürünü hangi cilt tipleri için uygundur?,"The Moisturizing Soft Cream ürünü Combination, Dry, Normal, Oily, Sensitive cilt tipleri için uygundur.","['Ürün adı: The Moisturizing Soft Cream\nMarka: LA MER\nKategori: Moisturizer\nFiyat: 175\nPuan: 3.8\nUygun cilt tipleri: Combination, Dry, Normal, Oily, Sensitive\n\nÜrün tanıtımı: Bu ürün, cildi nemlendirmeye ve yumuşatmaya yardımcı olan zengin içerikli bir nemlendiricidir. Çeşitli cilt tipleri için uygun olabilir.\nİçerik analizi: Ürün, yoğun nemlendirme sağlayan zengin emolyanlar, silikonlar, çeşitli bitkisel özler ve peptitler barındırır. Petrolatum, Shea Butter ve bazı yağ türevleri komedojenik risk taşıyabilir. Parfüm, limon kabuğu ve okaliptüs yağı gibi içerikler hassasiyet veya iritasyon riski yaratabilir.\n\nIngredients: Algae (Seaweed) Extract, Cyclopentasiloxane, Petrolatum, Glyceryl Distearate, Phenyl Trimethicone, Butylene Glycol, Hydrogenated Vegetable Oil, Cholesterol, Butyrospermum Parkii (Shea Butter), Steareth-10, Dimethicone, Glyceryl Stearate Se, Polysilicone-11, Sesamum Indicum (Sesame) Seed Oil, Medicago Sativa (Alfalfa) Seed Powder, Helianthus Annuus (Sunflower) Seedcake, Prunus Amygdalus Dulcis (Sweet Almond) Seed Meal, Eucalyptus Globulus (Eucalyptus) Leaf Oil, Sodium Gluconate, Copper Gluconate, Calcium Gluconate, Magnesium Gluconate, Zinc Gluconate, Tocopheryl Succinate, Niacin, Sesamum Indicum (Sesame) Seed Powder, Water, Citrus Aurantifolia (Lime) Peel Extract, Laminaria Digitata Extract, Crithmum Maritimum Extract, Salicornia Herbacea Extract, Plankton Extract, Chlorella Vulgaris Extract, Glycine Soja (Soybean) Seed Extract, Glycerin, Caffeine, Sea Salt/Maris Sal/Sel Marin, Micrococcus Lysate, Diethylhexyl Succinate, Adenosine Phosphate, Creatine, Hydrolyzed Algin, Isocetyl Stearoyl Stearate, Cetyl Alcohol, Sucrose, Acetyl Hexapeptide-8, Glucose Oxidase, Polyacrylamide, Acetyl Carnitine Hcl, Glucose, Caprylic/Capric Triglyceride, C13-14 Isoparaffin, Tocopheryl Acetate, Tetrahexyldecyl Ascorbate, Sodium Pca, Glycosaminoglycans, Urea, Distearyldimonium Chloride, Dipalmitoyl Hydroxyproline, Sodium Hyaluronate, Laureth-7, Lecithin, Trehalose, Polyquaternium-51, Lactoperoxidase, Hydroxypropyl Cyclodextrin, Cyanocobalamin, Pentylene Glycol, Fragrance, Disodium Edta, Bht, Citronellol, Hydroxycitronellal, Geraniol, Linalool, Limonene, Potassium Sorbate, Phenoxyethanol'
 'Ürün adı: Ultra Repair® Cream Intense Hydration\nMarka: FIRST AID BEAUTY\nKategori: Moisturizer\nFiyat: 30\nPuan: 4.6\nUygun cilt tipleri: Combination, Dry, Normal, Oily, Sensitive\n\nÜrün tanıtımı: Ultra Repair® Cream Intense Hydration, çeşitli cilt tipleri için yoğun nemlendirme sunan bir nemlendiricidir. Cildi yatıştırmaya ve bariyerini desteklemeye yardımcı olabilecek içerikler barındırır.\nİçerik analizi: Formül, yoğun nemlendirme ve yatıştırma sağlayan bileşenler içerir. Seramid, kolloidal yulaf ezmesi ve bitki özleri ile cildi destekler. Stearik Asit, Gliseril Stearat SE, Gliseril Stearat, Setearil Alkol ve Butyrospermum Parkii Butter komedojenik risk taşıyabilir. Eucalyptus Globulus Leaf Oil ve Chrysanthemum Parthenium Extract hassasiyet/iritasyon riski yaratabilir.\n\nIngredients: Water, Stearic Acid, Glycerin, C12-15 Alkyl Benzoate, Caprylic/Capric Triglyceride, Glyceryl Stearate Se, Glyceryl Stearate, Cetearyl Alcohol, Butyrospermum Parkii Butter, Dimethicone, Squalane, Allantoin, Camellia Sinensis Leaf Extract, Caprylyl Glycol, Ceramide 3, Chrysanthemum Parthenium Extract, Colloidal Oatmeal, Disodium EDTA, Eucalyptus Globulus Leaf Oil, Glycyrrhiza Glabra Root Extract, Sodium Hydroxide, Xanthan Gum, Phenoxyethanol.'
 'Ürün adı: The True Cream Aqua Bomb\nMarka: BELIF\nKategori: Moisturizer\nFiyat: 38\nPuan: 4.5\nUygun cilt tipleri: Combination, Normal, Oily\n\nÜrün tanıtımı: BELIF The True Cream Aqua Bomb, karma, normal ve yağlı cilt tipleri için tasarlanmış bir nemlendiricidir. Cilde yoğun nem sağlamayı hedefleyen hafif yapılı bir üründür.\nİçerik analizi: Bu formül nemlendirici ve yumuşatıcı bileşenler içerir. Cilt bariyerini destekleyici seramid ve kolesterol de bulunmaktadır. Alkol denat, parfüm ve parfüm bileşenleri (Citronellol, Limonene, Citral, Geraniol, Linalool) hassasiyet/iritasyon riski taşıyabilir. Butyrospermum Parkii (Shea) Butter, Macadamia Ternifolia Seed Oil, Stearic Acid komedojenik risk yaratabilir.\n\nIngredients: Water, Dipropylene Glycol, Glycerin, Methl Trimethicone, Alcohol Denat, Dimethicone, Cyclopentasiloxane, 1,2-Hexanediol, Malakite Extract, Caprylic/Capric Triglyceride, Pentaerythrityl Tetraethylhexanoate, PEG/PPG/Polybutylene Glycol-8/5/3 Glycerin, Alchemilla Vulgaris Leaf Extract*, Equisetum Arvense Leaf Extract*, Stellaria Media (Chickweed) Extract*, Urtica Dioica (Nettle) Leaf Extract*, Plantago Lanceolata Leaf Extract*, Avena Sativa (Oat) Kernel Extract**, Calendula Officinalis Flower Extract**, Nepeta Cataria Extract**, Rubus Idaeus (Raspberry) Leaf Extract**, Baptisia Tinctoria Root Extract**, Dimethiconol, Polymethylsilsesquioxane, Sodium Acrylate/Acryloyldimethyltaurate/Dimethylacrylamide Crosspolymer, Isohexadecane, Polysorbate 60, Ceramide 3, Cholesterol, Butyrospermum Parkii (Shea) Butter, Phenl Trimethicone, Pentaerythrityl Tetraisostearate, Panthenol, Squalane, Triethylhexanoin, Macadamia Ternifolia Seed Oil, PEG-150, PEG-40 Hydrogenated Castor Oil, Acrylates/C10-30 Alkyl Acrylate Crosspolymer, C14-22 Alcohols, Arachidyl Glucoside, Hydrogenated Lecithin, PEG-100 Stearate, Stearic Acid, Glyceryl Stearate, Carbomer, Tromethamine, Trisodium EDTA, Fragrance+, Citronellol, Limonene, Citral, Geraniol, Linalool. *Napiers aqua formula. **Napiers original formula. +Fragrances of natural origin.'
 'Ürün adı: Lala Retro™ Whipped Cream\nMarka: DRUNK ELEPHANT\nKategori: Moisturizer\nFiyat: 60\nPuan: 4.2\nUygun cilt tipleri: Combination, Dry, Normal, Oily\n\nÜrün tanıtımı: Bu ürün, cildi nemlendirmeye yardımcı olabilecek bir nemlendiricidir. Karma, kuru, normal ve yağlı dahil olmak üzere çeşitli cilt tipleri için uygun olabilir.\nİçerik analizi: Bu formül, yoğun nemlendirme sağlayan gliserin ve çeşitli besleyici bitkisel yağlar içerir. Fermente içerikler cilt bariyerini desteklemeye yardımcı olabilir. Sodyum Hiyalüronat Çapraz Polimer ile nem tutulumu hedeflenmiştir. Komedojenik risk yaratabilecek içerikler Isopropyl Isostearate ve Stearic Acid olabilir. Hassasiyet/iritasyon riski taşıyabilecek içerikler Chlorphenesin, Phenoxyethanol ve Ceteareth-20 olabilir.\n\nIngredients: Water, Glycerin, Caprylic/ Capric Triglyceride, Isopropyl Isostearate, Pseudozyma Epicola/Camellia Sinensis Seed Oil/Glucose/Glycine Soja Meal/Malt Extract/Yeast Extract Ferment Filtrate (Pseudozyma Epicola/Camellia Sinensis Seed Oil/Glucose/Yeast Extract Ferment Filtrate), Stearic Acid, Glyceryl Stearate SE, Cetearyl Alcohol, Pentylene Glycol, Plantago Lanceolata Leaf Extract, Adansonia Digitata Seed Oil, Citrullus Lanatus (Watermelon) Seed Oil, Passiflora Edulis Seed Oil, Schinziophyton Rautanenii Kernel Oil, Sclerocarya Birrea Seed Oil, Polyglyceryl-6 Ximenia Americana Seedate, Sodium Hyaluronate Crosspolymer, Ceteareth-20, Trisodium Ethylenediamine Disuccinate, Sodium Hydroxide, Citric Acid, Carbomer, Xanthan Gum, Caprylyl Glycol, Chlorphenesin, Phenoxyethanol, Ethylhexylglycerin.'
 'Ürün adı: The Water Cream\nMarka: TATCHA\nKategori: Moisturizer\nFiyat: 68\nPuan: 4.2\nUygun cilt tipleri: Combination, Normal, Oily, Sensitive\n\nÜrün tanıtımı: TATCHA The Water Cream, karma, normal, yağlı ve hassas cilt tipleri için tasarlanmış hafif bir nemlendiricidir. Cilde nem sağlamayı ve dengelemeyi hedefleyen Hadasei-3 gibi içerikler barındırır.\nİçerik analizi: Bu formül, nemlendirme ve cilt kondisyonu için fermente içerikler, silikonlar ve çeşitli bitki özleri içerir. Sodyum Klorür komedojenik risk taşıyabilir. Parfüm/Fragrance ve Alkol hassasiyet/iritasyon riski yaratabilir.\n\nIngredients: Water, Saccharomyces/Camellia Sinensis Leaf/Cladosiphon Okamuranus/Rice Ferment Filtrate*, Dimethicone, Propanediol, Glycerin, Diglycerin, Diphenylsiloxy Phenyl Trimethicone, Gold, Belamcanda Chinensis Root Extract, Rosa Multiflora Fruit Extract, Houttuynia Cordata Extract, Sophora Angustifolia Root Extract, Sodium Hyaluronate, Lecithin, Pistacia Lentiscus (Mastic) Gum, Sodium Chloride, Sodium Citrate, Mica, Peg-9 Polydimethylsiloxyethyl Dimethicone, Dimethicone/Peg-10/15 Crosspolymer, Dimethicone/Phenyl Vinyl Dimethicone Crosspolymer, Disodium Edta, Tin Oxide, Titanium Dioxide, Butylene Glycol, Ethylhexylglycerin, Parfum/Fragrance, Alcohol, Phenoxyethanol. *Hadasei-3.']","Uygun cilt tipleri: Combination, Dry, Normal, Oily, Sensitive.","['8cc86ba1e5d2afe30984613899405cea69f4f96cd1ccc3aae08963328a2c6b39'
 'c830d0cdc847acd4f9b955eea7ddfd2c50148e65e380cf8b050c3103eed5f92a'
 '8b5befe4aea098f3c275c8d75e0e6d2abcfdcf666c1eb8ba6e1c5d94f70677d7'
 'a48e2ca666e1c58f48ad12d9a129f8f91c74989bb819a8712641c5a32076b62d'
 '1ed4a690fab7fbe6a3af924503e394f4f2ee9163677f565770bc5854c289d1f7']",['8cc86ba1e5d2afe30984613899405cea69f4f96cd1ccc3aae08963328a2c6b39'],1.0,1.0,0.9208152585903927
"The Moisturizing Soft Cream ürünün,n fiyatı nedir?",The Moisturizing Soft Cream ürününün fiyatı 175'tir.,"['Ürün adı: The Moisturizing Soft Cream\nMarka: LA MER\nKategori: Moisturizer\nFiyat: 175\nPuan: 3.8\nUygun cilt tipleri: Combination, Dry, Normal, Oily, Sensitive\n\nÜrün tanıtımı: Bu ürün, cildi nemlendirmeye ve yumuşatmaya yardımcı olan zengin içerikli bir nemlendiricidir. Çeşitli cilt tipleri için uygun olabilir.\nİçerik analizi: Ürün, yoğun nemlendirme sağlayan zengin emolyanlar, silikonlar, çeşitli bitkisel özler ve peptitler barındırır. Petrolatum, Shea Butter ve bazı yağ türevleri komedojenik risk taşıyabilir. Parfüm, limon kabuğu ve okaliptüs yağı gibi içerikler hassasiyet veya iritasyon riski yaratabilir.\n\nIngredients: Algae (Seaweed) Extract, Cyclopentasiloxane, Petrolatum, Glyceryl Distearate, Phenyl Trimethicone, Butylene Glycol, Hydrogenated Vegetable Oil, Cholesterol, Butyrospermum Parkii (Shea Butter), Steareth-10, Dimethicone, Glyceryl Stearate Se, Polysilicone-11, Sesamum Indicum (Sesame) Seed Oil, Medicago Sativa (Alfalfa) Seed Powder, Helianthus Annuus (Sunflower) Seedcake, Prunus Amygdalus Dulcis (Sweet Almond) Seed Meal, Eucalyptus Globulus (Eucalyptus) Leaf Oil, Sodium Gluconate, Copper Gluconate, Calcium Gluconate, Magnesium Gluconate, Zinc Gluconate, Tocopheryl Succinate, Niacin, Sesamum Indicum (Sesame) Seed Powder, Water, Citrus Aurantifolia (Lime) Peel Extract, Laminaria Digitata Extract, Crithmum Maritimum Extract, Salicornia Herbacea Extract, Plankton Extract, Chlorella Vulgaris Extract, Glycine Soja (Soybean) Seed Extract, Glycerin, Caffeine, Sea Salt/Maris Sal/Sel Marin, Micrococcus Lysate, Diethylhexyl Succinate, Adenosine Phosphate, Creatine, Hydrolyzed Algin, Isocetyl Stearoyl Stearate, Cetyl Alcohol, Sucrose, Acetyl Hexapeptide-8, Glucose Oxidase, Polyacrylamide, Acetyl Carnitine Hcl, Glucose, Caprylic/Capric Triglyceride, C13-14 Isoparaffin, Tocopheryl Acetate, Tetrahexyldecyl Ascorbate, Sodium Pca, Glycosaminoglycans, Urea, Distearyldimonium Chloride, Dipalmitoyl Hydroxyproline, Sodium Hyaluronate, Laureth-7, Lecithin, Trehalose, Polyquaternium-51, Lactoperoxidase, Hydroxypropyl Cyclodextrin, Cyanocobalamin, Pentylene Glycol, Fragrance, Disodium Edta, Bht, Citronellol, Hydroxycitronellal, Geraniol, Linalool, Limonene, Potassium Sorbate, Phenoxyethanol'
 'Ürün adı: Ultra Repair® Cream Intense Hydration\nMarka: FIRST AID BEAUTY\nKategori: Moisturizer\nFiyat: 30\nPuan: 4.6\nUygun cilt tipleri: Combination, Dry, Normal, Oily, Sensitive\n\nÜrün tanıtımı: Ultra Repair® Cream Intense Hydration, çeşitli cilt tipleri için yoğun nemlendirme sunan bir nemlendiricidir. Cildi yatıştırmaya ve bariyerini desteklemeye yardımcı olabilecek içerikler barındırır.\nİçerik analizi: Formül, yoğun nemlendirme ve yatıştırma sağlayan bileşenler içerir. Seramid, kolloidal yulaf ezmesi ve bitki özleri ile cildi destekler. Stearik Asit, Gliseril Stearat SE, Gliseril Stearat, Setearil Alkol ve Butyrospermum Parkii Butter komedojenik risk taşıyabilir. Eucalyptus Globulus Leaf Oil ve Chrysanthemum Parthenium Extract hassasiyet/iritasyon riski yaratabilir.\n\nIngredients: Water, Stearic Acid, Glycerin, C12-15 Alkyl Benzoate, Caprylic/Capric Triglyceride, Glyceryl Stearate Se, Glyceryl Stearate, Cetearyl Alcohol, Butyrospermum Parkii Butter, Dimethicone, Squalane, Allantoin, Camellia Sinensis Leaf Extract, Caprylyl Glycol, Ceramide 3, Chrysanthemum Parthenium Extract, Colloidal Oatmeal, Disodium EDTA, Eucalyptus Globulus Leaf Oil, Glycyrrhiza Glabra Root Extract, Sodium Hydroxide, Xanthan Gum, Phenoxyethanol.'
 'Ürün adı: The Water Cream\nMarka: TATCHA\nKategori: Moisturizer\nFiyat: 68\nPuan: 4.2\nUygun cilt tipleri: Combination, Normal, Oily, Sensitive\n\nÜrün tanıtımı: TATCHA The Water Cream, karma, normal, yağlı ve hassas cilt tipleri için tasarlanmış hafif bir nemlendiricidir. Cilde nem sağlamayı ve dengelemeyi hedefleyen Hadasei-3 gibi içerikler barındırır.\nİçerik analizi: Bu formül, nemlendirme ve cilt kondisyonu için fermente içerikler, silikonlar ve çeşitli bitki özleri içerir. Sodyum Klorür komedojenik risk taşıyabilir. Parfüm/Fragrance ve Alkol hassasiyet/iritasyon riski yaratabilir.\n\nIngredients: Water, Saccharomyces/Camellia Sinensis Leaf/Cladosiphon Okamuranus/Rice Ferment Filtrate*, Dimethicone, Propanediol, Glycerin, Diglycerin, Diphenylsiloxy Phenyl Trimethicone, Gold, Belamcanda Chinensis Root Extract, Rosa Multiflora Fruit Extract, Houttuynia Cordata Extract, Sophora Angustifolia Root Extract, Sodium Hyaluronate, Lecithin, Pistacia Lentiscus (Mastic) Gum, Sodium Chloride, Sodium Citrate, Mica, Peg-9 Polydimethylsiloxyethyl Dimethicone, Dimethicone/Peg-10/15 Crosspolymer, Dimethicone/Phenyl Vinyl Dimethicone Crosspolymer, Disodium Edta, Tin Oxide, Titanium Dioxide, Butylene Glycol, Ethylhexylglycerin, Parfum/Fragrance, Alcohol, Phenoxyethanol. *Hadasei-3.'
 'Ürün adı: The True Cream Aqua Bomb\nMarka: BELIF\nKategori: Moisturizer\nFiyat: 38\nPuan: 4.5\nUygun cilt tipleri: Combination, Normal, Oily\n\nÜrün tanıtımı: BELIF The True Cream Aqua Bomb, karma, normal ve yağlı cilt tipleri için tasarlanmış bir nemlendiricidir. Cilde yoğun nem sağlamayı hedefleyen hafif yapılı bir üründür.\nİçerik analizi: Bu formül nemlendirici ve yumuşatıcı bileşenler içerir. Cilt bariyerini destekleyici seramid ve kolesterol de bulunmaktadır. Alkol denat, parfüm ve parfüm bileşenleri (Citronellol, Limonene, Citral, Geraniol, Linalool) hassasiyet/iritasyon riski taşıyabilir. Butyrospermum Parkii (Shea) Butter, Macadamia Ternifolia Seed Oil, Stearic Acid komedojenik risk yaratabilir.\n\nIngredients: Water, Dipropylene Glycol, Glycerin, Methl Trimethicone, Alcohol Denat, Dimethicone, Cyclopentasiloxane, 1,2-Hexanediol, Malakite Extract, Caprylic/Capric Triglyceride, Pentaerythrityl Tetraethylhexanoate, PEG/PPG/Polybutylene Glycol-8/5/3 Glycerin, Alchemilla Vulgaris Leaf Extract*, Equisetum Arvense Leaf Extract*, Stellaria Media (Chickweed) Extract*, Urtica Dioica (Nettle) Leaf Extract*, Plantago Lanceolata Leaf Extract*, Avena Sativa (Oat) Kernel Extract**, Calendula Officinalis Flower Extract**, Nepeta Cataria Extract**, Rubus Idaeus (Raspberry) Leaf Extract**, Baptisia Tinctoria Root Extract**, Dimethiconol, Polymethylsilsesquioxane, Sodium Acrylate/Acryloyldimethyltaurate/Dimethylacrylamide Crosspolymer, Isohexadecane, Polysorbate 60, Ceramide 3, Cholesterol, Butyrospermum Parkii (Shea) Butter, Phenl Trimethicone, Pentaerythrityl Tetraisostearate, Panthenol, Squalane, Triethylhexanoin, Macadamia Ternifolia Seed Oil, PEG-150, PEG-40 Hydrogenated Castor Oil, Acrylates/C10-30 Alkyl Acrylate Crosspolymer, C14-22 Alcohols, Arachidyl Glucoside, Hydrogenated Lecithin, PEG-100 Stearate, Stearic Acid, Glyceryl Stearate, Carbomer, Tromethamine, Trisodium EDTA, Fragrance+, Citronellol, Limonene, Citral, Geraniol, Linalool. *Napiers aqua formula. **Napiers original formula. +Fragrances of natural origin.'
 'Ürün adı: Crème de la Mer\nMarka: LA MER\nKategori: Moisturizer\nFiyat: 175\nPuan: 4.1\nUygun cilt tipleri: Combination, Dry, Normal, Oily, Sensitive\n\nÜrün tanıtımı: Crème de la Mer, cildi nemlendirmeye yardımcı olan bir nemlendiricidir. Çeşitli cilt tipleri için uygun olabilir ve genel cilt bakımı rutininize eklenebilir.\nİçerik analizi: Ürün, mineral yağlar, petrolatum ve bitkisel özlerle zengin, yoğun nemlendirme odaklı bir formüle sahiptir. Mineral Oil, Petrolatum, Microcrystalline Wax, Paraffin ve Decyl Oleate komedojenik risk taşıyabilir. Lanolin Alcohol, Alcohol Denat., Fragrance, Limonene, Linalool, Citrus Aurantifolia (Lime) Extract ve Eucalyptus Globulus (Eucalyptus) Leaf Oil hassasiyet/iritasyon riski yaratabilir.\n\nIngredients: Algae (Seaweed) Extract, Mineral Oil, Petrolatum, Glycerin, Isohexadecane, Microcrystalline Wax, Lanolin Alcohol, Citrus Aurantifolia (Lime) Extract, Sesamum Indicum (Sesame) Seed Oil, Eucalyptus Globulus (Eucalyptus) Leaf Oil, Sesamum Indicum (Sesame) Seed Powder, Medicago Sativa (Alfalfa) Seed Powder, Helianthus Annuus (Sunflower) Seedcake, Prunus Amygdalus Dulcis (Sweet Almond) Seed Meal, Sodium Gluconate, Copper Gluconate, Calcium Gluconate, Magnesium Gluconate, Zinc Gluconate, Magnesium Sulfate, Paraffin, Tocopheryl Succinate, Niacin, Water, Beta-Carotene, Decyl Oleate, Aluminum Distearate, Octyldodecanol, Citric Acid, Cyanocobalamin, Magnesium Stearate, Panthenol, Limonene, Geraniol, Linalool, Hydroxycitronellal, Citronellol, Benzyl Salicylate, Citral, Sodium Benzoate, Alcohol Denat., Fragrance.']",Fiyat: 175.,"['8cc86ba1e5d2afe30984613899405cea69f4f96cd1ccc3aae08963328a2c6b39'
 'c830d0cdc847acd4f9b955eea7ddfd2c50148e65e380cf8b050c3103eed5f92a'
 '1ed4a690fab7fbe6a3af924503e394f4f2ee9163677f565770bc5854c289d1f7'
 '8b5befe4aea098f3c275c8d75e0e6d2abcfdcf666c1eb8ba6e1c5d94f70677d7'
 '65e4d1a65dfb3b0b0c62659612acd35456da133d9a069e9175116f09d8701fce']",['8cc86ba1e5d2afe30984613899405cea69f4f96cd1ccc3aae08963328a2c6b39'],1.0,1.0,0.9126471518246358
KIEHL'S SINCE 1851 markasının Midnight Recovery Concentrate ürününün puanı kaç?,KIEHL'S SINCE 1851 markasının Midnight Recovery Concentrate ürününün puanı 4.4'tür.,"[""Ürün adı: Midnight Recovery Concentrate\nMarka: KIEHL'S SINCE 1851\nKategori: Moisturizer\nFiyat: 47\nPuan: 4.4\nUygun cilt tipleri: Combination, Dry, Normal, Oily, Sensitive\n\nÜrün tanıtımı: Kiehl's Midnight Recovery Concentrate, çeşitli bitkisel yağlar ve skualen içeren bir nemlendiricidir. Cildin gece boyunca yenilenmesine yardımcı olmayı hedefleyebilir.\nİçerik analizi: Ürün, yoğun bitkisel yağlar ve özler içeren, nemlendirme odaklı bir formüle sahiptir. Oenothera Biennis Oil ve Simmondsia Chinensis Oil gibi bazı içerikler, bazı cilt tiplerinde komedojenik risk taşıyabilir. Lavandula Angustifolia Oil, Rosmarinus Officinalis Leaf Oil gibi uçucu yağlar ile Linalool, Limonene, Citronellol gibi koku bileşenleri hassasiyet/iritasyon riski yaratabilir.\n\nIngredients: Caprylic/Capric Triglyceride Dicaprylyl Carbonate Squalane Rosa Canina Fruit Oil Oenothera Biennis Oil, Evening Primrose Oil Simmondsia Chinensis Oil, Jojoba Seed Oil Coriandrum Sativum Oil, Coriander Seed Oil Tocopherol Lavandula Angustifolia Oil, Lavender Oil Pelargonium Graveolens Flower Oil Linalool Rosmarinus Officinalis Leaf Oil, Rosemary Leaf Oil Citronellol Geraniol Lavandula Hybrida Oil Cucumis Sativus Extract, Cucumber Fruit Extract Curcuma Longa Extract, Turmeric Root Extract Limonene Citral Sclareolide Rosa Spp, Rose Flower Oil Jasminum Officinale Extract, Jasmine Extract Helianthus Annuus Seed Oil, Sunflower Seed Oil.""
 ""Ürün adı: Ultra Facial Cream\nMarka: KIEHL'S SINCE 1851\nKategori: Moisturizer\nFiyat: 29\nPuan: 4.4\nUygun cilt tipleri: Combination, Dry, Normal, Oily, Sensitive\n\nÜrün tanıtımı: KIEHL'S SINCE 1851 Ultra Facial Cream, cildi nemlendirmeye yardımcı olan popüler bir üründür. Karma, kuru, normal, yağlı ve hassas ciltler dahil birçok cilt tipine uygun olabilir ve kullanıcılar tarafından yüksek puan almıştır.\nİçerik analizi: Ürün, nemlendirici, yumuşatıcı ve bariyer destekleyici bileşenlerin bir kombinasyonunu içerir. Komedojenik risk yaratabilecek içerikler Myristyl Myristate, Olea Europaea Oil olabilir. Hassasiyet/iritasyon riski yaratabilecek içerikler Phenoxyethanol, Methylparaben, Triethanolamine olabilir.\n\nIngredients: Water, Glycerin, Cyclohexasiloxane, Squalane, Bis-Peg-18 Methyl Ether Dimethyl Silane, Sucrose Stearate, Stearyl Alcohol, Peg-8 Stearate, Urea, Myristyl Myristate, Pentaerythrityl Tetraethylhexanoate, Prunus Armeniaca Kernel Oil, Phenoxyethanol, Persea Gratissima Oil, Olea Europaea Oil, Oryza Sativa Bran Oil, Cetyl Alcohol, Glyceryl Stearate, Imperata Cylindrica Root Extract, Stearic Acid, Methylparaben, Chlorphenesin, Palmitic Acid, Disodium Edta, Acrylates/C10-30 Alkyl Acrylate Crosspolymer, Propylparaben, Carbomer, Triethanolamine, Prunus Amygdalus Dulcis Oil, Xanthan Gum, Sodium Hydroxide, Tocopherol, Pseudoalteromonas Ferment Extract, Hydroxypalmitoyl Sphinganine, Caprylyl Glycol.""
 'Ürün adı: Ultra Repair® Cream Intense Hydration\nMarka: FIRST AID BEAUTY\nKategori: Moisturizer\nFiyat: 30\nPuan: 4.6\nUygun cilt tipleri: Combination, Dry, Normal, Oily, Sensitive\n\nÜrün tanıtımı: Ultra Repair® Cream Intense Hydration, çeşitli cilt tipleri için yoğun nemlendirme sunan bir nemlendiricidir. Cildi yatıştırmaya ve bariyerini desteklemeye yardımcı olabilecek içerikler barındırır.\nİçerik analizi: Formül, yoğun nemlendirme ve yatıştırma sağlayan bileşenler içerir. Seramid, kolloidal yulaf ezmesi ve bitki özleri ile cildi destekler. Stearik Asit, Gliseril Stearat SE, Gliseril Stearat, Setearil Alkol ve Butyrospermum Parkii Butter komedojenik risk taşıyabilir. Eucalyptus Globulus Leaf Oil ve Chrysanthemum Parthenium Extract hassasiyet/iritasyon riski yaratabilir.\n\nIngredients: Water, Stearic Acid, Glycerin, C12-15 Alkyl Benzoate, Caprylic/Capric Triglyceride, Glyceryl Stearate Se, Glyceryl Stearate, Cetearyl Alcohol, Butyrospermum Parkii Butter, Dimethicone, Squalane, Allantoin, Camellia Sinensis Leaf Extract, Caprylyl Glycol, Ceramide 3, Chrysanthemum Parthenium Extract, Colloidal Oatmeal, Disodium EDTA, Eucalyptus Globulus Leaf Oil, Glycyrrhiza Glabra Root Extract, Sodium Hydroxide, Xanthan Gum, Phenoxyethanol.'
 'Ürün adı: Luna Sleeping Night Oil\nMarka: SUNDAY RILEY\nKategori: Moisturizer\nFiyat: 105\nPuan: 4.1\nUygun cilt tipleri: Combination, Dry, Normal, Oily, Sensitive\n\nÜrün tanıtımı: Luna Sleeping Night Oil, çeşitli cilt tipleri için uygun, gece kullanımı için tasarlanmış bir nemlendirici yağdır. Cildinize gece boyunca bakım yapmayı hedefler.\nİçerik analizi: Bu ürün, çeşitli bitkisel yağlar ve esansiyel yağlar içeren zengin bir formüle sahiptir. İçeriğinde cilt yenilenmesine yardımcı olabilecek bir retinoid (Hydroxypinacolone Retinoate) bulunmaktadır. Persea Gratissima (Avocado) Oil, bazı cilt tiplerinde komedojenik risk taşıyabilir. Hydroxypinacolone Retinoate ve çok sayıda esansiyel yağ (örneğin Citrus Aurantium Amara (Neroli) Oil, Cananga Odorata Flower (Ylang Ylang) Oil) hassasiyet veya iritasyon riski yaratabilir.\n\nIngredients: Persea Gratissima (Extra Virgin, Cold Pressed Avocado) Oil, Vitis Vinifera (Organic, Cold Pressed Concord Grape) Seed Oil, Rubus Fruticosus (Cold Pressed Blackberry) Seed Oil, Salvia Hispanica (Cold Pressed Chia) Oil, Dimethyl Isosorbide (and) Hydroxypinacolone Retinoate, Chamomilla Recutita (Matricaria) Flower Oil, Tanecetum annuum (Blue Tansy) oil, Anthemis nobilis (English Chamomile) oil, Eriocephalus punctulatus (Cape Chamomile) oil, Citrus Aurantium Amara (Neroli) Oil, Citrus Aurantium Dulcis (Blood Orange) oil, Cananga Odorata Flower (Ylang Ylang) Oil, Vetivera zizanoides (Vetiver) oil, Helianthus Annuus (Sunflower) Seed Oil (and) Rosmarinus officinalis (Rosemary) Leaf Extract, CI 61565 (Green 6), CI 60725 (Violet 2).'
 ""Ürün adı: Honeymoon Glow AHA Resurfacing Night Serum with Echinacea GreenEnvy™\nMarka: FARMACY\nKategori: Moisturizer\nFiyat: 58\nPuan: 4.6\nUygun cilt tipleri: Combination, Dry, Normal, Oily, Sensitive\n\nÜrün tanıtımı: Bu gece serumu, AHA'lar ve ekinezya içeren formülüyle cildin yenilenmesine ve daha ışıltılı bir görünüm kazanmasına yardımcı olabilir. Çeşitli cilt tipleri için uygun olduğu belirtilmiştir.\nİçerik analizi: Bu formül, Laktik ve Glikolik Asit gibi AHA'lar ile cildi yenilemeyi hedeflerken, çeşitli bitkisel yağlar ve hyaluronik asit türevleri ile nemlendirme ve yatıştırma sağlamayı amaçlar. Arı ürünleri ve zengin bitki özleri de içerir. Jojoba Esters ve Cetearyl Alcohol gibi bazı içerikler, bazı cilt tiplerinde komedojenik risk taşıyabilir. Laktik Asit, Glikolik Asit, Sitrik Asit, Salix Alba (Willow) Bark Extract, Citrus Limon (Lemon) Fruit Extract, Zingiber Officinale (Ginger) Root Extract ve Citral gibi içerikler hassasiyet veya iritasyon riski yaratabilir.\n\nIngredients: Water, Lactic Acid, Propanediol, Jojoba Esters, Glycolic Acid, Potassium Hydroxide, Salix Alba (Willow) Bark Extract, Carthamus Tinctorius (Safflower) Oleosomes, Vitis Vinifera (Grape) Seed Oil, Hibiscus Sabdariffa Flower Extract, Citric Acid, Honey Extract, Echinacea Purpurea Root Extract, Propolis Extract, Royal Jelly Extract, Hydrolyzed Sodium Hyaluronate, Hydrolyzed Hyaluronic Acid, Curcuma Longa (Turmeric) Root Extract, Argania Spinosa Kernel Oil, Zingiber Officinale (Ginger) Root Extract, Amaranthus Caudatus Seed Oil, Limnanthes Alba (Meadowfoam) Seed Oil, Vaccinium Myrtillus Fruit/Leaf Extract, Saccharum Officinarum (Sugarcane) Extract, Citrus Aurantium Dulcis (Orange) Fruit Extract, Citrus Limon (Lemon) Fruit Extract, Acer Saccharum (Sugar Maple) Extract, Melia Azadirachta Leaf Extract, Helianthus Annuus (Sunflower) Seed Oil, Melia Azadirachta Flower Extract, Salvia Hispanica Seed Oil, Cetearyl Alcohol, Glycerin, Arachidyl Alcohol, Sclerotium Gum, Coco-Glucoside, Polyacrylate Crosspolymer-6, Behenyl Alcohol, Arachidyl Glucoside, Sodium Benzoate, Tocopherol, Potassium Sorbate, Corallina Officinalis Extract, Polyglyceryl-10 Stearate, Gluconolactone, 1,2-Hexanediol, Ocimum Basilicum (Basil) Flower/Leaf Extract, Ocimum Sanctum Leaf Extract, T-Butyl Alcohol, Glucose, Calcium Gluconate, Citral.""]",Puan: 4.4.,"['f3ad7ba47540983755a803b0298804e1f50311b268fcccbaaa9928cfea6a9c9b'
 'dc339695033b917a95a4e4c89e6d27c678adf65eed7658a6e427ccfe595b02a2'
 'c830d0cdc847acd4f9b955eea7ddfd2c50148e65e380cf8b050c3103eed5f92a'
 '4f73da63ed2c4e8fca5cddd9ef5a2393bc90f39df6a297eddc84c94e95a8ed3e'
 '20ce764b52496eeafeb50b1be4dcf0e77464a0795fe242ffa2f1d5b06723aa92']",['f3ad7ba47540983755a803b0298804e1f50311b268fcccbaaa9928cfea6a9c9b'],1.0,1.0,0.9158519362043015
Midnight Recovery Concentrate ürünü hangi cilt tipleri için uygundur?,"Midnight Recovery Concentrate ürünü Combination, Dry, Normal, Oily, Sensitive cilt tipleri için uygundur.","[""Ürün adı: Midnight Recovery Concentrate\nMarka: KIEHL'S SINCE 1851\nKategori: Moisturizer\nFiyat: 47\nPuan: 4.4\nUygun cilt tipleri: Combination, Dry, Normal, Oily, Sensitive\n\nÜrün tanıtımı: Kiehl's Midnight Recovery Concentrate, çeşitli bitkisel yağlar ve skualen içeren bir nemlendiricidir. Cildin gece boyunca yenilenmesine yardımcı olmayı hedefleyebilir.\nİçerik analizi: Ürün, yoğun bitkisel yağlar ve özler içeren, nemlendirme odaklı bir formüle sahiptir. Oenothera Biennis Oil ve Simmondsia Chinensis Oil gibi bazı içerikler, bazı cilt tiplerinde komedojenik risk taşıyabilir. Lavandula Angustifolia Oil, Rosmarinus Officinalis Leaf Oil gibi uçucu yağlar ile Linalool, Limonene, Citronellol gibi koku bileşenleri hassasiyet/iritasyon riski yaratabilir.\n\nIngredients: Caprylic/Capric Triglyceride Dicaprylyl Carbonate Squalane Rosa Canina Fruit Oil Oenothera Biennis Oil, Evening Primrose Oil Simmondsia Chinensis Oil, Jojoba Seed Oil Coriandrum Sativum Oil, Coriander Seed Oil Tocopherol Lavandula Angustifolia Oil, Lavender Oil Pelargonium Graveolens Flower Oil Linalool Rosmarinus Officinalis Leaf Oil, Rosemary Leaf Oil Citronellol Geraniol Lavandula Hybrida Oil Cucumis Sativus Extract, Cucumber Fruit Extract Curcuma Longa Extract, Turmeric Root Extract Limonene Citral Sclareolide Rosa Spp, Rose Flower Oil Jasminum Officinale Extract, Jasmine Extract Helianthus Annuus Seed Oil, Sunflower Seed Oil.""
 'Ürün adı: Luna Sleeping Night Oil\nMarka: SUNDAY RILEY\nKategori: Moisturizer\nFiyat: 105\nPuan: 4.1\nUygun cilt tipleri: Combination, Dry, Normal, Oily, Sensitive\n\nÜrün tanıtımı: Luna Sleeping Night Oil, çeşitli cilt tipleri için uygun, gece kullanımı için tasarlanmış bir nemlendirici yağdır. Cildinize gece boyunca bakım yapmayı hedefler.\nİçerik analizi: Bu ürün, çeşitli bitkisel yağlar ve esansiyel yağlar içeren zengin bir formüle sahiptir. İçeriğinde cilt yenilenmesine yardımcı olabilecek bir retinoid (Hydroxypinacolone Retinoate) bulunmaktadır. Persea Gratissima (Avocado) Oil, bazı cilt tiplerinde komedojenik risk taşıyabilir. Hydroxypinacolone Retinoate ve çok sayıda esansiyel yağ (örneğin Citrus Aurantium Amara (Neroli) Oil, Cananga Odorata Flower (Ylang Ylang) Oil) hassasiyet veya iritasyon riski yaratabilir.\n\nIngredients: Persea Gratissima (Extra Virgin, Cold Pressed Avocado) Oil, Vitis Vinifera (Organic, Cold Pressed Concord Grape) Seed Oil, Rubus Fruticosus (Cold Pressed Blackberry) Seed Oil, Salvia Hispanica (Cold Pressed Chia) Oil, Dimethyl Isosorbide (and) Hydroxypinacolone Retinoate, Chamomilla Recutita (Matricaria) Flower Oil, Tanecetum annuum (Blue Tansy) oil, Anthemis nobilis (English Chamomile) oil, Eriocephalus punctulatus (Cape Chamomile) oil, Citrus Aurantium Amara (Neroli) Oil, Citrus Aurantium Dulcis (Blood Orange) oil, Cananga Odorata Flower (Ylang Ylang) Oil, Vetivera zizanoides (Vetiver) oil, Helianthus Annuus (Sunflower) Seed Oil (and) Rosmarinus officinalis (Rosemary) Leaf Extract, CI 61565 (Green 6), CI 60725 (Violet 2).'
 'Ürün adı: Ultra Repair® Cream Intense Hydration\nMarka: FIRST AID BEAUTY\nKategori: Moisturizer\nFiyat: 30\nPuan: 4.6\nUygun cilt tipleri: Combination, Dry, Normal, Oily, Sensitive\n\nÜrün tanıtımı: Ultra Repair® Cream Intense Hydration, çeşitli cilt tipleri için yoğun nemlendirme sunan bir nemlendiricidir. Cildi yatıştırmaya ve bariyerini desteklemeye yardımcı olabilecek içerikler barındırır.\nİçerik analizi: Formül, yoğun nemlendirme ve yatıştırma sağlayan bileşenler içerir. Seramid, kolloidal yulaf ezmesi ve bitki özleri ile cildi destekler. Stearik Asit, Gliseril Stearat SE, Gliseril Stearat, Setearil Alkol ve Butyrospermum Parkii Butter komedojenik risk taşıyabilir. Eucalyptus Globulus Leaf Oil ve Chrysanthemum Parthenium Extract hassasiyet/iritasyon riski yaratabilir.\n\nIngredients: Water, Stearic Acid, Glycerin, C12-15 Alkyl Benzoate, Caprylic/Capric Triglyceride, Glyceryl Stearate Se, Glyceryl Stearate, Cetearyl Alcohol, Butyrospermum Parkii Butter, Dimethicone, Squalane, Allantoin, Camellia Sinensis Leaf Extract, Caprylyl Glycol, Ceramide 3, Chrysanthemum Parthenium Extract, Colloidal Oatmeal, Disodium EDTA, Eucalyptus Globulus Leaf Oil, Glycyrrhiza Glabra Root Extract, Sodium Hydroxide, Xanthan Gum, Phenoxyethanol.'
 ""Ürün adı: Honeymoon Glow AHA Resurfacing Night Serum with Echinacea GreenEnvy™\nMarka: FARMACY\nKategori: Moisturizer\nFiyat: 58\nPuan: 4.6\nUygun cilt tipleri: Combination, Dry, Normal, Oily, Sensitive\n\nÜrün tanıtımı: Bu gece serumu, AHA'lar ve ekinezya içeren formülüyle cildin yenilenmesine ve daha ışıltılı bir görünüm kazanmasına yardımcı olabilir. Çeşitli cilt tipleri için uygun olduğu belirtilmiştir.\nİçerik analizi: Bu formül, Laktik ve Glikolik Asit gibi AHA'lar ile cildi yenilemeyi hedeflerken, çeşitli bitkisel yağlar ve hyaluronik asit türevleri ile nemlendirme ve yatıştırma sağlamayı amaçlar. Arı ürünleri ve zengin bitki özleri de içerir. Jojoba Esters ve Cetearyl Alcohol gibi bazı içerikler, bazı cilt tiplerinde komedojenik risk taşıyabilir. Laktik Asit, Glikolik Asit, Sitrik Asit, Salix Alba (Willow) Bark Extract, Citrus Limon (Lemon) Fruit Extract, Zingiber Officinale (Ginger) Root Extract ve Citral gibi içerikler hassasiyet veya iritasyon riski yaratabilir.\n\nIngredients: Water, Lactic Acid, Propanediol, Jojoba Esters, Glycolic Acid, Potassium Hydroxide, Salix Alba (Willow) Bark Extract, Carthamus Tinctorius (Safflower) Oleosomes, Vitis Vinifera (Grape) Seed Oil, Hibiscus Sabdariffa Flower Extract, Citric Acid, Honey Extract, Echinacea Purpurea Root Extract, Propolis Extract, Royal Jelly Extract, Hydrolyzed Sodium Hyaluronate, Hydrolyzed Hyaluronic Acid, Curcuma Longa (Turmeric) Root Extract, Argania Spinosa Kernel Oil, Zingiber Officinale (Ginger) Root Extract, Amaranthus Caudatus Seed Oil, Limnanthes Alba (Meadowfoam) Seed Oil, Vaccinium Myrtillus Fruit/Leaf Extract, Saccharum Officinarum (Sugarcane) Extract, Citrus Aurantium Dulcis (Orange) Fruit Extract, Citrus Limon (Lemon) Fruit Extract, Acer Saccharum (Sugar Maple) Extract, Melia Azadirachta Leaf Extract, Helianthus Annuus (Sunflower) Seed Oil, Melia Azadirachta Flower Extract, Salvia Hispanica Seed Oil, Cetearyl Alcohol, Glycerin, Arachidyl Alcohol, Sclerotium Gum, Coco-Glucoside, Polyacrylate Crosspolymer-6, Behenyl Alcohol, Arachidyl Glucoside, Sodium Benzoate, Tocopherol, Potassium Sorbate, Corallina Officinalis Extract, Polyglyceryl-10 Stearate, Gluconolactone, 1,2-Hexanediol, Ocimum Basilicum (Basil) Flower/Leaf Extract, Ocimum Sanctum Leaf Extract, T-Butyl Alcohol, Glucose, Calcium Gluconate, Citral.""
 'Ürün adı: COMPLEXION RESCUE™ Tinted Moisturizer Broad Spectrum SPF 30\nMarka: BAREMINERALS\nKategori: Moisturizer\nFiyat: 30\nPuan: 3.9\nUygun cilt tipleri: Belirlenemedi\n\nÜrün tanıtımı: Bu ürün, cilde nem sağlarken hafif renk tonu ve SPF 30 ile güneş koruması sunan renkli bir nemlendiricidir. Cilt tonunu eşitlemeye ve korumaya yardımcı olabilir.\nİçerik analizi: Ürün, nemlendirici ve yumuşatıcı bileşenler (Squalane, Gliserin, Sodyum Hyaluronat) açısından zengindir. Mineral bazlı renk ve SPF içerir. Isostearic Acid ve Polysorbate 60 komedojenik risk taşıyabilir. Phenoxyethanol hassasiyet/iritasyon riski yaratabilir. Bazı bitki özleri de hassasiyet potansiyeli taşıyabilir.\n\nIngredients: Water, Coconut Alkanes, Propanediol, Squalane, Trehalose, Isostearic Acid, Glycerin, Silica, Agar, Caprylic/Capric Triglyceride, Globularia Cordifolia Callus Culture Extract, Salicornia Herbacea Extract, Melilotus Officinalis Extract, Coco-Caprylate/Caprate, Butylene Glycol, Lauroyl Lysine, Sodium Hyaluronate, Succinoglycan, Polysorbate 60, Cellulose Gum, Polyglyceryl-4 Laurate/Succinate, Sorbitan Sesquiisostearate, Magnesium Stearate, Magnesium Hydroxide, Magnesium Chloride, Potassium Chloride, Calcium Chloride, Potassium Sorbate, Phenoxyethanol. May Contain: Titanium Dioxide, Iron Oxides.']","Uygun cilt tipleri: Combination, Dry, Normal, Oily, Sensitive.","['f3ad7ba47540983755a803b0298804e1f50311b268fcccbaaa9928cfea6a9c9b'
 '4f73da63ed2c4e8fca5cddd9ef5a2393bc90f39df6a297eddc84c94e95a8ed3e'
 'c830d0cdc847acd4f9b955eea7ddfd2c50148e65e380cf8b050c3103eed5f92a'
 '20ce764b52496eeafeb50b1be4dcf0e77464a0795fe242ffa2f1d5b06723aa92'
 'ccc5127b6eb60df804b36f4f65a1049f013a066d4afb7e3e907417ea7077844e']",['f3ad7ba47540983755a803b0298804e1f50311b268fcccbaaa9928cfea6a9c9b'],1.0,1.0,0.9082685006590095
"Midnight Recovery Concentrate ürünün,n fiyatı nedir?",Midnight Recovery Concentrate ürününün fiyatı 47'dir.,"[""Ürün adı: Midnight Recovery Concentrate\nMarka: KIEHL'S SINCE 1851\nKategori: Moisturizer\nFiyat: 47\nPuan: 4.4\nUygun cilt tipleri: Combination, Dry, Normal, Oily, Sensitive\n\nÜrün tanıtımı: Kiehl's Midnight Recovery Concentrate, çeşitli bitkisel yağlar ve skualen içeren bir nemlendiricidir. Cildin gece boyunca yenilenmesine yardımcı olmayı hedefleyebilir.\nİçerik analizi: Ürün, yoğun bitkisel yağlar ve özler içeren, nemlendirme odaklı bir formüle sahiptir. Oenothera Biennis Oil ve Simmondsia Chinensis Oil gibi bazı içerikler, bazı cilt tiplerinde komedojenik risk taşıyabilir. Lavandula Angustifolia Oil, Rosmarinus Officinalis Leaf Oil gibi uçucu yağlar ile Linalool, Limonene, Citronellol gibi koku bileşenleri hassasiyet/iritasyon riski yaratabilir.\n\nIngredients: Caprylic/Capric Triglyceride Dicaprylyl Carbonate Squalane Rosa Canina Fruit Oil Oenothera Biennis Oil, Evening Primrose Oil Simmondsia Chinensis Oil, Jojoba Seed Oil Coriandrum Sativum Oil, Coriander Seed Oil Tocopherol Lavandula Angustifolia Oil, Lavender Oil Pelargonium Graveolens Flower Oil Linalool Rosmarinus Officinalis Leaf Oil, Rosemary Leaf Oil Citronellol Geraniol Lavandula Hybrida Oil Cucumis Sativus Extract, Cucumber Fruit Extract Curcuma Longa Extract, Turmeric Root Extract Limonene Citral Sclareolide Rosa Spp, Rose Flower Oil Jasminum Officinale Extract, Jasmine Extract Helianthus Annuus Seed Oil, Sunflower Seed Oil.""
 'Ürün adı: Luna Sleeping Night Oil\nMarka: SUNDAY RILEY\nKategori: Moisturizer\nFiyat: 105\nPuan: 4.1\nUygun cilt tipleri: Combination, Dry, Normal, Oily, Sensitive\n\nÜrün tanıtımı: Luna Sleeping Night Oil, çeşitli cilt tipleri için uygun, gece kullanımı için tasarlanmış bir nemlendirici yağdır. Cildinize gece boyunca bakım yapmayı hedefler.\nİçerik analizi: Bu ürün, çeşitli bitkisel yağlar ve esansiyel yağlar içeren zengin bir formüle sahiptir. İçeriğinde cilt yenilenmesine yardımcı olabilecek bir retinoid (Hydroxypinacolone Retinoate) bulunmaktadır. Persea Gratissima (Avocado) Oil, bazı cilt tiplerinde komedojenik risk taşıyabilir. Hydroxypinacolone Retinoate ve çok sayıda esansiyel yağ (örneğin Citrus Aurantium Amara (Neroli) Oil, Cananga Odorata Flower (Ylang Ylang) Oil) hassasiyet veya iritasyon riski yaratabilir.\n\nIngredients: Persea Gratissima (Extra Virgin, Cold Pressed Avocado) Oil, Vitis Vinifera (Organic, Cold Pressed Concord Grape) Seed Oil, Rubus Fruticosus (Cold Pressed Blackberry) Seed Oil, Salvia Hispanica (Cold Pressed Chia) Oil, Dimethyl Isosorbide (and) Hydroxypinacolone Retinoate, Chamomilla Recutita (Matricaria) Flower Oil, Tanecetum annuum (Blue Tansy) oil, Anthemis nobilis (English Chamomile) oil, Eriocephalus punctulatus (Cape Chamomile) oil, Citrus Aurantium Amara (Neroli) Oil, Citrus Aurantium Dulcis (Blood Orange) oil, Cananga Odorata Flower (Ylang Ylang) Oil, Vetivera zizanoides (Vetiver) oil, Helianthus Annuus (Sunflower) Seed Oil (and) Rosmarinus officinalis (Rosemary) Leaf Extract, CI 61565 (Green 6), CI 60725 (Violet 2).'
 ""Ürün adı: Honeymoon Glow AHA Resurfacing Night Serum with Echinacea GreenEnvy™\nMarka: FARMACY\nKategori: Moisturizer\nFiyat: 58\nPuan: 4.6\nUygun cilt tipleri: Combination, Dry, Normal, Oily, Sensitive\n\nÜrün tanıtımı: Bu gece serumu, AHA'lar ve ekinezya içeren formülüyle cildin yenilenmesine ve daha ışıltılı bir görünüm kazanmasına yardımcı olabilir. Çeşitli cilt tipleri için uygun olduğu belirtilmiştir.\nİçerik analizi: Bu formül, Laktik ve Glikolik Asit gibi AHA'lar ile cildi yenilemeyi hedeflerken, çeşitli bitkisel yağlar ve hyaluronik asit türevleri ile nemlendirme ve yatıştırma sağlamayı amaçlar. Arı ürünleri ve zengin bitki özleri de içerir. Jojoba Esters ve Cetearyl Alcohol gibi bazı içerikler, bazı cilt tiplerinde komedojenik risk taşıyabilir. Laktik Asit, Glikolik Asit, Sitrik Asit, Salix Alba (Willow) Bark Extract, Citrus Limon (Lemon) Fruit Extract, Zingiber Officinale (Ginger) Root Extract ve Citral gibi içerikler hassasiyet veya iritasyon riski yaratabilir.\n\nIngredients: Water, Lactic Acid, Propanediol, Jojoba Esters, Glycolic Acid, Potassium Hydroxide, Salix Alba (Willow) Bark Extract, Carthamus Tinctorius (Safflower) Oleosomes, Vitis Vinifera (Grape) Seed Oil, Hibiscus Sabdariffa Flower Extract, Citric Acid, Honey Extract, Echinacea Purpurea Root Extract, Propolis Extract, Royal Jelly Extract, Hydrolyzed Sodium Hyaluronate, Hydrolyzed Hyaluronic Acid, Curcuma Longa (Turmeric) Root Extract, Argania Spinosa Kernel Oil, Zingiber Officinale (Ginger) Root Extract, Amaranthus Caudatus Seed Oil, Limnanthes Alba (Meadowfoam) Seed Oil, Vaccinium Myrtillus Fruit/Leaf Extract, Saccharum Officinarum (Sugarcane) Extract, Citrus Aurantium Dulcis (Orange) Fruit Extract, Citrus Limon (Lemon) Fruit Extract, Acer Saccharum (Sugar Maple) Extract, Melia Azadirachta Leaf Extract, Helianthus Annuus (Sunflower) Seed Oil, Melia Azadirachta Flower Extract, Salvia Hispanica Seed Oil, Cetearyl Alcohol, Glycerin, Arachidyl Alcohol, Sclerotium Gum, Coco-Glucoside, Polyacrylate Crosspolymer-6, Behenyl Alcohol, Arachidyl Glucoside, Sodium Benzoate, Tocopherol, Potassium Sorbate, Corallina Officinalis Extract, Polyglyceryl-10 Stearate, Gluconolactone, 1,2-Hexanediol, Ocimum Basilicum (Basil) Flower/Leaf Extract, Ocimum Sanctum Leaf Extract, T-Butyl Alcohol, Glucose, Calcium Gluconate, Citral.""
 'Ürün adı: COMPLEXION RESCUE™ Tinted Moisturizer Broad Spectrum SPF 30\nMarka: BAREMINERALS\nKategori: Moisturizer\nFiyat: 30\nPuan: 3.9\nUygun cilt tipleri: Belirlenemedi\n\nÜrün tanıtımı: Bu ürün, cilde nem sağlarken hafif renk tonu ve SPF 30 ile güneş koruması sunan renkli bir nemlendiricidir. Cilt tonunu eşitlemeye ve korumaya yardımcı olabilir.\nİçerik analizi: Ürün, nemlendirici ve yumuşatıcı bileşenler (Squalane, Gliserin, Sodyum Hyaluronat) açısından zengindir. Mineral bazlı renk ve SPF içerir. Isostearic Acid ve Polysorbate 60 komedojenik risk taşıyabilir. Phenoxyethanol hassasiyet/iritasyon riski yaratabilir. Bazı bitki özleri de hassasiyet potansiyeli taşıyabilir.\n\nIngredients: Water, Coconut Alkanes, Propanediol, Squalane, Trehalose, Isostearic Acid, Glycerin, Silica, Agar, Caprylic/Capric Triglyceride, Globularia Cordifolia Callus Culture Extract, Salicornia Herbacea Extract, Melilotus Officinalis Extract, Coco-Caprylate/Caprate, Butylene Glycol, Lauroyl Lysine, Sodium Hyaluronate, Succinoglycan, Polysorbate 60, Cellulose Gum, Polyglyceryl-4 Laurate/Succinate, Sorbitan Sesquiisostearate, Magnesium Stearate, Magnesium Hydroxide, Magnesium Chloride, Potassium Chloride, Calcium Chloride, Potassium Sorbate, Phenoxyethanol. May Contain: Titanium Dioxide, Iron Oxides.'
 'Ürün adı: Ultra Repair® Cream Intense Hydration\nMarka: FIRST AID BEAUTY\nKategori: Moisturizer\nFiyat: 30\nPuan: 4.6\nUygun cilt tipleri: Combination, Dry, Normal, Oily, Sensitive\n\nÜrün tanıtımı: Ultra Repair® Cream Intense Hydration, çeşitli cilt tipleri için yoğun nemlendirme sunan bir nemlendiricidir. Cildi yatıştırmaya ve bariyerini desteklemeye yardımcı olabilecek içerikler barındırır.\nİçerik analizi: Formül, yoğun nemlendirme ve yatıştırma sağlayan bileşenler içerir. Seramid, kolloidal yulaf ezmesi ve bitki özleri ile cildi destekler. Stearik Asit, Gliseril Stearat SE, Gliseril Stearat, Setearil Alkol ve Butyrospermum Parkii Butter komedojenik risk taşıyabilir. Eucalyptus Globulus Leaf Oil ve Chrysanthemum Parthenium Extract hassasiyet/iritasyon riski yaratabilir.\n\nIngredients: Water, Stearic Acid, Glycerin, C12-15 Alkyl Benzoate, Caprylic/Capric Triglyceride, Glyceryl Stearate Se, Glyceryl Stearate, Cetearyl Alcohol, Butyrospermum Parkii Butter, Dimethicone, Squalane, Allantoin, Camellia Sinensis Leaf Extract, Caprylyl Glycol, Ceramide 3, Chrysanthemum Parthenium Extract, Colloidal Oatmeal, Disodium EDTA, Eucalyptus Globulus Leaf Oil, Glycyrrhiza Glabra Root Extract, Sodium Hydroxide, Xanthan Gum, Phenoxyethanol.']",Fiyat: 47.,"['f3ad7ba47540983755a803b0298804e1f50311b268fcccbaaa9928cfea6a9c9b'
 '4f73da63ed2c4e8fca5cddd9ef5a2393bc90f39df6a297eddc84c94e95a8ed3e'
 '20ce764b52496eeafeb50b1be4dcf0e77464a0795fe242ffa2f1d5b06723aa92'
 'ccc5127b6eb60df804b36f4f65a1049f013a066d4afb7e3e907417ea7077844e'
 'c830d0cdc847acd4f9b955eea7ddfd2c50148e65e380cf8b050c3103eed5f92a']",['f3ad7ba47540983755a803b0298804e1f50311b268fcccbaaa9928cfea6a9c9b'],1.0,1.0,0.903556820458263
KIEHL'S SINCE 1851 markasının Ultra Facial Cream ürününün puanı kaç?,KIEHL'S SINCE 1851 Ultra Facial Cream ürününün puanı 4.4'tür.,"[""Ürün adı: Ultra Facial Cream\nMarka: KIEHL'S SINCE 1851\nKategori: Moisturizer\nFiyat: 29\nPuan: 4.4\nUygun cilt tipleri: Combination, Dry, Normal, Oily, Sensitive\n\nÜrün tanıtımı: KIEHL'S SINCE 1851 Ultra Facial Cream, cildi nemlendirmeye yardımcı olan popüler bir üründür. Karma, kuru, normal, yağlı ve hassas ciltler dahil birçok cilt tipine uygun olabilir ve kullanıcılar tarafından yüksek puan almıştır.\nİçerik analizi: Ürün, nemlendirici, yumuşatıcı ve bariyer destekleyici bileşenlerin bir kombinasyonunu içerir. Komedojenik risk yaratabilecek içerikler Myristyl Myristate, Olea Europaea Oil olabilir. Hassasiyet/iritasyon riski yaratabilecek içerikler Phenoxyethanol, Methylparaben, Triethanolamine olabilir.\n\nIngredients: Water, Glycerin, Cyclohexasiloxane, Squalane, Bis-Peg-18 Methyl Ether Dimethyl Silane, Sucrose Stearate, Stearyl Alcohol, Peg-8 Stearate, Urea, Myristyl Myristate, Pentaerythrityl Tetraethylhexanoate, Prunus Armeniaca Kernel Oil, Phenoxyethanol, Persea Gratissima Oil, Olea Europaea Oil, Oryza Sativa Bran Oil, Cetyl Alcohol, Glyceryl Stearate, Imperata Cylindrica Root Extract, Stearic Acid, Methylparaben, Chlorphenesin, Palmitic Acid, Disodium Edta, Acrylates/C10-30 Alkyl Acrylate Crosspolymer, Propylparaben, Carbomer, Triethanolamine, Prunus Amygdalus Dulcis Oil, Xanthan Gum, Sodium Hydroxide, Tocopherol, Pseudoalteromonas Ferment Extract, Hydroxypalmitoyl Sphinganine, Caprylyl Glycol.""
 ""Ürün adı: Midnight Recovery Concentrate\nMarka: KIEHL'S SINCE 1851\nKategori: Moisturizer\nFiyat: 47\nPuan: 4.4\nUygun cilt tipleri: Combination, Dry, Normal, Oily, Sensitive\n\nÜrün tanıtımı: Kiehl's Midnight Recovery Concentrate, çeşitli bitkisel yağlar ve skualen içeren bir nemlendiricidir. Cildin gece boyunca yenilenmesine yardımcı olmayı hedefleyebilir.\nİçerik analizi: Ürün, yoğun bitkisel yağlar ve özler içeren, nemlendirme odaklı bir formüle sahiptir. Oenothera Biennis Oil ve Simmondsia Chinensis Oil gibi bazı içerikler, bazı cilt tiplerinde komedojenik risk taşıyabilir. Lavandula Angustifolia Oil, Rosmarinus Officinalis Leaf Oil gibi uçucu yağlar ile Linalool, Limonene, Citronellol gibi koku bileşenleri hassasiyet/iritasyon riski yaratabilir.\n\nIngredients: Caprylic/Capric Triglyceride Dicaprylyl Carbonate Squalane Rosa Canina Fruit Oil Oenothera Biennis Oil, Evening Primrose Oil Simmondsia Chinensis Oil, Jojoba Seed Oil Coriandrum Sativum Oil, Coriander Seed Oil Tocopherol Lavandula Angustifolia Oil, Lavender Oil Pelargonium Graveolens Flower Oil Linalool Rosmarinus Officinalis Leaf Oil, Rosemary Leaf Oil Citronellol Geraniol Lavandula Hybrida Oil Cucumis Sativus Extract, Cucumber Fruit Extract Curcuma Longa Extract, Turmeric Root Extract Limonene Citral Sclareolide Rosa Spp, Rose Flower Oil Jasminum Officinale Extract, Jasmine Extract Helianthus Annuus Seed Oil, Sunflower Seed Oil.""
 'Ürün adı: Ultra Repair® Cream Intense Hydration\nMarka: FIRST AID BEAUTY\nKategori: Moisturizer\nFiyat: 30\nPuan: 4.6\nUygun cilt tipleri: Combination, Dry, Normal, Oily, Sensitive\n\nÜrün tanıtımı: Ultra Repair® Cream Intense Hydration, çeşitli cilt tipleri için yoğun nemlendirme sunan bir nemlendiricidir. Cildi yatıştırmaya ve bariyerini desteklemeye yardımcı olabilecek içerikler barındırır.\nİçerik analizi: Formül, yoğun nemlendirme ve yatıştırma sağlayan bileşenler içerir. Seramid, kolloidal yulaf ezmesi ve bitki özleri ile cildi destekler. Stearik Asit, Gliseril Stearat SE, Gliseril Stearat, Setearil Alkol ve Butyrospermum Parkii Butter komedojenik risk taşıyabilir. Eucalyptus Globulus Leaf Oil ve Chrysanthemum Parthenium Extract hassasiyet/iritasyon riski yaratabilir.\n\nIngredients: Water, Stearic Acid, Glycerin, C12-15 Alkyl Benzoate, Caprylic/Capric Triglyceride, Glyceryl Stearate Se, Glyceryl Stearate, Cetearyl Alcohol, Butyrospermum Parkii Butter, Dimethicone, Squalane, Allantoin, Camellia Sinensis Leaf Extract, Caprylyl Glycol, Ceramide 3, Chrysanthemum Parthenium Extract, Colloidal Oatmeal, Disodium EDTA, Eucalyptus Globulus Leaf Oil, Glycyrrhiza Glabra Root Extract, Sodium Hydroxide, Xanthan Gum, Phenoxyethanol.'
 'Ürün adı: Your Skin But Better™ CC+™ Cream with SPF 50+\nMarka: IT COSMETICS\nKategori: Moisturizer\nFiyat: 38\nPuan: 4.1\nUygun cilt tipleri: Combination, Dry, Normal, Oily, Sensitive\n\nÜrün tanıtımı: Bu ürün, cilde renk eşitleme ve yüksek SPF 50+ güneş koruması sunan, nemlendirici özelliklere sahip bir CC kremidir. Cilt tonunu eşitlemeye ve nemlendirmeye yardımcı olabilir.\nİçerik analizi: Ürün, nemlendirici, SPF ve çeşitli aktif bileşenler içeren zengin bir formüle sahiptir. Salyangoz salgısı filtratı, silikonlar, bitkisel yağlar ve vitaminler içerir. Stearik Asit, Orbignya Oleifera Seed Oil ve Persea Gratissima (Avocado) Oil komedojenik risk taşıyabilir. Narenciye yağları (Citrus Medica Limonum Peel Oil, Citrus Aurantium Bergamia Fruit Oil vb.) ve Eucalyptus Globulus Leaf Oil hassasiyet/iritasyon riski yaratabilir. Chlorhexidine Digluconate de hassasiyet riski taşıyabilir.\n\nIngredients: Water, Snail Secretion Filtrate, Phenyl Trimethicone, Dimethicone, Butylene Glycol, Butylene Glycol Dicaprylate/Dicaprate, Orbignya Oleifera Seed Oil, Butyloctyl Salicylate, Cetyl Peg/Ppg-10/1 Dimethicone, Cyclopentasiloxane, Cyclohexasiloxane, Magnesium Sulfate, Polyglyceryl-4 Isostearate, Dimethicone/Vinyl Dimethicone Crosspolymer, Aluminum Hydroxide, Hexyl Laurate, Stearic Acid, Calcium Stearate, Caprylyl Glycol, Triethoxycaprylylsilane, Ethylhexylglycerin, Citrus Medica Limonum (Lemon) Peel Oil, Tocopheryl Acetate, Sorbitan Isostearate, Phenoxyethanol, Citrus Aurantium Bergamia (Bergamot) Fruit Oil, 1,2-Hexanediol, Disodium Edta, Citrus Aurantium Dulcis (Orange) Peel Oil, Citrus Aurantifolia (Lime) Oil, Vitis Vinifera (Grape) Seed Oil, Punica Granatum Seed Oil, Pinus Sylvestris Leaf Oil, Persea Gratissima (Avocado) Oil, Niacinamide, Citrus Grandis (Grapefruit) Peel Oil, Cholesterol, Anthemis Nobilis Flower Water, Lactobacillus/Honeysuckle Flower/Licorice Root/Morus Alba Root/Pueraria Lobata Root/Schizandra Chinensis Fruit/Scutellaria Baicalensis Root/Sophora Japonica Flower Extract Ferment Filtrate, Perfluorohexane, Olea Europaea (Olive) Leaf Extract, Glycerin, Eucalyptus Globulus Leaf Oil, Camellia Sinensis Leaf Extract, Chrysanthemum Indicum Flower Extract, Pueraria Lobata Root Extract, Perfluorodecalin, Morus Alba Fruit Extract, Magnolia Kobus Bark Extract, Glycine Soja (Soybean) Sprout Extract, Diospyros Kaki Leaf Extract, Cinnamomum Cassia Bark Extract, Artemisia Princeps Leaf Extract, Pentafluoropropane, Curcuma Longa (Turmeric) Root Extract, Steareth-20, Hydrolyzed Hyaluronic Acid, Colloidal Oatmeal, Hydrolyzed Silk, Citric Acid, Sodium Benzoate, Potassium Sorbate, Aloe Barbadensis Leaf Extract, N-Hydroxysuccinimide, Hydrolyzed Collagen, Caprylhydroxamic Acid, Tocopherol, Thiamine Hcl, Riboflavin, Retinyl Palmitate, Pantothenic Acid, Palmitoyl Oligopeptide, Niacin, Folic Acid, Chrysin, Carnitine Hcl, Biotin, Ascorbic Acid, Palmitoyl Tetrapeptide-7, Chlorhexidine Digluconate. May Contain: Iron Oxides (Ci 77492, Ci 77491, Ci 77499).'
 'Ürün adı: The True Cream Aqua Bomb\nMarka: BELIF\nKategori: Moisturizer\nFiyat: 38\nPuan: 4.5\nUygun cilt tipleri: Combination, Normal, Oily\n\nÜrün tanıtımı: BELIF The True Cream Aqua Bomb, karma, normal ve yağlı cilt tipleri için tasarlanmış bir nemlendiricidir. Cilde yoğun nem sağlamayı hedefleyen hafif yapılı bir üründür.\nİçerik analizi: Bu formül nemlendirici ve yumuşatıcı bileşenler içerir. Cilt bariyerini destekleyici seramid ve kolesterol de bulunmaktadır. Alkol denat, parfüm ve parfüm bileşenleri (Citronellol, Limonene, Citral, Geraniol, Linalool) hassasiyet/iritasyon riski taşıyabilir. Butyrospermum Parkii (Shea) Butter, Macadamia Ternifolia Seed Oil, Stearic Acid komedojenik risk yaratabilir.\n\nIngredients: Water, Dipropylene Glycol, Glycerin, Methl Trimethicone, Alcohol Denat, Dimethicone, Cyclopentasiloxane, 1,2-Hexanediol, Malakite Extract, Caprylic/Capric Triglyceride, Pentaerythrityl Tetraethylhexanoate, PEG/PPG/Polybutylene Glycol-8/5/3 Glycerin, Alchemilla Vulgaris Leaf Extract*, Equisetum Arvense Leaf Extract*, Stellaria Media (Chickweed) Extract*, Urtica Dioica (Nettle) Leaf Extract*, Plantago Lanceolata Leaf Extract*, Avena Sativa (Oat) Kernel Extract**, Calendula Officinalis Flower Extract**, Nepeta Cataria Extract**, Rubus Idaeus (Raspberry) Leaf Extract**, Baptisia Tinctoria Root Extract**, Dimethiconol, Polymethylsilsesquioxane, Sodium Acrylate/Acryloyldimethyltaurate/Dimethylacrylamide Crosspolymer, Isohexadecane, Polysorbate 60, Ceramide 3, Cholesterol, Butyrospermum Parkii (Shea) Butter, Phenl Trimethicone, Pentaerythrityl Tetraisostearate, Panthenol, Squalane, Triethylhexanoin, Macadamia Ternifolia Seed Oil, PEG-150, PEG-40 Hydrogenated Castor Oil, Acrylates/C10-30 Alkyl Acrylate Crosspolymer, C14-22 Alcohols, Arachidyl Glucoside, Hydrogenated Lecithin, PEG-100 Stearate, Stearic Acid, Glyceryl Stearate, Carbomer, Tromethamine, Trisodium EDTA, Fragrance+, Citronellol, Limonene, Citral, Geraniol, Linalool. *Napiers aqua formula. **Napiers original formula. +Fragrances of natural origin.']",Puan: 4.4.,"['dc339695033b917a95a4e4c89e6d27c678adf65eed7658a6e427ccfe595b02a2'
 'f3ad7ba47540983755a803b0298804e1f50311b268fcccbaaa9928cfea6a9c9b'
 'c830d0cdc847acd4f9b955eea7ddfd2c50148e65e380cf8b050c3103eed5f92a'
 '02415a33943b2cc65c009174fd5b3f5a0cffb6f23d553fd8266e9b7f26f16cc0'
 '8b5befe4aea098f3c275c8d75e0e6d2abcfdcf666c1eb8ba6e1c5d94f70677d7']",['dc339695033b917a95a4e4c89e6d27c678adf65eed7658a6e427ccfe595b02a2'],1.0,1.0,0.9141641809775388
Ultra Facial Cream ürünü hangi cilt tipleri için uygundur?,"Ultra Facial Cream ürünü Combination, Dry, Normal, Oily, Sensitive cilt tipleri için uygundur.","['Ürün adı: Ultra Repair® Cream Intense Hydration\nMarka: FIRST AID BEAUTY\nKategori: Moisturizer\nFiyat: 30\nPuan: 4.6\nUygun cilt tipleri: Combination, Dry, Normal, Oily, Sensitive\n\nÜrün tanıtımı: Ultra Repair® Cream Intense Hydration, çeşitli cilt tipleri için yoğun nemlendirme sunan bir nemlendiricidir. Cildi yatıştırmaya ve bariyerini desteklemeye yardımcı olabilecek içerikler barındırır.\nİçerik analizi: Formül, yoğun nemlendirme ve yatıştırma sağlayan bileşenler içerir. Seramid, kolloidal yulaf ezmesi ve bitki özleri ile cildi destekler. Stearik Asit, Gliseril Stearat SE, Gliseril Stearat, Setearil Alkol ve Butyrospermum Parkii Butter komedojenik risk taşıyabilir. Eucalyptus Globulus Leaf Oil ve Chrysanthemum Parthenium Extract hassasiyet/iritasyon riski yaratabilir.\n\nIngredients: Water, Stearic Acid, Glycerin, C12-15 Alkyl Benzoate, Caprylic/Capric Triglyceride, Glyceryl Stearate Se, Glyceryl Stearate, Cetearyl Alcohol, Butyrospermum Parkii Butter, Dimethicone, Squalane, Allantoin, Camellia Sinensis Leaf Extract, Caprylyl Glycol, Ceramide 3, Chrysanthemum Parthenium Extract, Colloidal Oatmeal, Disodium EDTA, Eucalyptus Globulus Leaf Oil, Glycyrrhiza Glabra Root Extract, Sodium Hydroxide, Xanthan Gum, Phenoxyethanol.'
 ""Ürün adı: Ultra Facial Cream\nMarka: KIEHL'S SINCE 1851\nKategori: Moisturizer\nFiyat: 29\nPuan: 4.4\nUygun cilt tipleri: Combination, Dry, Normal, Oily, Sensitive\n\nÜrün tanıtımı: KIEHL'S SINCE 1851 Ultra Facial Cream, cildi nemlendirmeye yardımcı olan popüler bir üründür. Karma, kuru, normal, yağlı ve hassas ciltler dahil birçok cilt tipine uygun olabilir ve kullanıcılar tarafından yüksek puan almıştır.\nİçerik analizi: Ürün, nemlendirici, yumuşatıcı ve bariyer destekleyici bileşenlerin bir kombinasyonunu içerir. Komedojenik risk yaratabilecek içerikler Myristyl Myristate, Olea Europaea Oil olabilir. Hassasiyet/iritasyon riski yaratabilecek içerikler Phenoxyethanol, Methylparaben, Triethanolamine olabilir.\n\nIngredients: Water, Glycerin, Cyclohexasiloxane, Squalane, Bis-Peg-18 Methyl Ether Dimethyl Silane, Sucrose Stearate, Stearyl Alcohol, Peg-8 Stearate, Urea, Myristyl Myristate, Pentaerythrityl Tetraethylhexanoate, Prunus Armeniaca Kernel Oil, Phenoxyethanol, Persea Gratissima Oil, Olea Europaea Oil, Oryza Sativa Bran Oil, Cetyl Alcohol, Glyceryl Stearate, Imperata Cylindrica Root Extract, Stearic Acid, Methylparaben, Chlorphenesin, Palmitic Acid, Disodium Edta, Acrylates/C10-30 Alkyl Acrylate Crosspolymer, Propylparaben, Carbomer, Triethanolamine, Prunus Amygdalus Dulcis Oil, Xanthan Gum, Sodium Hydroxide, Tocopherol, Pseudoalteromonas Ferment Extract, Hydroxypalmitoyl Sphinganine, Caprylyl Glycol.""
 'Ürün adı: Your Skin But Better™ CC+™ Cream with SPF 50+\nMarka: IT COSMETICS\nKategori: Moisturizer\nFiyat: 38\nPuan: 4.1\nUygun cilt tipleri: Combination, Dry, Normal, Oily, Sensitive\n\nÜrün tanıtımı: Bu ürün, cilde renk eşitleme ve yüksek SPF 50+ güneş koruması sunan, nemlendirici özelliklere sahip bir CC kremidir. Cilt tonunu eşitlemeye ve nemlendirmeye yardımcı olabilir.\nİçerik analizi: Ürün, nemlendirici, SPF ve çeşitli aktif bileşenler içeren zengin bir formüle sahiptir. Salyangoz salgısı filtratı, silikonlar, bitkisel yağlar ve vitaminler içerir. Stearik Asit, Orbignya Oleifera Seed Oil ve Persea Gratissima (Avocado) Oil komedojenik risk taşıyabilir. Narenciye yağları (Citrus Medica Limonum Peel Oil, Citrus Aurantium Bergamia Fruit Oil vb.) ve Eucalyptus Globulus Leaf Oil hassasiyet/iritasyon riski yaratabilir. Chlorhexidine Digluconate de hassasiyet riski taşıyabilir.\n\nIngredients: Water, Snail Secretion Filtrate, Phenyl Trimethicone, Dimethicone, Butylene Glycol, Butylene Glycol Dicaprylate/Dicaprate, Orbignya Oleifera Seed Oil, Butyloctyl Salicylate, Cetyl Peg/Ppg-10/1 Dimethicone, Cyclopentasiloxane, Cyclohexasiloxane, Magnesium Sulfate, Polyglyceryl-4 Isostearate, Dimethicone/Vinyl Dimethicone Crosspolymer, Aluminum Hydroxide, Hexyl Laurate, Stearic Acid, Calcium Stearate, Caprylyl Glycol, Triethoxycaprylylsilane, Ethylhexylglycerin, Citrus Medica Limonum (Lemon) Peel Oil, Tocopheryl Acetate, Sorbitan Isostearate, Phenoxyethanol, Citrus Aurantium Bergamia (Bergamot) Fruit Oil, 1,2-Hexanediol, Disodium Edta, Citrus Aurantium Dulcis (Orange) Peel Oil, Citrus Aurantifolia (Lime) Oil, Vitis Vinifera (Grape) Seed Oil, Punica Granatum Seed Oil, Pinus Sylvestris Leaf Oil, Persea Gratissima (Avocado) Oil, Niacinamide, Citrus Grandis (Grapefruit) Peel Oil, Cholesterol, Anthemis Nobilis Flower Water, Lactobacillus/Honeysuckle Flower/Licorice Root/Morus Alba Root/Pueraria Lobata Root/Schizandra Chinensis Fruit/Scutellaria Baicalensis Root/Sophora Japonica Flower Extract Ferment Filtrate, Perfluorohexane, Olea Europaea (Olive) Leaf Extract, Glycerin, Eucalyptus Globulus Leaf Oil, Camellia Sinensis Leaf Extract, Chrysanthemum Indicum Flower Extract, Pueraria Lobata Root Extract, Perfluorodecalin, Morus Alba Fruit Extract, Magnolia Kobus Bark Extract, Glycine Soja (Soybean) Sprout Extract, Diospyros Kaki Leaf Extract, Cinnamomum Cassia Bark Extract, Artemisia Princeps Leaf Extract, Pentafluoropropane, Curcuma Longa (Turmeric) Root Extract, Steareth-20, Hydrolyzed Hyaluronic Acid, Colloidal Oatmeal, Hydrolyzed Silk, Citric Acid, Sodium Benzoate, Potassium Sorbate, Aloe Barbadensis Leaf Extract, N-Hydroxysuccinimide, Hydrolyzed Collagen, Caprylhydroxamic Acid, Tocopherol, Thiamine Hcl, Riboflavin, Retinyl Palmitate, Pantothenic Acid, Palmitoyl Oligopeptide, Niacin, Folic Acid, Chrysin, Carnitine Hcl, Biotin, Ascorbic Acid, Palmitoyl Tetrapeptide-7, Chlorhexidine Digluconate. May Contain: Iron Oxides (Ci 77492, Ci 77491, Ci 77499).'
 'Ürün adı: The True Cream Aqua Bomb\nMarka: BELIF\nKategori: Moisturizer\nFiyat: 38\nPuan: 4.5\nUygun cilt tipleri: Combination, Normal, Oily\n\nÜrün tanıtımı: BELIF The True Cream Aqua Bomb, karma, normal ve yağlı cilt tipleri için tasarlanmış bir nemlendiricidir. Cilde yoğun nem sağlamayı hedefleyen hafif yapılı bir üründür.\nİçerik analizi: Bu formül nemlendirici ve yumuşatıcı bileşenler içerir. Cilt bariyerini destekleyici seramid ve kolesterol de bulunmaktadır. Alkol denat, parfüm ve parfüm bileşenleri (Citronellol, Limonene, Citral, Geraniol, Linalool) hassasiyet/iritasyon riski taşıyabilir. Butyrospermum Parkii (Shea) Butter, Macadamia Ternifolia Seed Oil, Stearic Acid komedojenik risk yaratabilir.\n\nIngredients: Water, Dipropylene Glycol, Glycerin, Methl Trimethicone, Alcohol Denat, Dimethicone, Cyclopentasiloxane, 1,2-Hexanediol, Malakite Extract, Caprylic/Capric Triglyceride, Pentaerythrityl Tetraethylhexanoate, PEG/PPG/Polybutylene Glycol-8/5/3 Glycerin, Alchemilla Vulgaris Leaf Extract*, Equisetum Arvense Leaf Extract*, Stellaria Media (Chickweed) Extract*, Urtica Dioica (Nettle) Leaf Extract*, Plantago Lanceolata Leaf Extract*, Avena Sativa (Oat) Kernel Extract**, Calendula Officinalis Flower Extract**, Nepeta Cataria Extract**, Rubus Idaeus (Raspberry) Leaf Extract**, Baptisia Tinctoria Root Extract**, Dimethiconol, Polymethylsilsesquioxane, Sodium Acrylate/Acryloyldimethyltaurate/Dimethylacrylamide Crosspolymer, Isohexadecane, Polysorbate 60, Ceramide 3, Cholesterol, Butyrospermum Parkii (Shea) Butter, Phenl Trimethicone, Pentaerythrityl Tetraisostearate, Panthenol, Squalane, Triethylhexanoin, Macadamia Ternifolia Seed Oil, PEG-150, PEG-40 Hydrogenated Castor Oil, Acrylates/C10-30 Alkyl Acrylate Crosspolymer, C14-22 Alcohols, Arachidyl Glucoside, Hydrogenated Lecithin, PEG-100 Stearate, Stearic Acid, Glyceryl Stearate, Carbomer, Tromethamine, Trisodium EDTA, Fragrance+, Citronellol, Limonene, Citral, Geraniol, Linalool. *Napiers aqua formula. **Napiers original formula. +Fragrances of natural origin.'
 'Ürün adı: Lala Retro™ Whipped Cream\nMarka: DRUNK ELEPHANT\nKategori: Moisturizer\nFiyat: 60\nPuan: 4.2\nUygun cilt tipleri: Combination, Dry, Normal, Oily\n\nÜrün tanıtımı: Bu ürün, cildi nemlendirmeye yardımcı olabilecek bir nemlendiricidir. Karma, kuru, normal ve yağlı dahil olmak üzere çeşitli cilt tipleri için uygun olabilir.\nİçerik analizi: Bu formül, yoğun nemlendirme sağlayan gliserin ve çeşitli besleyici bitkisel yağlar içerir. Fermente içerikler cilt bariyerini desteklemeye yardımcı olabilir. Sodyum Hiyalüronat Çapraz Polimer ile nem tutulumu hedeflenmiştir. Komedojenik risk yaratabilecek içerikler Isopropyl Isostearate ve Stearic Acid olabilir. Hassasiyet/iritasyon riski taşıyabilecek içerikler Chlorphenesin, Phenoxyethanol ve Ceteareth-20 olabilir.\n\nIngredients: Water, Glycerin, Caprylic/ Capric Triglyceride, Isopropyl Isostearate, Pseudozyma Epicola/Camellia Sinensis Seed Oil/Glucose/Glycine Soja Meal/Malt Extract/Yeast Extract Ferment Filtrate (Pseudozyma Epicola/Camellia Sinensis Seed Oil/Glucose/Yeast Extract Ferment Filtrate), Stearic Acid, Glyceryl Stearate SE, Cetearyl Alcohol, Pentylene Glycol, Plantago Lanceolata Leaf Extract, Adansonia Digitata Seed Oil, Citrullus Lanatus (Watermelon) Seed Oil, Passiflora Edulis Seed Oil, Schinziophyton Rautanenii Kernel Oil, Sclerocarya Birrea Seed Oil, Polyglyceryl-6 Ximenia Americana Seedate, Sodium Hyaluronate Crosspolymer, Ceteareth-20, Trisodium Ethylenediamine Disuccinate, Sodium Hydroxide, Citric Acid, Carbomer, Xanthan Gum, Caprylyl Glycol, Chlorphenesin, Phenoxyethanol, Ethylhexylglycerin.']","Uygun cilt tipleri: Combination, Dry, Normal, Oily, Sensitive.","['c830d0cdc847acd4f9b955eea7ddfd2c50148e65e380cf8b050c3103eed5f92a'
 'dc339695033b917a95a4e4c89e6d27c678adf65eed7658a6e427ccfe595b02a2'
 '02415a33943b2cc65c009174fd5b3f5a0cffb6f23d553fd8266e9b7f26f16cc0'
 '8b5befe4aea098f3c275c8d75e0e6d2abcfdcf666c1eb8ba6e1c5d94f70677d7'
 'a48e2ca666e1c58f48ad12d9a129f8f91c74989bb819a8712641c5a32076b62d']",['dc339695033b917a95a4e4c89e6d27c678adf65eed7658a6e427ccfe595b02a2'],1.0,1.0,0.9094022853973165
"Ultra Facial Cream ürünün,n fiyatı nedir?",Ultra Facial Cream ürününün fiyatı 29'dur.,"[""Ürün adı: Ultra Facial Cream\nMarka: KIEHL'S SINCE 1851\nKategori: Moisturizer\nFiyat: 29\nPuan: 4.4\nUygun cilt tipleri: Combination, Dry, Normal, Oily, Sensitive\n\nÜrün tanıtımı: KIEHL'S SINCE 1851 Ultra Facial Cream, cildi nemlendirmeye yardımcı olan popüler bir üründür. Karma, kuru, normal, yağlı ve hassas ciltler dahil birçok cilt tipine uygun olabilir ve kullanıcılar tarafından yüksek puan almıştır.\nİçerik analizi: Ürün, nemlendirici, yumuşatıcı ve bariyer destekleyici bileşenlerin bir kombinasyonunu içerir. Komedojenik risk yaratabilecek içerikler Myristyl Myristate, Olea Europaea Oil olabilir. Hassasiyet/iritasyon riski yaratabilecek içerikler Phenoxyethanol, Methylparaben, Triethanolamine olabilir.\n\nIngredients: Water, Glycerin, Cyclohexasiloxane, Squalane, Bis-Peg-18 Methyl Ether Dimethyl Silane, Sucrose Stearate, Stearyl Alcohol, Peg-8 Stearate, Urea, Myristyl Myristate, Pentaerythrityl Tetraethylhexanoate, Prunus Armeniaca Kernel Oil, Phenoxyethanol, Persea Gratissima Oil, Olea Europaea Oil, Oryza Sativa Bran Oil, Cetyl Alcohol, Glyceryl Stearate, Imperata Cylindrica Root Extract, Stearic Acid, Methylparaben, Chlorphenesin, Palmitic Acid, Disodium Edta, Acrylates/C10-30 Alkyl Acrylate Crosspolymer, Propylparaben, Carbomer, Triethanolamine, Prunus Amygdalus Dulcis Oil, Xanthan Gum, Sodium Hydroxide, Tocopherol, Pseudoalteromonas Ferment Extract, Hydroxypalmitoyl Sphinganine, Caprylyl Glycol.""
 'Ürün adı: Ultra Repair® Cream Intense Hydration\nMarka: FIRST AID BEAUTY\nKategori: Moisturizer\nFiyat: 30\nPuan: 4.6\nUygun cilt tipleri: Combination, Dry, Normal, Oily, Sensitive\n\nÜrün tanıtımı: Ultra Repair® Cream Intense Hydration, çeşitli cilt tipleri için yoğun nemlendirme sunan bir nemlendiricidir. Cildi yatıştırmaya ve bariyerini desteklemeye yardımcı olabilecek içerikler barındırır.\nİçerik analizi: Formül, yoğun nemlendirme ve yatıştırma sağlayan bileşenler içerir. Seramid, kolloidal yulaf ezmesi ve bitki özleri ile cildi destekler. Stearik Asit, Gliseril Stearat SE, Gliseril Stearat, Setearil Alkol ve Butyrospermum Parkii Butter komedojenik risk taşıyabilir. Eucalyptus Globulus Leaf Oil ve Chrysanthemum Parthenium Extract hassasiyet/iritasyon riski yaratabilir.\n\nIngredients: Water, Stearic Acid, Glycerin, C12-15 Alkyl Benzoate, Caprylic/Capric Triglyceride, Glyceryl Stearate Se, Glyceryl Stearate, Cetearyl Alcohol, Butyrospermum Parkii Butter, Dimethicone, Squalane, Allantoin, Camellia Sinensis Leaf Extract, Caprylyl Glycol, Ceramide 3, Chrysanthemum Parthenium Extract, Colloidal Oatmeal, Disodium EDTA, Eucalyptus Globulus Leaf Oil, Glycyrrhiza Glabra Root Extract, Sodium Hydroxide, Xanthan Gum, Phenoxyethanol.'
 'Ürün adı: Your Skin But Better™ CC+™ Cream with SPF 50+\nMarka: IT COSMETICS\nKategori: Moisturizer\nFiyat: 38\nPuan: 4.1\nUygun cilt tipleri: Combination, Dry, Normal, Oily, Sensitive\n\nÜrün tanıtımı: Bu ürün, cilde renk eşitleme ve yüksek SPF 50+ güneş koruması sunan, nemlendirici özelliklere sahip bir CC kremidir. Cilt tonunu eşitlemeye ve nemlendirmeye yardımcı olabilir.\nİçerik analizi: Ürün, nemlendirici, SPF ve çeşitli aktif bileşenler içeren zengin bir formüle sahiptir. Salyangoz salgısı filtratı, silikonlar, bitkisel yağlar ve vitaminler içerir. Stearik Asit, Orbignya Oleifera Seed Oil ve Persea Gratissima (Avocado) Oil komedojenik risk taşıyabilir. Narenciye yağları (Citrus Medica Limonum Peel Oil, Citrus Aurantium Bergamia Fruit Oil vb.) ve Eucalyptus Globulus Leaf Oil hassasiyet/iritasyon riski yaratabilir. Chlorhexidine Digluconate de hassasiyet riski taşıyabilir.\n\nIngredients: Water, Snail Secretion Filtrate, Phenyl Trimethicone, Dimethicone, Butylene Glycol, Butylene Glycol Dicaprylate/Dicaprate, Orbignya Oleifera Seed Oil, Butyloctyl Salicylate, Cetyl Peg/Ppg-10/1 Dimethicone, Cyclopentasiloxane, Cyclohexasiloxane, Magnesium Sulfate, Polyglyceryl-4 Isostearate, Dimethicone/Vinyl Dimethicone Crosspolymer, Aluminum Hydroxide, Hexyl Laurate, Stearic Acid, Calcium Stearate, Caprylyl Glycol, Triethoxycaprylylsilane, Ethylhexylglycerin, Citrus Medica Limonum (Lemon) Peel Oil, Tocopheryl Acetate, Sorbitan Isostearate, Phenoxyethanol, Citrus Aurantium Bergamia (Bergamot) Fruit Oil, 1,2-Hexanediol, Disodium Edta, Citrus Aurantium Dulcis (Orange) Peel Oil, Citrus Aurantifolia (Lime) Oil, Vitis Vinifera (Grape) Seed Oil, Punica Granatum Seed Oil, Pinus Sylvestris Leaf Oil, Persea Gratissima (Avocado) Oil, Niacinamide, Citrus Grandis (Grapefruit) Peel Oil, Cholesterol, Anthemis Nobilis Flower Water, Lactobacillus/Honeysuckle Flower/Licorice Root/Morus Alba Root/Pueraria Lobata Root/Schizandra Chinensis Fruit/Scutellaria Baicalensis Root/Sophora Japonica Flower Extract Ferment Filtrate, Perfluorohexane, Olea Europaea (Olive) Leaf Extract, Glycerin, Eucalyptus Globulus Leaf Oil, Camellia Sinensis Leaf Extract, Chrysanthemum Indicum Flower Extract, Pueraria Lobata Root Extract, Perfluorodecalin, Morus Alba Fruit Extract, Magnolia Kobus Bark Extract, Glycine Soja (Soybean) Sprout Extract, Diospyros Kaki Leaf Extract, Cinnamomum Cassia Bark Extract, Artemisia Princeps Leaf Extract, Pentafluoropropane, Curcuma Longa (Turmeric) Root Extract, Steareth-20, Hydrolyzed Hyaluronic Acid, Colloidal Oatmeal, Hydrolyzed Silk, Citric Acid, Sodium Benzoate, Potassium Sorbate, Aloe Barbadensis Leaf Extract, N-Hydroxysuccinimide, Hydrolyzed Collagen, Caprylhydroxamic Acid, Tocopherol, Thiamine Hcl, Riboflavin, Retinyl Palmitate, Pantothenic Acid, Palmitoyl Oligopeptide, Niacin, Folic Acid, Chrysin, Carnitine Hcl, Biotin, Ascorbic Acid, Palmitoyl Tetrapeptide-7, Chlorhexidine Digluconate. May Contain: Iron Oxides (Ci 77492, Ci 77491, Ci 77499).'
 'Ürün adı: Bio-Performance Advanced Super Revitalizing Cream\nMarka: SHISEIDO\nKategori: Moisturizer\nFiyat: 78\nPuan: 4.6\nUygun cilt tipleri: Belirlenemedi\n\nÜrün tanıtımı: Shiseido Bio-Performance Advanced Super Revitalizing Cream, cildi nemlendirmeyi ve canlandırmayı hedefleyen bir nemlendiricidir. Cilt görünümünü desteklemeye yardımcı olabilir.\nİçerik analizi: Bu formül, nemlendirme, yumuşatma ve antioksidan özellikler sunan çeşitli bileşenler içermektedir. Silikonlar, nemlendiriciler ve bitkisel özler ile zenginleştirilmiştir. Cetyl Octanoate ve Mortierella Oil komedojenik risk taşıyabilir. Fragrance, Octyl Methoxycinnamate, BHT ve parabenler (Ethylparaben, Butylparaben, Methylparaben) hassasiyet veya iritasyon riski yaratabilir.\n\nIngredients: Water, Glycerin, Cyclomethicone, Butylene Glycol, Dimethicone, Cetyl Octanoate, Squalane, Dimethicone Copolyol, Disteardimonium Hectorite, Hydrogenated C6-14 Olefin Polymers, PEG-150, Mortierella Oil, Phytosteryl Macadamiate, Tocopheryl Acetate, Stearyl Glycyrrhetinate, Arginine HCI, PEG-60 Hydrogenated Castor Oil, Sodium Glutamate, Disodium Adenosine Triphosphate, Saccharomyces Lysate Extract, Sodium Acetylated Hyaluronate, Rosa Roxburghii Extract, Octyl Methoxycinnamate, Agar, Sodium Hexametaphosphate, Trisodium EDTA, Tocopherol, BHT, Ethylparaben, Butylparaben, Methylparaben, Fragrance, Iron Oxides.'
 'Ürün adı: The True Cream Aqua Bomb\nMarka: BELIF\nKategori: Moisturizer\nFiyat: 38\nPuan: 4.5\nUygun cilt tipleri: Combination, Normal, Oily\n\nÜrün tanıtımı: BELIF The True Cream Aqua Bomb, karma, normal ve yağlı cilt tipleri için tasarlanmış bir nemlendiricidir. Cilde yoğun nem sağlamayı hedefleyen hafif yapılı bir üründür.\nİçerik analizi: Bu formül nemlendirici ve yumuşatıcı bileşenler içerir. Cilt bariyerini destekleyici seramid ve kolesterol de bulunmaktadır. Alkol denat, parfüm ve parfüm bileşenleri (Citronellol, Limonene, Citral, Geraniol, Linalool) hassasiyet/iritasyon riski taşıyabilir. Butyrospermum Parkii (Shea) Butter, Macadamia Ternifolia Seed Oil, Stearic Acid komedojenik risk yaratabilir.\n\nIngredients: Water, Dipropylene Glycol, Glycerin, Methl Trimethicone, Alcohol Denat, Dimethicone, Cyclopentasiloxane, 1,2-Hexanediol, Malakite Extract, Caprylic/Capric Triglyceride, Pentaerythrityl Tetraethylhexanoate, PEG/PPG/Polybutylene Glycol-8/5/3 Glycerin, Alchemilla Vulgaris Leaf Extract*, Equisetum Arvense Leaf Extract*, Stellaria Media (Chickweed) Extract*, Urtica Dioica (Nettle) Leaf Extract*, Plantago Lanceolata Leaf Extract*, Avena Sativa (Oat) Kernel Extract**, Calendula Officinalis Flower Extract**, Nepeta Cataria Extract**, Rubus Idaeus (Raspberry) Leaf Extract**, Baptisia Tinctoria Root Extract**, Dimethiconol, Polymethylsilsesquioxane, Sodium Acrylate/Acryloyldimethyltaurate/Dimethylacrylamide Crosspolymer, Isohexadecane, Polysorbate 60, Ceramide 3, Cholesterol, Butyrospermum Parkii (Shea) Butter, Phenl Trimethicone, Pentaerythrityl Tetraisostearate, Panthenol, Squalane, Triethylhexanoin, Macadamia Ternifolia Seed Oil, PEG-150, PEG-40 Hydrogenated Castor Oil, Acrylates/C10-30 Alkyl Acrylate Crosspolymer, C14-22 Alcohols, Arachidyl Glucoside, Hydrogenated Lecithin, PEG-100 Stearate, Stearic Acid, Glyceryl Stearate, Carbomer, Tromethamine, Trisodium EDTA, Fragrance+, Citronellol, Limonene, Citral, Geraniol, Linalool. *Napiers aqua formula. **Napiers original formula. +Fragrances of natural origin.']",Fiyat: 29.,"['dc339695033b917a95a4e4c89e6d27c678adf65eed7658a6e427ccfe595b02a2'
 'c830d0cdc847acd4f9b955eea7ddfd2c50148e65e380cf8b050c3103eed5f92a'
 '02415a33943b2cc65c009174fd5b3f5a0cffb6f23d553fd8266e9b7f26f16cc0'
 '4b5f8dccd311e47730367e5f87026a831d17eef1e65d4ab7be67cbac5c0b3d84'
 '8b5befe4aea098f3c275c8d75e0e6d2abcfdcf666c1eb8ba6e1c5d94f70677d7']",['dc339695033b917a95a4e4c89e6d27c678adf65eed7658a6e427ccfe595b02a2'],1.0,1.0,0.892691932293162
SK-II markasının R.N.A. POWER Face Cream ürününün puanı kaç?,SK-II R.N.A. POWER Face Cream ürününün puanı 4.3'tür.,"['Ürün adı: R.N.A. POWER Face Cream\nMarka: SK-II\nKategori: Moisturizer\nFiyat: 230\nPuan: 4.3\nUygun cilt tipleri: Dry, Normal, Sensitive\n\nÜrün tanıtımı: SK-II R.N.A. POWER Face Cream, kuru, normal ve hassas cilt tipleri için tasarlanmış bir nemlendiricidir. Cildin nemlenmesine ve genel görünümünün desteklenmesine yardımcı olabilir.\nİçerik analizi: Bu nemlendirici, Galactomyces Ferment Filtrate (Pitera), Niasinamid ve peptitler gibi aktif bileşenlerle zenginleştirilmiş bir formüle sahiptir. Nemlendirici ve besleyici içerikler barındırır. Komedojenik risk taşıyabilecek içerikler Isopropyl Isostearate, Stearic Acid ve Polysorbate 80 olabilir. Hassasiyet/iritasyon riski yaratabilecek içerikler ise Fragrance, Benzyl Alcohol ve parabenler olabilir. Diğer riskler belirlenemedi.\n\nIngredients: Water, Glycerin, Galactomyces Ferment Filtrate*, Isohexadecane, Niacinamide, Isopropyl Isostearate, Butylene Glycol, Butyrospermum Parkii (Shea) Butter, Caprylic/Capric Triglyceride, Pentylene Glycol, Dimethicone, Phytosteryl/Behenyl/Octyldodecyl Lauroyl Glutamate, Vinyl Dimethicone/Methicone Silsesquioxane Crosspolymer, Stearyl Alcohol, Sodium Acrylate/Sodium Acryloyldimethyl Taurate Copolymer, Cetyl Alcohol, Behenyl Alcohol, Panthenol, Tocopheryl Acetate, Benzyl Alcohol, Dimethiconol, Cetearyl Alcohol, Cetearyl Glucoside, Methylparaben, Peg-100 Stearate, Polymethylsilsesquioxane, Polysorbate 80, Stearic Acid, Disodium Edta, Propylparaben, Sodium Peg-7 Olive Oil Carboxylate, Ethylparaben, Sorbitan Oleate, Chlorella Vulgaris Extract, Peg-100 Stearate, Peg-7 Glyceryl Cocoate, Sodium Hydroxide, Fragrance, Acanthopanax Senticosus (Eleuthero) Root Extract, Hydrolyzed Soy Protein, Cynara Scolymus (Artichoke) Leaf Extract, Polyquaternium-7, Hydrolyzed Yeast Protein, Palmitoyl Pentapeptide-4, Methylsilanol Tri-Peg-8 Glyceryl Cocoate, Methicone, Ci 77891, Ci 77492. *Pitera™.'
 'Ürün adı: Facial Treatment Essence\nMarka: SK-II\nKategori: Moisturizer\nFiyat: 179\nPuan: 4.1\nUygun cilt tipleri: Combination, Dry, Normal, Oily, Sensitive\n\nÜrün tanıtımı: SK-II Facial Treatment Essence, Pitera içeren özel formülüyle cildin nemlenmesine ve genel görünümünün iyileşmesine yardımcı olabilecek bir üründür. Çeşitli cilt tipleri için uygun olabilir.\nİçerik analizi: Genel olarak, formül Galactomyces Ferment Filtrate (Pitera) ana aktif bileşeni etrafında şekillenmiştir. Nemlendirici glikoller ve çeşitli koruyucular içerir. Komedojenik risk yaratabilecek belirgin bir içerik belirlenemedi. Galactomyces Ferment Filtrate (Pitera), Methylparaben, Sodium Benzoate ve Sorbic Acid hassasiyet/iritasyon riski taşıyabilir.\n\nIngredients: Galactomyces Ferment Filtrate (Pitera), Butylene Glycol, Pentylene Glycol, Water, Sodium Benzoate, Methylparaben, Sorbic Acid.'
 'Ürün adı: Bio-Performance Advanced Super Revitalizing Cream\nMarka: SHISEIDO\nKategori: Moisturizer\nFiyat: 78\nPuan: 4.6\nUygun cilt tipleri: Belirlenemedi\n\nÜrün tanıtımı: Shiseido Bio-Performance Advanced Super Revitalizing Cream, cildi nemlendirmeyi ve canlandırmayı hedefleyen bir nemlendiricidir. Cilt görünümünü desteklemeye yardımcı olabilir.\nİçerik analizi: Bu formül, nemlendirme, yumuşatma ve antioksidan özellikler sunan çeşitli bileşenler içermektedir. Silikonlar, nemlendiriciler ve bitkisel özler ile zenginleştirilmiştir. Cetyl Octanoate ve Mortierella Oil komedojenik risk taşıyabilir. Fragrance, Octyl Methoxycinnamate, BHT ve parabenler (Ethylparaben, Butylparaben, Methylparaben) hassasiyet veya iritasyon riski yaratabilir.\n\nIngredients: Water, Glycerin, Cyclomethicone, Butylene Glycol, Dimethicone, Cetyl Octanoate, Squalane, Dimethicone Copolyol, Disteardimonium Hectorite, Hydrogenated C6-14 Olefin Polymers, PEG-150, Mortierella Oil, Phytosteryl Macadamiate, Tocopheryl Acetate, Stearyl Glycyrrhetinate, Arginine HCI, PEG-60 Hydrogenated Castor Oil, Sodium Glutamate, Disodium Adenosine Triphosphate, Saccharomyces Lysate Extract, Sodium Acetylated Hyaluronate, Rosa Roxburghii Extract, Octyl Methoxycinnamate, Agar, Sodium Hexametaphosphate, Trisodium EDTA, Tocopherol, BHT, Ethylparaben, Butylparaben, Methylparaben, Fragrance, Iron Oxides.'
 'Ürün adı: Your Skin But Better™ CC+™ Cream with SPF 50+\nMarka: IT COSMETICS\nKategori: Moisturizer\nFiyat: 38\nPuan: 4.1\nUygun cilt tipleri: Combination, Dry, Normal, Oily, Sensitive\n\nÜrün tanıtımı: Bu ürün, cilde renk eşitleme ve yüksek SPF 50+ güneş koruması sunan, nemlendirici özelliklere sahip bir CC kremidir. Cilt tonunu eşitlemeye ve nemlendirmeye yardımcı olabilir.\nİçerik analizi: Ürün, nemlendirici, SPF ve çeşitli aktif bileşenler içeren zengin bir formüle sahiptir. Salyangoz salgısı filtratı, silikonlar, bitkisel yağlar ve vitaminler içerir. Stearik Asit, Orbignya Oleifera Seed Oil ve Persea Gratissima (Avocado) Oil komedojenik risk taşıyabilir. Narenciye yağları (Citrus Medica Limonum Peel Oil, Citrus Aurantium Bergamia Fruit Oil vb.) ve Eucalyptus Globulus Leaf Oil hassasiyet/iritasyon riski yaratabilir. Chlorhexidine Digluconate de hassasiyet riski taşıyabilir.\n\nIngredients: Water, Snail Secretion Filtrate, Phenyl Trimethicone, Dimethicone, Butylene Glycol, Butylene Glycol Dicaprylate/Dicaprate, Orbignya Oleifera Seed Oil, Butyloctyl Salicylate, Cetyl Peg/Ppg-10/1 Dimethicone, Cyclopentasiloxane, Cyclohexasiloxane, Magnesium Sulfate, Polyglyceryl-4 Isostearate, Dimethicone/Vinyl Dimethicone Crosspolymer, Aluminum Hydroxide, Hexyl Laurate, Stearic Acid, Calcium Stearate, Caprylyl Glycol, Triethoxycaprylylsilane, Ethylhexylglycerin, Citrus Medica Limonum (Lemon) Peel Oil, Tocopheryl Acetate, Sorbitan Isostearate, Phenoxyethanol, Citrus Aurantium Bergamia (Bergamot) Fruit Oil, 1,2-Hexanediol, Disodium Edta, Citrus Aurantium Dulcis (Orange) Peel Oil, Citrus Aurantifolia (Lime) Oil, Vitis Vinifera (Grape) Seed Oil, Punica Granatum Seed Oil, Pinus Sylvestris Leaf Oil, Persea Gratissima (Avocado) Oil, Niacinamide, Citrus Grandis (Grapefruit) Peel Oil, Cholesterol, Anthemis Nobilis Flower Water, Lactobacillus/Honeysuckle Flower/Licorice Root/Morus Alba Root/Pueraria Lobata Root/Schizandra Chinensis Fruit/Scutellaria Baicalensis Root/Sophora Japonica Flower Extract Ferment Filtrate, Perfluorohexane, Olea Europaea (Olive) Leaf Extract, Glycerin, Eucalyptus Globulus Leaf Oil, Camellia Sinensis Leaf Extract, Chrysanthemum Indicum Flower Extract, Pueraria Lobata Root Extract, Perfluorodecalin, Morus Alba Fruit Extract, Magnolia Kobus Bark Extract, Glycine Soja (Soybean) Sprout Extract, Diospyros Kaki Leaf Extract, Cinnamomum Cassia Bark Extract, Artemisia Princeps Leaf Extract, Pentafluoropropane, Curcuma Longa (Turmeric) Root Extract, Steareth-20, Hydrolyzed Hyaluronic Acid, Colloidal Oatmeal, Hydrolyzed Silk, Citric Acid, Sodium Benzoate, Potassium Sorbate, Aloe Barbadensis Leaf Extract, N-Hydroxysuccinimide, Hydrolyzed Collagen, Caprylhydroxamic Acid, Tocopherol, Thiamine Hcl, Riboflavin, Retinyl Palmitate, Pantothenic Acid, Palmitoyl Oligopeptide, Niacin, Folic Acid, Chrysin, Carnitine Hcl, Biotin, Ascorbic Acid, Palmitoyl Tetrapeptide-7, Chlorhexidine Digluconate. May Contain: Iron Oxides (Ci 77492, Ci 77491, Ci 77499).'
 'Ürün adı: Protini™ Polypeptide Cream\nMarka: DRUNK ELEPHANT\nKategori: Moisturizer\nFiyat: 68\nPuan: 4.4\nUygun cilt tipleri: Combination, Dry, Normal, Oily\n\nÜrün tanıtımı: Bu nemlendirici krem, çeşitli peptitler ve nemlendirici bileşenler içeren bir formüle sahiptir. Cildin nemlenmesine ve genel görünümünün desteklenmesine yardımcı olabilir.\nİçerik analizi: Bu formül, çeşitli peptitler, amino asitler ve nemlendirici bileşenler açısından zengindir. Cilt bariyerini desteklemeye ve nemlendirmeye odaklanmış görünmektedir. Sclerocarya Birrea Seed Oil, Cetearyl Alcohol komedojenik risk taşıyabilir. Polysorbate 20, Polysorbate 60, Phenoxyethanol, Chlorphenesin ve Lactic Acid/Glycolic Acid Copolymer hassasiyet/iritasyon riski yaratabilir.\n\nIngredients: Water, Dicaprylyl Carbonate, Glycerin, Cetearyl Alcohol, Cetearyl Olivate, Sorbitan Olivate, Sclerocarya Birrea Seed Oil, Bacillus/Soybean/ Folic Acid Ferment Extract, Nymphaea Alba Root Extract, sh-Oligopeptide-1, sh-Oligopeptide-2, sh-Polypeptide-1, sh-Polypeptide-9, sh-Polypeptide-11, Copper Palmitoyl Heptapeptide-14, Heptapeptide-15 Palmitate, Palmitoyl Tetrapeptide-7, Palmitoyl Tripeptide-1, Alanine, Arginine, Glycine, Histidine, Isoleucine, Phenylalanine, Proline, Serine, Threonine, Valine, Acetyl Glutamine, Coconut Alkanes , Coco-Caprylate/Caprate, Sodium Hyaluronate, Aspartic Acid, Linoleic Acid, Linolenic Acid, Lecithin, Butylene Glycol, Polyvinyl Alcohol, Sodium Lactate, Sodium PCA, PCA, Sorbitan Isostearate, Carbomer, Polysorbate 20, Polysorbate 60, Lactic Acid/Glycolic Acid Copolymer, Hydroxyethyl Acrylate/Sodium Acryloyldimethyl Taurate Copolymer, Xanthan Gum, Isomalt, 1,2-Hexanediol, Caprylyl Glycol, Chlorphenesin, Phenoxyethanol, Tocopherol, Sodium Benzoate, Phenylpropanol, Glyceryl Caprylate, Symphytum Officinale Callus Culture Extract.']",Puan: 4.3.,"['f25ec5d0127cb76a8cec22b9863fe5107086fdbe576453b7c51b410bab5643bb'
 'cb1edfb1a29b345c782c544ae2cec6ed1fbbc9f0546948635c0d17a49a4c32c2'
 '4b5f8dccd311e47730367e5f87026a831d17eef1e65d4ab7be67cbac5c0b3d84'
 '02415a33943b2cc65c009174fd5b3f5a0cffb6f23d553fd8266e9b7f26f16cc0'
 '6fcecbb9ee483b8734f692e69180ae96ea0dbba64bcdb617e4cf561b26d2849d']",['f25ec5d0127cb76a8cec22b9863fe5107086fdbe576453b7c51b410bab5643bb'],1.0,1.0,0.9160083726207043
R.N.A. POWER Face Cream ürünü hangi cilt tipleri için uygundur?,"R.N.A. POWER Face Cream kuru, normal ve hassas cilt tipleri için uygundur.","['Ürün adı: R.N.A. POWER Face Cream\nMarka: SK-II\nKategori: Moisturizer\nFiyat: 230\nPuan: 4.3\nUygun cilt tipleri: Dry, Normal, Sensitive\n\nÜrün tanıtımı: SK-II R.N.A. POWER Face Cream, kuru, normal ve hassas cilt tipleri için tasarlanmış bir nemlendiricidir. Cildin nemlenmesine ve genel görünümünün desteklenmesine yardımcı olabilir.\nİçerik analizi: Bu nemlendirici, Galactomyces Ferment Filtrate (Pitera), Niasinamid ve peptitler gibi aktif bileşenlerle zenginleştirilmiş bir formüle sahiptir. Nemlendirici ve besleyici içerikler barındırır. Komedojenik risk taşıyabilecek içerikler Isopropyl Isostearate, Stearic Acid ve Polysorbate 80 olabilir. Hassasiyet/iritasyon riski yaratabilecek içerikler ise Fragrance, Benzyl Alcohol ve parabenler olabilir. Diğer riskler belirlenemedi.\n\nIngredients: Water, Glycerin, Galactomyces Ferment Filtrate*, Isohexadecane, Niacinamide, Isopropyl Isostearate, Butylene Glycol, Butyrospermum Parkii (Shea) Butter, Caprylic/Capric Triglyceride, Pentylene Glycol, Dimethicone, Phytosteryl/Behenyl/Octyldodecyl Lauroyl Glutamate, Vinyl Dimethicone/Methicone Silsesquioxane Crosspolymer, Stearyl Alcohol, Sodium Acrylate/Sodium Acryloyldimethyl Taurate Copolymer, Cetyl Alcohol, Behenyl Alcohol, Panthenol, Tocopheryl Acetate, Benzyl Alcohol, Dimethiconol, Cetearyl Alcohol, Cetearyl Glucoside, Methylparaben, Peg-100 Stearate, Polymethylsilsesquioxane, Polysorbate 80, Stearic Acid, Disodium Edta, Propylparaben, Sodium Peg-7 Olive Oil Carboxylate, Ethylparaben, Sorbitan Oleate, Chlorella Vulgaris Extract, Peg-100 Stearate, Peg-7 Glyceryl Cocoate, Sodium Hydroxide, Fragrance, Acanthopanax Senticosus (Eleuthero) Root Extract, Hydrolyzed Soy Protein, Cynara Scolymus (Artichoke) Leaf Extract, Polyquaternium-7, Hydrolyzed Yeast Protein, Palmitoyl Pentapeptide-4, Methylsilanol Tri-Peg-8 Glyceryl Cocoate, Methicone, Ci 77891, Ci 77492. *Pitera™.'
 'Ürün adı: Lala Retro™ Whipped Cream\nMarka: DRUNK ELEPHANT\nKategori: Moisturizer\nFiyat: 60\nPuan: 4.2\nUygun cilt tipleri: Combination, Dry, Normal, Oily\n\nÜrün tanıtımı: Bu ürün, cildi nemlendirmeye yardımcı olabilecek bir nemlendiricidir. Karma, kuru, normal ve yağlı dahil olmak üzere çeşitli cilt tipleri için uygun olabilir.\nİçerik analizi: Bu formül, yoğun nemlendirme sağlayan gliserin ve çeşitli besleyici bitkisel yağlar içerir. Fermente içerikler cilt bariyerini desteklemeye yardımcı olabilir. Sodyum Hiyalüronat Çapraz Polimer ile nem tutulumu hedeflenmiştir. Komedojenik risk yaratabilecek içerikler Isopropyl Isostearate ve Stearic Acid olabilir. Hassasiyet/iritasyon riski taşıyabilecek içerikler Chlorphenesin, Phenoxyethanol ve Ceteareth-20 olabilir.\n\nIngredients: Water, Glycerin, Caprylic/ Capric Triglyceride, Isopropyl Isostearate, Pseudozyma Epicola/Camellia Sinensis Seed Oil/Glucose/Glycine Soja Meal/Malt Extract/Yeast Extract Ferment Filtrate (Pseudozyma Epicola/Camellia Sinensis Seed Oil/Glucose/Yeast Extract Ferment Filtrate), Stearic Acid, Glyceryl Stearate SE, Cetearyl Alcohol, Pentylene Glycol, Plantago Lanceolata Leaf Extract, Adansonia Digitata Seed Oil, Citrullus Lanatus (Watermelon) Seed Oil, Passiflora Edulis Seed Oil, Schinziophyton Rautanenii Kernel Oil, Sclerocarya Birrea Seed Oil, Polyglyceryl-6 Ximenia Americana Seedate, Sodium Hyaluronate Crosspolymer, Ceteareth-20, Trisodium Ethylenediamine Disuccinate, Sodium Hydroxide, Citric Acid, Carbomer, Xanthan Gum, Caprylyl Glycol, Chlorphenesin, Phenoxyethanol, Ethylhexylglycerin.'
 'Ürün adı: Protini™ Polypeptide Cream\nMarka: DRUNK ELEPHANT\nKategori: Moisturizer\nFiyat: 68\nPuan: 4.4\nUygun cilt tipleri: Combination, Dry, Normal, Oily\n\nÜrün tanıtımı: Bu nemlendirici krem, çeşitli peptitler ve nemlendirici bileşenler içeren bir formüle sahiptir. Cildin nemlenmesine ve genel görünümünün desteklenmesine yardımcı olabilir.\nİçerik analizi: Bu formül, çeşitli peptitler, amino asitler ve nemlendirici bileşenler açısından zengindir. Cilt bariyerini desteklemeye ve nemlendirmeye odaklanmış görünmektedir. Sclerocarya Birrea Seed Oil, Cetearyl Alcohol komedojenik risk taşıyabilir. Polysorbate 20, Polysorbate 60, Phenoxyethanol, Chlorphenesin ve Lactic Acid/Glycolic Acid Copolymer hassasiyet/iritasyon riski yaratabilir.\n\nIngredients: Water, Dicaprylyl Carbonate, Glycerin, Cetearyl Alcohol, Cetearyl Olivate, Sorbitan Olivate, Sclerocarya Birrea Seed Oil, Bacillus/Soybean/ Folic Acid Ferment Extract, Nymphaea Alba Root Extract, sh-Oligopeptide-1, sh-Oligopeptide-2, sh-Polypeptide-1, sh-Polypeptide-9, sh-Polypeptide-11, Copper Palmitoyl Heptapeptide-14, Heptapeptide-15 Palmitate, Palmitoyl Tetrapeptide-7, Palmitoyl Tripeptide-1, Alanine, Arginine, Glycine, Histidine, Isoleucine, Phenylalanine, Proline, Serine, Threonine, Valine, Acetyl Glutamine, Coconut Alkanes , Coco-Caprylate/Caprate, Sodium Hyaluronate, Aspartic Acid, Linoleic Acid, Linolenic Acid, Lecithin, Butylene Glycol, Polyvinyl Alcohol, Sodium Lactate, Sodium PCA, PCA, Sorbitan Isostearate, Carbomer, Polysorbate 20, Polysorbate 60, Lactic Acid/Glycolic Acid Copolymer, Hydroxyethyl Acrylate/Sodium Acryloyldimethyl Taurate Copolymer, Xanthan Gum, Isomalt, 1,2-Hexanediol, Caprylyl Glycol, Chlorphenesin, Phenoxyethanol, Tocopherol, Sodium Benzoate, Phenylpropanol, Glyceryl Caprylate, Symphytum Officinale Callus Culture Extract.'
 'Ürün adı: Your Skin But Better™ CC+™ Cream with SPF 50+\nMarka: IT COSMETICS\nKategori: Moisturizer\nFiyat: 38\nPuan: 4.1\nUygun cilt tipleri: Combination, Dry, Normal, Oily, Sensitive\n\nÜrün tanıtımı: Bu ürün, cilde renk eşitleme ve yüksek SPF 50+ güneş koruması sunan, nemlendirici özelliklere sahip bir CC kremidir. Cilt tonunu eşitlemeye ve nemlendirmeye yardımcı olabilir.\nİçerik analizi: Ürün, nemlendirici, SPF ve çeşitli aktif bileşenler içeren zengin bir formüle sahiptir. Salyangoz salgısı filtratı, silikonlar, bitkisel yağlar ve vitaminler içerir. Stearik Asit, Orbignya Oleifera Seed Oil ve Persea Gratissima (Avocado) Oil komedojenik risk taşıyabilir. Narenciye yağları (Citrus Medica Limonum Peel Oil, Citrus Aurantium Bergamia Fruit Oil vb.) ve Eucalyptus Globulus Leaf Oil hassasiyet/iritasyon riski yaratabilir. Chlorhexidine Digluconate de hassasiyet riski taşıyabilir.\n\nIngredients: Water, Snail Secretion Filtrate, Phenyl Trimethicone, Dimethicone, Butylene Glycol, Butylene Glycol Dicaprylate/Dicaprate, Orbignya Oleifera Seed Oil, Butyloctyl Salicylate, Cetyl Peg/Ppg-10/1 Dimethicone, Cyclopentasiloxane, Cyclohexasiloxane, Magnesium Sulfate, Polyglyceryl-4 Isostearate, Dimethicone/Vinyl Dimethicone Crosspolymer, Aluminum Hydroxide, Hexyl Laurate, Stearic Acid, Calcium Stearate, Caprylyl Glycol, Triethoxycaprylylsilane, Ethylhexylglycerin, Citrus Medica Limonum (Lemon) Peel Oil, Tocopheryl Acetate, Sorbitan Isostearate, Phenoxyethanol, Citrus Aurantium Bergamia (Bergamot) Fruit Oil, 1,2-Hexanediol, Disodium Edta, Citrus Aurantium Dulcis (Orange) Peel Oil, Citrus Aurantifolia (Lime) Oil, Vitis Vinifera (Grape) Seed Oil, Punica Granatum Seed Oil, Pinus Sylvestris Leaf Oil, Persea Gratissima (Avocado) Oil, Niacinamide, Citrus Grandis (Grapefruit) Peel Oil, Cholesterol, Anthemis Nobilis Flower Water, Lactobacillus/Honeysuckle Flower/Licorice Root/Morus Alba Root/Pueraria Lobata Root/Schizandra Chinensis Fruit/Scutellaria Baicalensis Root/Sophora Japonica Flower Extract Ferment Filtrate, Perfluorohexane, Olea Europaea (Olive) Leaf Extract, Glycerin, Eucalyptus Globulus Leaf Oil, Camellia Sinensis Leaf Extract, Chrysanthemum Indicum Flower Extract, Pueraria Lobata Root Extract, Perfluorodecalin, Morus Alba Fruit Extract, Magnolia Kobus Bark Extract, Glycine Soja (Soybean) Sprout Extract, Diospyros Kaki Leaf Extract, Cinnamomum Cassia Bark Extract, Artemisia Princeps Leaf Extract, Pentafluoropropane, Curcuma Longa (Turmeric) Root Extract, Steareth-20, Hydrolyzed Hyaluronic Acid, Colloidal Oatmeal, Hydrolyzed Silk, Citric Acid, Sodium Benzoate, Potassium Sorbate, Aloe Barbadensis Leaf Extract, N-Hydroxysuccinimide, Hydrolyzed Collagen, Caprylhydroxamic Acid, Tocopherol, Thiamine Hcl, Riboflavin, Retinyl Palmitate, Pantothenic Acid, Palmitoyl Oligopeptide, Niacin, Folic Acid, Chrysin, Carnitine Hcl, Biotin, Ascorbic Acid, Palmitoyl Tetrapeptide-7, Chlorhexidine Digluconate. May Contain: Iron Oxides (Ci 77492, Ci 77491, Ci 77499).'
 'Ürün adı: Bio-Performance Advanced Super Revitalizing Cream\nMarka: SHISEIDO\nKategori: Moisturizer\nFiyat: 78\nPuan: 4.6\nUygun cilt tipleri: Belirlenemedi\n\nÜrün tanıtımı: Shiseido Bio-Performance Advanced Super Revitalizing Cream, cildi nemlendirmeyi ve canlandırmayı hedefleyen bir nemlendiricidir. Cilt görünümünü desteklemeye yardımcı olabilir.\nİçerik analizi: Bu formül, nemlendirme, yumuşatma ve antioksidan özellikler sunan çeşitli bileşenler içermektedir. Silikonlar, nemlendiriciler ve bitkisel özler ile zenginleştirilmiştir. Cetyl Octanoate ve Mortierella Oil komedojenik risk taşıyabilir. Fragrance, Octyl Methoxycinnamate, BHT ve parabenler (Ethylparaben, Butylparaben, Methylparaben) hassasiyet veya iritasyon riski yaratabilir.\n\nIngredients: Water, Glycerin, Cyclomethicone, Butylene Glycol, Dimethicone, Cetyl Octanoate, Squalane, Dimethicone Copolyol, Disteardimonium Hectorite, Hydrogenated C6-14 Olefin Polymers, PEG-150, Mortierella Oil, Phytosteryl Macadamiate, Tocopheryl Acetate, Stearyl Glycyrrhetinate, Arginine HCI, PEG-60 Hydrogenated Castor Oil, Sodium Glutamate, Disodium Adenosine Triphosphate, Saccharomyces Lysate Extract, Sodium Acetylated Hyaluronate, Rosa Roxburghii Extract, Octyl Methoxycinnamate, Agar, Sodium Hexametaphosphate, Trisodium EDTA, Tocopherol, BHT, Ethylparaben, Butylparaben, Methylparaben, Fragrance, Iron Oxides.']","Uygun cilt tipleri: Dry, Normal, Sensitive.","['f25ec5d0127cb76a8cec22b9863fe5107086fdbe576453b7c51b410bab5643bb'
 'a48e2ca666e1c58f48ad12d9a129f8f91c74989bb819a8712641c5a32076b62d'
 '6fcecbb9ee483b8734f692e69180ae96ea0dbba64bcdb617e4cf561b26d2849d'
 '02415a33943b2cc65c009174fd5b3f5a0cffb6f23d553fd8266e9b7f26f16cc0'
 '4b5f8dccd311e47730367e5f87026a831d17eef1e65d4ab7be67cbac5c0b3d84']",['f25ec5d0127cb76a8cec22b9863fe5107086fdbe576453b7c51b410bab5643bb'],1.0,0.75,0.9780322100807926
"R.N.A. POWER Face Cream ürünün,n fiyatı nedir?",R.N.A. POWER Face Cream ürününün fiyatı 230'dur.,"['Ürün adı: R.N.A. POWER Face Cream\nMarka: SK-II\nKategori: Moisturizer\nFiyat: 230\nPuan: 4.3\nUygun cilt tipleri: Dry, Normal, Sensitive\n\nÜrün tanıtımı: SK-II R.N.A. POWER Face Cream, kuru, normal ve hassas cilt tipleri için tasarlanmış bir nemlendiricidir. Cildin nemlenmesine ve genel görünümünün desteklenmesine yardımcı olabilir.\nİçerik analizi: Bu nemlendirici, Galactomyces Ferment Filtrate (Pitera), Niasinamid ve peptitler gibi aktif bileşenlerle zenginleştirilmiş bir formüle sahiptir. Nemlendirici ve besleyici içerikler barındırır. Komedojenik risk taşıyabilecek içerikler Isopropyl Isostearate, Stearic Acid ve Polysorbate 80 olabilir. Hassasiyet/iritasyon riski yaratabilecek içerikler ise Fragrance, Benzyl Alcohol ve parabenler olabilir. Diğer riskler belirlenemedi.\n\nIngredients: Water, Glycerin, Galactomyces Ferment Filtrate*, Isohexadecane, Niacinamide, Isopropyl Isostearate, Butylene Glycol, Butyrospermum Parkii (Shea) Butter, Caprylic/Capric Triglyceride, Pentylene Glycol, Dimethicone, Phytosteryl/Behenyl/Octyldodecyl Lauroyl Glutamate, Vinyl Dimethicone/Methicone Silsesquioxane Crosspolymer, Stearyl Alcohol, Sodium Acrylate/Sodium Acryloyldimethyl Taurate Copolymer, Cetyl Alcohol, Behenyl Alcohol, Panthenol, Tocopheryl Acetate, Benzyl Alcohol, Dimethiconol, Cetearyl Alcohol, Cetearyl Glucoside, Methylparaben, Peg-100 Stearate, Polymethylsilsesquioxane, Polysorbate 80, Stearic Acid, Disodium Edta, Propylparaben, Sodium Peg-7 Olive Oil Carboxylate, Ethylparaben, Sorbitan Oleate, Chlorella Vulgaris Extract, Peg-100 Stearate, Peg-7 Glyceryl Cocoate, Sodium Hydroxide, Fragrance, Acanthopanax Senticosus (Eleuthero) Root Extract, Hydrolyzed Soy Protein, Cynara Scolymus (Artichoke) Leaf Extract, Polyquaternium-7, Hydrolyzed Yeast Protein, Palmitoyl Pentapeptide-4, Methylsilanol Tri-Peg-8 Glyceryl Cocoate, Methicone, Ci 77891, Ci 77492. *Pitera™.'
 'Ürün adı: Protini™ Polypeptide Cream\nMarka: DRUNK ELEPHANT\nKategori: Moisturizer\nFiyat: 68\nPuan: 4.4\nUygun cilt tipleri: Combination, Dry, Normal, Oily\n\nÜrün tanıtımı: Bu nemlendirici krem, çeşitli peptitler ve nemlendirici bileşenler içeren bir formüle sahiptir. Cildin nemlenmesine ve genel görünümünün desteklenmesine yardımcı olabilir.\nİçerik analizi: Bu formül, çeşitli peptitler, amino asitler ve nemlendirici bileşenler açısından zengindir. Cilt bariyerini desteklemeye ve nemlendirmeye odaklanmış görünmektedir. Sclerocarya Birrea Seed Oil, Cetearyl Alcohol komedojenik risk taşıyabilir. Polysorbate 20, Polysorbate 60, Phenoxyethanol, Chlorphenesin ve Lactic Acid/Glycolic Acid Copolymer hassasiyet/iritasyon riski yaratabilir.\n\nIngredients: Water, Dicaprylyl Carbonate, Glycerin, Cetearyl Alcohol, Cetearyl Olivate, Sorbitan Olivate, Sclerocarya Birrea Seed Oil, Bacillus/Soybean/ Folic Acid Ferment Extract, Nymphaea Alba Root Extract, sh-Oligopeptide-1, sh-Oligopeptide-2, sh-Polypeptide-1, sh-Polypeptide-9, sh-Polypeptide-11, Copper Palmitoyl Heptapeptide-14, Heptapeptide-15 Palmitate, Palmitoyl Tetrapeptide-7, Palmitoyl Tripeptide-1, Alanine, Arginine, Glycine, Histidine, Isoleucine, Phenylalanine, Proline, Serine, Threonine, Valine, Acetyl Glutamine, Coconut Alkanes , Coco-Caprylate/Caprate, Sodium Hyaluronate, Aspartic Acid, Linoleic Acid, Linolenic Acid, Lecithin, Butylene Glycol, Polyvinyl Alcohol, Sodium Lactate, Sodium PCA, PCA, Sorbitan Isostearate, Carbomer, Polysorbate 20, Polysorbate 60, Lactic Acid/Glycolic Acid Copolymer, Hydroxyethyl Acrylate/Sodium Acryloyldimethyl Taurate Copolymer, Xanthan Gum, Isomalt, 1,2-Hexanediol, Caprylyl Glycol, Chlorphenesin, Phenoxyethanol, Tocopherol, Sodium Benzoate, Phenylpropanol, Glyceryl Caprylate, Symphytum Officinale Callus Culture Extract.'
 'Ürün adı: Your Skin But Better™ CC+™ Cream with SPF 50+\nMarka: IT COSMETICS\nKategori: Moisturizer\nFiyat: 38\nPuan: 4.1\nUygun cilt tipleri: Combination, Dry, Normal, Oily, Sensitive\n\nÜrün tanıtımı: Bu ürün, cilde renk eşitleme ve yüksek SPF 50+ güneş koruması sunan, nemlendirici özelliklere sahip bir CC kremidir. Cilt tonunu eşitlemeye ve nemlendirmeye yardımcı olabilir.\nİçerik analizi: Ürün, nemlendirici, SPF ve çeşitli aktif bileşenler içeren zengin bir formüle sahiptir. Salyangoz salgısı filtratı, silikonlar, bitkisel yağlar ve vitaminler içerir. Stearik Asit, Orbignya Oleifera Seed Oil ve Persea Gratissima (Avocado) Oil komedojenik risk taşıyabilir. Narenciye yağları (Citrus Medica Limonum Peel Oil, Citrus Aurantium Bergamia Fruit Oil vb.) ve Eucalyptus Globulus Leaf Oil hassasiyet/iritasyon riski yaratabilir. Chlorhexidine Digluconate de hassasiyet riski taşıyabilir.\n\nIngredients: Water, Snail Secretion Filtrate, Phenyl Trimethicone, Dimethicone, Butylene Glycol, Butylene Glycol Dicaprylate/Dicaprate, Orbignya Oleifera Seed Oil, Butyloctyl Salicylate, Cetyl Peg/Ppg-10/1 Dimethicone, Cyclopentasiloxane, Cyclohexasiloxane, Magnesium Sulfate, Polyglyceryl-4 Isostearate, Dimethicone/Vinyl Dimethicone Crosspolymer, Aluminum Hydroxide, Hexyl Laurate, Stearic Acid, Calcium Stearate, Caprylyl Glycol, Triethoxycaprylylsilane, Ethylhexylglycerin, Citrus Medica Limonum (Lemon) Peel Oil, Tocopheryl Acetate, Sorbitan Isostearate, Phenoxyethanol, Citrus Aurantium Bergamia (Bergamot) Fruit Oil, 1,2-Hexanediol, Disodium Edta, Citrus Aurantium Dulcis (Orange) Peel Oil, Citrus Aurantifolia (Lime) Oil, Vitis Vinifera (Grape) Seed Oil, Punica Granatum Seed Oil, Pinus Sylvestris Leaf Oil, Persea Gratissima (Avocado) Oil, Niacinamide, Citrus Grandis (Grapefruit) Peel Oil, Cholesterol, Anthemis Nobilis Flower Water, Lactobacillus/Honeysuckle Flower/Licorice Root/Morus Alba Root/Pueraria Lobata Root/Schizandra Chinensis Fruit/Scutellaria Baicalensis Root/Sophora Japonica Flower Extract Ferment Filtrate, Perfluorohexane, Olea Europaea (Olive) Leaf Extract, Glycerin, Eucalyptus Globulus Leaf Oil, Camellia Sinensis Leaf Extract, Chrysanthemum Indicum Flower Extract, Pueraria Lobata Root Extract, Perfluorodecalin, Morus Alba Fruit Extract, Magnolia Kobus Bark Extract, Glycine Soja (Soybean) Sprout Extract, Diospyros Kaki Leaf Extract, Cinnamomum Cassia Bark Extract, Artemisia Princeps Leaf Extract, Pentafluoropropane, Curcuma Longa (Turmeric) Root Extract, Steareth-20, Hydrolyzed Hyaluronic Acid, Colloidal Oatmeal, Hydrolyzed Silk, Citric Acid, Sodium Benzoate, Potassium Sorbate, Aloe Barbadensis Leaf Extract, N-Hydroxysuccinimide, Hydrolyzed Collagen, Caprylhydroxamic Acid, Tocopherol, Thiamine Hcl, Riboflavin, Retinyl Palmitate, Pantothenic Acid, Palmitoyl Oligopeptide, Niacin, Folic Acid, Chrysin, Carnitine Hcl, Biotin, Ascorbic Acid, Palmitoyl Tetrapeptide-7, Chlorhexidine Digluconate. May Contain: Iron Oxides (Ci 77492, Ci 77491, Ci 77499).'
 'Ürün adı: Bio-Performance Advanced Super Revitalizing Cream\nMarka: SHISEIDO\nKategori: Moisturizer\nFiyat: 78\nPuan: 4.6\nUygun cilt tipleri: Belirlenemedi\n\nÜrün tanıtımı: Shiseido Bio-Performance Advanced Super Revitalizing Cream, cildi nemlendirmeyi ve canlandırmayı hedefleyen bir nemlendiricidir. Cilt görünümünü desteklemeye yardımcı olabilir.\nİçerik analizi: Bu formül, nemlendirme, yumuşatma ve antioksidan özellikler sunan çeşitli bileşenler içermektedir. Silikonlar, nemlendiriciler ve bitkisel özler ile zenginleştirilmiştir. Cetyl Octanoate ve Mortierella Oil komedojenik risk taşıyabilir. Fragrance, Octyl Methoxycinnamate, BHT ve parabenler (Ethylparaben, Butylparaben, Methylparaben) hassasiyet veya iritasyon riski yaratabilir.\n\nIngredients: Water, Glycerin, Cyclomethicone, Butylene Glycol, Dimethicone, Cetyl Octanoate, Squalane, Dimethicone Copolyol, Disteardimonium Hectorite, Hydrogenated C6-14 Olefin Polymers, PEG-150, Mortierella Oil, Phytosteryl Macadamiate, Tocopheryl Acetate, Stearyl Glycyrrhetinate, Arginine HCI, PEG-60 Hydrogenated Castor Oil, Sodium Glutamate, Disodium Adenosine Triphosphate, Saccharomyces Lysate Extract, Sodium Acetylated Hyaluronate, Rosa Roxburghii Extract, Octyl Methoxycinnamate, Agar, Sodium Hexametaphosphate, Trisodium EDTA, Tocopherol, BHT, Ethylparaben, Butylparaben, Methylparaben, Fragrance, Iron Oxides.'
 'Ürün adı: Lala Retro™ Whipped Cream\nMarka: DRUNK ELEPHANT\nKategori: Moisturizer\nFiyat: 60\nPuan: 4.2\nUygun cilt tipleri: Combination, Dry, Normal, Oily\n\nÜrün tanıtımı: Bu ürün, cildi nemlendirmeye yardımcı olabilecek bir nemlendiricidir. Karma, kuru, normal ve yağlı dahil olmak üzere çeşitli cilt tipleri için uygun olabilir.\nİçerik analizi: Bu formül, yoğun nemlendirme sağlayan gliserin ve çeşitli besleyici bitkisel yağlar içerir. Fermente içerikler cilt bariyerini desteklemeye yardımcı olabilir. Sodyum Hiyalüronat Çapraz Polimer ile nem tutulumu hedeflenmiştir. Komedojenik risk yaratabilecek içerikler Isopropyl Isostearate ve Stearic Acid olabilir. Hassasiyet/iritasyon riski taşıyabilecek içerikler Chlorphenesin, Phenoxyethanol ve Ceteareth-20 olabilir.\n\nIngredients: Water, Glycerin, Caprylic/ Capric Triglyceride, Isopropyl Isostearate, Pseudozyma Epicola/Camellia Sinensis Seed Oil/Glucose/Glycine Soja Meal/Malt Extract/Yeast Extract Ferment Filtrate (Pseudozyma Epicola/Camellia Sinensis Seed Oil/Glucose/Yeast Extract Ferment Filtrate), Stearic Acid, Glyceryl Stearate SE, Cetearyl Alcohol, Pentylene Glycol, Plantago Lanceolata Leaf Extract, Adansonia Digitata Seed Oil, Citrullus Lanatus (Watermelon) Seed Oil, Passiflora Edulis Seed Oil, Schinziophyton Rautanenii Kernel Oil, Sclerocarya Birrea Seed Oil, Polyglyceryl-6 Ximenia Americana Seedate, Sodium Hyaluronate Crosspolymer, Ceteareth-20, Trisodium Ethylenediamine Disuccinate, Sodium Hydroxide, Citric Acid, Carbomer, Xanthan Gum, Caprylyl Glycol, Chlorphenesin, Phenoxyethanol, Ethylhexylglycerin.']",Fiyat: 230.,"['f25ec5d0127cb76a8cec22b9863fe5107086fdbe576453b7c51b410bab5643bb'
 '6fcecbb9ee483b8734f692e69180ae96ea0dbba64bcdb617e4cf561b26d2849d'
 '02415a33943b2cc65c009174fd5b3f5a0cffb6f23d553fd8266e9b7f26f16cc0'
 '4b5f8dccd311e47730367e5f87026a831d17eef1e65d4ab7be67cbac5c0b3d84'
 'a48e2ca666e1c58f48ad12d9a129f8f91c74989bb819a8712641c5a32076b62d']",['f25ec5d0127cb76a8cec22b9863fe5107086fdbe576453b7c51b410bab5643bb'],1.0,1.0,0.9221442020068374
LA MER markasının Crème de la Mer ürününün puanı kaç?,LA MER markasının Crème de la Mer ürününün puanı 4.1'dir.,"['Ürün adı: Crème de la Mer\nMarka: LA MER\nKategori: Moisturizer\nFiyat: 175\nPuan: 4.1\nUygun cilt tipleri: Combination, Dry, Normal, Oily, Sensitive\n\nÜrün tanıtımı: Crème de la Mer, cildi nemlendirmeye yardımcı olan bir nemlendiricidir. Çeşitli cilt tipleri için uygun olabilir ve genel cilt bakımı rutininize eklenebilir.\nİçerik analizi: Ürün, mineral yağlar, petrolatum ve bitkisel özlerle zengin, yoğun nemlendirme odaklı bir formüle sahiptir. Mineral Oil, Petrolatum, Microcrystalline Wax, Paraffin ve Decyl Oleate komedojenik risk taşıyabilir. Lanolin Alcohol, Alcohol Denat., Fragrance, Limonene, Linalool, Citrus Aurantifolia (Lime) Extract ve Eucalyptus Globulus (Eucalyptus) Leaf Oil hassasiyet/iritasyon riski yaratabilir.\n\nIngredients: Algae (Seaweed) Extract, Mineral Oil, Petrolatum, Glycerin, Isohexadecane, Microcrystalline Wax, Lanolin Alcohol, Citrus Aurantifolia (Lime) Extract, Sesamum Indicum (Sesame) Seed Oil, Eucalyptus Globulus (Eucalyptus) Leaf Oil, Sesamum Indicum (Sesame) Seed Powder, Medicago Sativa (Alfalfa) Seed Powder, Helianthus Annuus (Sunflower) Seedcake, Prunus Amygdalus Dulcis (Sweet Almond) Seed Meal, Sodium Gluconate, Copper Gluconate, Calcium Gluconate, Magnesium Gluconate, Zinc Gluconate, Magnesium Sulfate, Paraffin, Tocopheryl Succinate, Niacin, Water, Beta-Carotene, Decyl Oleate, Aluminum Distearate, Octyldodecanol, Citric Acid, Cyanocobalamin, Magnesium Stearate, Panthenol, Limonene, Geraniol, Linalool, Hydroxycitronellal, Citronellol, Benzyl Salicylate, Citral, Sodium Benzoate, Alcohol Denat., Fragrance.'
 'Ürün adı: Crème de la Mer Mini\nMarka: LA MER\nKategori: Moisturizer\nFiyat: 85\nPuan: 4.1\nUygun cilt tipleri: Combination, Dry, Normal, Oily, Sensitive\n\nÜrün tanıtımı: LA MER Crème de la Mer Mini, çeşitli cilt tipleri için tasarlanmış bir nemlendiricidir. Cilde yoğun nem sağlamayı hedefleyebilir.\nİçerik analizi: Formül, yoğun nemlendirme ve cilt bariyerini desteklemeyi amaçlayan oklüzif ve nemlendirici içerikler açısından zengindir. Ayrıca çeşitli bitki özleri, vitaminler ve koku bileşenleri içerir. Lanolin Alcohol, Sesamum Indicum (Sesame) Seed Oil ve Decyl Oleate gibi içerikler komedojenik risk taşıyabilir. Alcohol Denat., Fragrance, Eucalyptus Globulus (Eucalyptus) Leaf Oil ve Limonene gibi bileşenler hassasiyet veya iritasyon riski yaratabilir.\n\nIngredients: Algae (Seaweed) Extract, Mineral Oil, Petrolatum, Glycerin, Isohexadecane, Microcrystalline Wax, Lanolin Alcohol, Citrus Aurantifolia (Lime) Extract, Sesamum Indicum (Sesame) Seed Oil, Eucalyptus Globulus (Eucalyptus) Leaf Oil, Sesamum Indicum (Sesame) Seed Powder, Medicago Sativa (Alfalfa) Seed Powder, Helianthus Annuus (Sunflower) Seedcake, Prunus Amygdalus Dulcis (Sweet Almond) Seed Meal, Sodium Gluconate, Copper Gluconate, Calcium Gluconate, Magnesium Gluconate, Zinc Gluconate, Magnesium Sulfate, Paraffin, Tocopheryl Succinate, Niacin, Water, Beta-Carotene, Decyl Oleate, Aluminum Distearate, Octyldodecanol, Citric Acid, Cyanocobalamin, Magnesium Stearate, Panthenol, Limonene, Geraniol, Linalool, Hydroxycitronellal, Citronellol, Benzyl Salicylate, Citral, Sodium Benzoate, Alcohol Denat., Fragrance.'
 ""Ürün adı: Little Miss Miracle Limited-Edition Crème de la Mer\nMarka: LA MER\nKategori: Moisturizer\nFiyat: 325\nPuan: 5.0\nUygun cilt tipleri: Belirlenemedi\n\nÜrün tanıtımı: Little Miss Miracle Limited-Edition Crème de la Mer, LA MER'in özel bir nemlendiricisidir. Cildi nemlendirmeye ve beslemeye yardımcı olmayı hedefleyen lüks bir üründür.\nİçerik analizi: Formül, yoğun nemlendirme ve bariyer desteği sağlayan oklüzif ve emoliyan içeriklerle zengindir. Mineral Oil, Petrolatum, Microcrystalline Wax, Lanolin Alcohol, Sesamum Indicum (Sesame) Seed Oil, Paraffin, Decyl Oleate, Magnesium Stearate komedojenik risk taşıyabilir. Fragrance, Limonene, Geraniol, Linalool, Hydroxycitronellal, Citronellol, Benzyl Salicylate, Citral, Alcohol Denat., Citrus Aurantifolia (Lime) Extract, Eucalyptus Globulus (Eucalyptus) Leaf Oil hassasiyet/iritasyon riski yaratabilir.\n\nIngredients: Algae (Seaweed) Extract, Mineral Oil, Petrolatum, Glycerin, Isohexadecane, Microcrystalline Wax, Lanolin Alcohol, Citrus Aurantifolia (Lime) Extract, Sesamum Indicum (Sesame) Seed Oil, Eucalyptus Globulus (Eucalyptus) Leaf Oil, Sesamum Indicum (Sesame) Seed Powder, Medicago Sativa (Alfalfa) Seed Powder, Helianthus Annuus (Sunflower) Seedcake, Prunus Amygdalus Dulcis (Sweet Almond) Seed Meal, Sodium Gluconate, Copper Gluconate, Calcium Gluconate, Magnesium Gluconate, Zinc Gluconate, Magnesium Sulfate, Paraffin, Tocopheryl Succinate, Niacin, Water, Beta-Carotene, Decyl Oleate, Aluminum Distearate, Octyldodecanol, Citric Acid, Cyanocobalamin, Magnesium Stearate, Panthenol, Limonene, Geraniol, Linalool, Hydroxycitronellal, Citronellol, Benzyl Salicylate, Citral, Sodium Benzoate, Alcohol Denat., Fragrance.""
 'Ürün adı: The Moisturizing Soft Cream\nMarka: LA MER\nKategori: Moisturizer\nFiyat: 175\nPuan: 3.8\nUygun cilt tipleri: Combination, Dry, Normal, Oily, Sensitive\n\nÜrün tanıtımı: Bu ürün, cildi nemlendirmeye ve yumuşatmaya yardımcı olan zengin içerikli bir nemlendiricidir. Çeşitli cilt tipleri için uygun olabilir.\nİçerik analizi: Ürün, yoğun nemlendirme sağlayan zengin emolyanlar, silikonlar, çeşitli bitkisel özler ve peptitler barındırır. Petrolatum, Shea Butter ve bazı yağ türevleri komedojenik risk taşıyabilir. Parfüm, limon kabuğu ve okaliptüs yağı gibi içerikler hassasiyet veya iritasyon riski yaratabilir.\n\nIngredients: Algae (Seaweed) Extract, Cyclopentasiloxane, Petrolatum, Glyceryl Distearate, Phenyl Trimethicone, Butylene Glycol, Hydrogenated Vegetable Oil, Cholesterol, Butyrospermum Parkii (Shea Butter), Steareth-10, Dimethicone, Glyceryl Stearate Se, Polysilicone-11, Sesamum Indicum (Sesame) Seed Oil, Medicago Sativa (Alfalfa) Seed Powder, Helianthus Annuus (Sunflower) Seedcake, Prunus Amygdalus Dulcis (Sweet Almond) Seed Meal, Eucalyptus Globulus (Eucalyptus) Leaf Oil, Sodium Gluconate, Copper Gluconate, Calcium Gluconate, Magnesium Gluconate, Zinc Gluconate, Tocopheryl Succinate, Niacin, Sesamum Indicum (Sesame) Seed Powder, Water, Citrus Aurantifolia (Lime) Peel Extract, Laminaria Digitata Extract, Crithmum Maritimum Extract, Salicornia Herbacea Extract, Plankton Extract, Chlorella Vulgaris Extract, Glycine Soja (Soybean) Seed Extract, Glycerin, Caffeine, Sea Salt/Maris Sal/Sel Marin, Micrococcus Lysate, Diethylhexyl Succinate, Adenosine Phosphate, Creatine, Hydrolyzed Algin, Isocetyl Stearoyl Stearate, Cetyl Alcohol, Sucrose, Acetyl Hexapeptide-8, Glucose Oxidase, Polyacrylamide, Acetyl Carnitine Hcl, Glucose, Caprylic/Capric Triglyceride, C13-14 Isoparaffin, Tocopheryl Acetate, Tetrahexyldecyl Ascorbate, Sodium Pca, Glycosaminoglycans, Urea, Distearyldimonium Chloride, Dipalmitoyl Hydroxyproline, Sodium Hyaluronate, Laureth-7, Lecithin, Trehalose, Polyquaternium-51, Lactoperoxidase, Hydroxypropyl Cyclodextrin, Cyanocobalamin, Pentylene Glycol, Fragrance, Disodium Edta, Bht, Citronellol, Hydroxycitronellal, Geraniol, Linalool, Limonene, Potassium Sorbate, Phenoxyethanol'
 'Ürün adı: Your Skin But Better™ CC+™ Cream with SPF 50+\nMarka: IT COSMETICS\nKategori: Moisturizer\nFiyat: 38\nPuan: 4.1\nUygun cilt tipleri: Combination, Dry, Normal, Oily, Sensitive\n\nÜrün tanıtımı: Bu ürün, cilde renk eşitleme ve yüksek SPF 50+ güneş koruması sunan, nemlendirici özelliklere sahip bir CC kremidir. Cilt tonunu eşitlemeye ve nemlendirmeye yardımcı olabilir.\nİçerik analizi: Ürün, nemlendirici, SPF ve çeşitli aktif bileşenler içeren zengin bir formüle sahiptir. Salyangoz salgısı filtratı, silikonlar, bitkisel yağlar ve vitaminler içerir. Stearik Asit, Orbignya Oleifera Seed Oil ve Persea Gratissima (Avocado) Oil komedojenik risk taşıyabilir. Narenciye yağları (Citrus Medica Limonum Peel Oil, Citrus Aurantium Bergamia Fruit Oil vb.) ve Eucalyptus Globulus Leaf Oil hassasiyet/iritasyon riski yaratabilir. Chlorhexidine Digluconate de hassasiyet riski taşıyabilir.\n\nIngredients: Water, Snail Secretion Filtrate, Phenyl Trimethicone, Dimethicone, Butylene Glycol, Butylene Glycol Dicaprylate/Dicaprate, Orbignya Oleifera Seed Oil, Butyloctyl Salicylate, Cetyl Peg/Ppg-10/1 Dimethicone, Cyclopentasiloxane, Cyclohexasiloxane, Magnesium Sulfate, Polyglyceryl-4 Isostearate, Dimethicone/Vinyl Dimethicone Crosspolymer, Aluminum Hydroxide, Hexyl Laurate, Stearic Acid, Calcium Stearate, Caprylyl Glycol, Triethoxycaprylylsilane, Ethylhexylglycerin, Citrus Medica Limonum (Lemon) Peel Oil, Tocopheryl Acetate, Sorbitan Isostearate, Phenoxyethanol, Citrus Aurantium Bergamia (Bergamot) Fruit Oil, 1,2-Hexanediol, Disodium Edta, Citrus Aurantium Dulcis (Orange) Peel Oil, Citrus Aurantifolia (Lime) Oil, Vitis Vinifera (Grape) Seed Oil, Punica Granatum Seed Oil, Pinus Sylvestris Leaf Oil, Persea Gratissima (Avocado) Oil, Niacinamide, Citrus Grandis (Grapefruit) Peel Oil, Cholesterol, Anthemis Nobilis Flower Water, Lactobacillus/Honeysuckle Flower/Licorice Root/Morus Alba Root/Pueraria Lobata Root/Schizandra Chinensis Fruit/Scutellaria Baicalensis Root/Sophora Japonica Flower Extract Ferment Filtrate, Perfluorohexane, Olea Europaea (Olive) Leaf Extract, Glycerin, Eucalyptus Globulus Leaf Oil, Camellia Sinensis Leaf Extract, Chrysanthemum Indicum Flower Extract, Pueraria Lobata Root Extract, Perfluorodecalin, Morus Alba Fruit Extract, Magnolia Kobus Bark Extract, Glycine Soja (Soybean) Sprout Extract, Diospyros Kaki Leaf Extract, Cinnamomum Cassia Bark Extract, Artemisia Princeps Leaf Extract, Pentafluoropropane, Curcuma Longa (Turmeric) Root Extract, Steareth-20, Hydrolyzed Hyaluronic Acid, Colloidal Oatmeal, Hydrolyzed Silk, Citric Acid, Sodium Benzoate, Potassium Sorbate, Aloe Barbadensis Leaf Extract, N-Hydroxysuccinimide, Hydrolyzed Collagen, Caprylhydroxamic Acid, Tocopherol, Thiamine Hcl, Riboflavin, Retinyl Palmitate, Pantothenic Acid, Palmitoyl Oligopeptide, Niacin, Folic Acid, Chrysin, Carnitine Hcl, Biotin, Ascorbic Acid, Palmitoyl Tetrapeptide-7, Chlorhexidine Digluconate. May Contain: Iron Oxides (Ci 77492, Ci 77491, Ci 77499).']",Puan: 4.1.,"['65e4d1a65dfb3b0b0c62659612acd35456da133d9a069e9175116f09d8701fce'
 'a39ed2a19f44e024c760ac9ee4e1990ef316651340b02424158d8bc43e6bf64f'
 'af7306dc42136d29b5b522beae4a5d59999f2ab5a28ad43d5d66ac487e514680'
 '8cc86ba1e5d2afe30984613899405cea69f4f96cd1ccc3aae08963328a2c6b39'
 '02415a33943b2cc65c009174fd5b3f5a0cffb6f23d553fd8266e9b7f26f16cc0']",['65e4d1a65dfb3b0b0c62659612acd35456da133d9a069e9175116f09d8701fce'],1.0,1.0,0.8785129266896448
Crème de la Mer ürünü hangi cilt tipleri için uygundur?,"Crème de la Mer ürünü Combination, Dry, Normal, Oily, Sensitive cilt tipleri için uygundur.","['Ürün adı: Crème de la Mer\nMarka: LA MER\nKategori: Moisturizer\nFiyat: 175\nPuan: 4.1\nUygun cilt tipleri: Combination, Dry, Normal, Oily, Sensitive\n\nÜrün tanıtımı: Crème de la Mer, cildi nemlendirmeye yardımcı olan bir nemlendiricidir. Çeşitli cilt tipleri için uygun olabilir ve genel cilt bakımı rutininize eklenebilir.\nİçerik analizi: Ürün, mineral yağlar, petrolatum ve bitkisel özlerle zengin, yoğun nemlendirme odaklı bir formüle sahiptir. Mineral Oil, Petrolatum, Microcrystalline Wax, Paraffin ve Decyl Oleate komedojenik risk taşıyabilir. Lanolin Alcohol, Alcohol Denat., Fragrance, Limonene, Linalool, Citrus Aurantifolia (Lime) Extract ve Eucalyptus Globulus (Eucalyptus) Leaf Oil hassasiyet/iritasyon riski yaratabilir.\n\nIngredients: Algae (Seaweed) Extract, Mineral Oil, Petrolatum, Glycerin, Isohexadecane, Microcrystalline Wax, Lanolin Alcohol, Citrus Aurantifolia (Lime) Extract, Sesamum Indicum (Sesame) Seed Oil, Eucalyptus Globulus (Eucalyptus) Leaf Oil, Sesamum Indicum (Sesame) Seed Powder, Medicago Sativa (Alfalfa) Seed Powder, Helianthus Annuus (Sunflower) Seedcake, Prunus Amygdalus Dulcis (Sweet Almond) Seed Meal, Sodium Gluconate, Copper Gluconate, Calcium Gluconate, Magnesium Gluconate, Zinc Gluconate, Magnesium Sulfate, Paraffin, Tocopheryl Succinate, Niacin, Water, Beta-Carotene, Decyl Oleate, Aluminum Distearate, Octyldodecanol, Citric Acid, Cyanocobalamin, Magnesium Stearate, Panthenol, Limonene, Geraniol, Linalool, Hydroxycitronellal, Citronellol, Benzyl Salicylate, Citral, Sodium Benzoate, Alcohol Denat., Fragrance.'
 'Ürün adı: Crème de la Mer Mini\nMarka: LA MER\nKategori: Moisturizer\nFiyat: 85\nPuan: 4.1\nUygun cilt tipleri: Combination, Dry, Normal, Oily, Sensitive\n\nÜrün tanıtımı: LA MER Crème de la Mer Mini, çeşitli cilt tipleri için tasarlanmış bir nemlendiricidir. Cilde yoğun nem sağlamayı hedefleyebilir.\nİçerik analizi: Formül, yoğun nemlendirme ve cilt bariyerini desteklemeyi amaçlayan oklüzif ve nemlendirici içerikler açısından zengindir. Ayrıca çeşitli bitki özleri, vitaminler ve koku bileşenleri içerir. Lanolin Alcohol, Sesamum Indicum (Sesame) Seed Oil ve Decyl Oleate gibi içerikler komedojenik risk taşıyabilir. Alcohol Denat., Fragrance, Eucalyptus Globulus (Eucalyptus) Leaf Oil ve Limonene gibi bileşenler hassasiyet veya iritasyon riski yaratabilir.\n\nIngredients: Algae (Seaweed) Extract, Mineral Oil, Petrolatum, Glycerin, Isohexadecane, Microcrystalline Wax, Lanolin Alcohol, Citrus Aurantifolia (Lime) Extract, Sesamum Indicum (Sesame) Seed Oil, Eucalyptus Globulus (Eucalyptus) Leaf Oil, Sesamum Indicum (Sesame) Seed Powder, Medicago Sativa (Alfalfa) Seed Powder, Helianthus Annuus (Sunflower) Seedcake, Prunus Amygdalus Dulcis (Sweet Almond) Seed Meal, Sodium Gluconate, Copper Gluconate, Calcium Gluconate, Magnesium Gluconate, Zinc Gluconate, Magnesium Sulfate, Paraffin, Tocopheryl Succinate, Niacin, Water, Beta-Carotene, Decyl Oleate, Aluminum Distearate, Octyldodecanol, Citric Acid, Cyanocobalamin, Magnesium Stearate, Panthenol, Limonene, Geraniol, Linalool, Hydroxycitronellal, Citronellol, Benzyl Salicylate, Citral, Sodium Benzoate, Alcohol Denat., Fragrance.'
 ""Ürün adı: Little Miss Miracle Limited-Edition Crème de la Mer\nMarka: LA MER\nKategori: Moisturizer\nFiyat: 325\nPuan: 5.0\nUygun cilt tipleri: Belirlenemedi\n\nÜrün tanıtımı: Little Miss Miracle Limited-Edition Crème de la Mer, LA MER'in özel bir nemlendiricisidir. Cildi nemlendirmeye ve beslemeye yardımcı olmayı hedefleyen lüks bir üründür.\nİçerik analizi: Formül, yoğun nemlendirme ve bariyer desteği sağlayan oklüzif ve emoliyan içeriklerle zengindir. Mineral Oil, Petrolatum, Microcrystalline Wax, Lanolin Alcohol, Sesamum Indicum (Sesame) Seed Oil, Paraffin, Decyl Oleate, Magnesium Stearate komedojenik risk taşıyabilir. Fragrance, Limonene, Geraniol, Linalool, Hydroxycitronellal, Citronellol, Benzyl Salicylate, Citral, Alcohol Denat., Citrus Aurantifolia (Lime) Extract, Eucalyptus Globulus (Eucalyptus) Leaf Oil hassasiyet/iritasyon riski yaratabilir.\n\nIngredients: Algae (Seaweed) Extract, Mineral Oil, Petrolatum, Glycerin, Isohexadecane, Microcrystalline Wax, Lanolin Alcohol, Citrus Aurantifolia (Lime) Extract, Sesamum Indicum (Sesame) Seed Oil, Eucalyptus Globulus (Eucalyptus) Leaf Oil, Sesamum Indicum (Sesame) Seed Powder, Medicago Sativa (Alfalfa) Seed Powder, Helianthus Annuus (Sunflower) Seedcake, Prunus Amygdalus Dulcis (Sweet Almond) Seed Meal, Sodium Gluconate, Copper Gluconate, Calcium Gluconate, Magnesium Gluconate, Zinc Gluconate, Magnesium Sulfate, Paraffin, Tocopheryl Succinate, Niacin, Water, Beta-Carotene, Decyl Oleate, Aluminum Distearate, Octyldodecanol, Citric Acid, Cyanocobalamin, Magnesium Stearate, Panthenol, Limonene, Geraniol, Linalool, Hydroxycitronellal, Citronellol, Benzyl Salicylate, Citral, Sodium Benzoate, Alcohol Denat., Fragrance.""
 'Ürün adı: The Moisturizing Soft Cream\nMarka: LA MER\nKategori: Moisturizer\nFiyat: 175\nPuan: 3.8\nUygun cilt tipleri: Combination, Dry, Normal, Oily, Sensitive\n\nÜrün tanıtımı: Bu ürün, cildi nemlendirmeye ve yumuşatmaya yardımcı olan zengin içerikli bir nemlendiricidir. Çeşitli cilt tipleri için uygun olabilir.\nİçerik analizi: Ürün, yoğun nemlendirme sağlayan zengin emolyanlar, silikonlar, çeşitli bitkisel özler ve peptitler barındırır. Petrolatum, Shea Butter ve bazı yağ türevleri komedojenik risk taşıyabilir. Parfüm, limon kabuğu ve okaliptüs yağı gibi içerikler hassasiyet veya iritasyon riski yaratabilir.\n\nIngredients: Algae (Seaweed) Extract, Cyclopentasiloxane, Petrolatum, Glyceryl Distearate, Phenyl Trimethicone, Butylene Glycol, Hydrogenated Vegetable Oil, Cholesterol, Butyrospermum Parkii (Shea Butter), Steareth-10, Dimethicone, Glyceryl Stearate Se, Polysilicone-11, Sesamum Indicum (Sesame) Seed Oil, Medicago Sativa (Alfalfa) Seed Powder, Helianthus Annuus (Sunflower) Seedcake, Prunus Amygdalus Dulcis (Sweet Almond) Seed Meal, Eucalyptus Globulus (Eucalyptus) Leaf Oil, Sodium Gluconate, Copper Gluconate, Calcium Gluconate, Magnesium Gluconate, Zinc Gluconate, Tocopheryl Succinate, Niacin, Sesamum Indicum (Sesame) Seed Powder, Water, Citrus Aurantifolia (Lime) Peel Extract, Laminaria Digitata Extract, Crithmum Maritimum Extract, Salicornia Herbacea Extract, Plankton Extract, Chlorella Vulgaris Extract, Glycine Soja (Soybean) Seed Extract, Glycerin, Caffeine, Sea Salt/Maris Sal/Sel Marin, Micrococcus Lysate, Diethylhexyl Succinate, Adenosine Phosphate, Creatine, Hydrolyzed Algin, Isocetyl Stearoyl Stearate, Cetyl Alcohol, Sucrose, Acetyl Hexapeptide-8, Glucose Oxidase, Polyacrylamide, Acetyl Carnitine Hcl, Glucose, Caprylic/Capric Triglyceride, C13-14 Isoparaffin, Tocopheryl Acetate, Tetrahexyldecyl Ascorbate, Sodium Pca, Glycosaminoglycans, Urea, Distearyldimonium Chloride, Dipalmitoyl Hydroxyproline, Sodium Hyaluronate, Laureth-7, Lecithin, Trehalose, Polyquaternium-51, Lactoperoxidase, Hydroxypropyl Cyclodextrin, Cyanocobalamin, Pentylene Glycol, Fragrance, Disodium Edta, Bht, Citronellol, Hydroxycitronellal, Geraniol, Linalool, Limonene, Potassium Sorbate, Phenoxyethanol'
 'Ürün adı: Ultra Repair® Cream Intense Hydration\nMarka: FIRST AID BEAUTY\nKategori: Moisturizer\nFiyat: 30\nPuan: 4.6\nUygun cilt tipleri: Combination, Dry, Normal, Oily, Sensitive\n\nÜrün tanıtımı: Ultra Repair® Cream Intense Hydration, çeşitli cilt tipleri için yoğun nemlendirme sunan bir nemlendiricidir. Cildi yatıştırmaya ve bariyerini desteklemeye yardımcı olabilecek içerikler barındırır.\nİçerik analizi: Formül, yoğun nemlendirme ve yatıştırma sağlayan bileşenler içerir. Seramid, kolloidal yulaf ezmesi ve bitki özleri ile cildi destekler. Stearik Asit, Gliseril Stearat SE, Gliseril Stearat, Setearil Alkol ve Butyrospermum Parkii Butter komedojenik risk taşıyabilir. Eucalyptus Globulus Leaf Oil ve Chrysanthemum Parthenium Extract hassasiyet/iritasyon riski yaratabilir.\n\nIngredients: Water, Stearic Acid, Glycerin, C12-15 Alkyl Benzoate, Caprylic/Capric Triglyceride, Glyceryl Stearate Se, Glyceryl Stearate, Cetearyl Alcohol, Butyrospermum Parkii Butter, Dimethicone, Squalane, Allantoin, Camellia Sinensis Leaf Extract, Caprylyl Glycol, Ceramide 3, Chrysanthemum Parthenium Extract, Colloidal Oatmeal, Disodium EDTA, Eucalyptus Globulus Leaf Oil, Glycyrrhiza Glabra Root Extract, Sodium Hydroxide, Xanthan Gum, Phenoxyethanol.']","Uygun cilt tipleri: Combination, Dry, Normal, Oily, Sensitive.","['65e4d1a65dfb3b0b0c62659612acd35456da133d9a069e9175116f09d8701fce'
 'a39ed2a19f44e024c760ac9ee4e1990ef316651340b02424158d8bc43e6bf64f'
 'af7306dc42136d29b5b522beae4a5d59999f2ab5a28ad43d5d66ac487e514680'
 '8cc86ba1e5d2afe30984613899405cea69f4f96cd1ccc3aae08963328a2c6b39'
 'c830d0cdc847acd4f9b955eea7ddfd2c50148e65e380cf8b050c3103eed5f92a']",['65e4d1a65dfb3b0b0c62659612acd35456da133d9a069e9175116f09d8701fce'],1.0,1.0,0.9083952540547688
"Crème de la Mer ürünün,n fiyatı nedir?",Crème de la Mer'in fiyatı 175'tir.,"['Ürün adı: Crème de la Mer\nMarka: LA MER\nKategori: Moisturizer\nFiyat: 175\nPuan: 4.1\nUygun cilt tipleri: Combination, Dry, Normal, Oily, Sensitive\n\nÜrün tanıtımı: Crème de la Mer, cildi nemlendirmeye yardımcı olan bir nemlendiricidir. Çeşitli cilt tipleri için uygun olabilir ve genel cilt bakımı rutininize eklenebilir.\nİçerik analizi: Ürün, mineral yağlar, petrolatum ve bitkisel özlerle zengin, yoğun nemlendirme odaklı bir formüle sahiptir. Mineral Oil, Petrolatum, Microcrystalline Wax, Paraffin ve Decyl Oleate komedojenik risk taşıyabilir. Lanolin Alcohol, Alcohol Denat., Fragrance, Limonene, Linalool, Citrus Aurantifolia (Lime) Extract ve Eucalyptus Globulus (Eucalyptus) Leaf Oil hassasiyet/iritasyon riski yaratabilir.\n\nIngredients: Algae (Seaweed) Extract, Mineral Oil, Petrolatum, Glycerin, Isohexadecane, Microcrystalline Wax, Lanolin Alcohol, Citrus Aurantifolia (Lime) Extract, Sesamum Indicum (Sesame) Seed Oil, Eucalyptus Globulus (Eucalyptus) Leaf Oil, Sesamum Indicum (Sesame) Seed Powder, Medicago Sativa (Alfalfa) Seed Powder, Helianthus Annuus (Sunflower) Seedcake, Prunus Amygdalus Dulcis (Sweet Almond) Seed Meal, Sodium Gluconate, Copper Gluconate, Calcium Gluconate, Magnesium Gluconate, Zinc Gluconate, Magnesium Sulfate, Paraffin, Tocopheryl Succinate, Niacin, Water, Beta-Carotene, Decyl Oleate, Aluminum Distearate, Octyldodecanol, Citric Acid, Cyanocobalamin, Magnesium Stearate, Panthenol, Limonene, Geraniol, Linalool, Hydroxycitronellal, Citronellol, Benzyl Salicylate, Citral, Sodium Benzoate, Alcohol Denat., Fragrance.'
 'Ürün adı: Crème de la Mer Mini\nMarka: LA MER\nKategori: Moisturizer\nFiyat: 85\nPuan: 4.1\nUygun cilt tipleri: Combination, Dry, Normal, Oily, Sensitive\n\nÜrün tanıtımı: LA MER Crème de la Mer Mini, çeşitli cilt tipleri için tasarlanmış bir nemlendiricidir. Cilde yoğun nem sağlamayı hedefleyebilir.\nİçerik analizi: Formül, yoğun nemlendirme ve cilt bariyerini desteklemeyi amaçlayan oklüzif ve nemlendirici içerikler açısından zengindir. Ayrıca çeşitli bitki özleri, vitaminler ve koku bileşenleri içerir. Lanolin Alcohol, Sesamum Indicum (Sesame) Seed Oil ve Decyl Oleate gibi içerikler komedojenik risk taşıyabilir. Alcohol Denat., Fragrance, Eucalyptus Globulus (Eucalyptus) Leaf Oil ve Limonene gibi bileşenler hassasiyet veya iritasyon riski yaratabilir.\n\nIngredients: Algae (Seaweed) Extract, Mineral Oil, Petrolatum, Glycerin, Isohexadecane, Microcrystalline Wax, Lanolin Alcohol, Citrus Aurantifolia (Lime) Extract, Sesamum Indicum (Sesame) Seed Oil, Eucalyptus Globulus (Eucalyptus) Leaf Oil, Sesamum Indicum (Sesame) Seed Powder, Medicago Sativa (Alfalfa) Seed Powder, Helianthus Annuus (Sunflower) Seedcake, Prunus Amygdalus Dulcis (Sweet Almond) Seed Meal, Sodium Gluconate, Copper Gluconate, Calcium Gluconate, Magnesium Gluconate, Zinc Gluconate, Magnesium Sulfate, Paraffin, Tocopheryl Succinate, Niacin, Water, Beta-Carotene, Decyl Oleate, Aluminum Distearate, Octyldodecanol, Citric Acid, Cyanocobalamin, Magnesium Stearate, Panthenol, Limonene, Geraniol, Linalool, Hydroxycitronellal, Citronellol, Benzyl Salicylate, Citral, Sodium Benzoate, Alcohol Denat., Fragrance.'
 ""Ürün adı: Little Miss Miracle Limited-Edition Crème de la Mer\nMarka: LA MER\nKategori: Moisturizer\nFiyat: 325\nPuan: 5.0\nUygun cilt tipleri: Belirlenemedi\n\nÜrün tanıtımı: Little Miss Miracle Limited-Edition Crème de la Mer, LA MER'in özel bir nemlendiricisidir. Cildi nemlendirmeye ve beslemeye yardımcı olmayı hedefleyen lüks bir üründür.\nİçerik analizi: Formül, yoğun nemlendirme ve bariyer desteği sağlayan oklüzif ve emoliyan içeriklerle zengindir. Mineral Oil, Petrolatum, Microcrystalline Wax, Lanolin Alcohol, Sesamum Indicum (Sesame) Seed Oil, Paraffin, Decyl Oleate, Magnesium Stearate komedojenik risk taşıyabilir. Fragrance, Limonene, Geraniol, Linalool, Hydroxycitronellal, Citronellol, Benzyl Salicylate, Citral, Alcohol Denat., Citrus Aurantifolia (Lime) Extract, Eucalyptus Globulus (Eucalyptus) Leaf Oil hassasiyet/iritasyon riski yaratabilir.\n\nIngredients: Algae (Seaweed) Extract, Mineral Oil, Petrolatum, Glycerin, Isohexadecane, Microcrystalline Wax, Lanolin Alcohol, Citrus Aurantifolia (Lime) Extract, Sesamum Indicum (Sesame) Seed Oil, Eucalyptus Globulus (Eucalyptus) Leaf Oil, Sesamum Indicum (Sesame) Seed Powder, Medicago Sativa (Alfalfa) Seed Powder, Helianthus Annuus (Sunflower) Seedcake, Prunus Amygdalus Dulcis (Sweet Almond) Seed Meal, Sodium Gluconate, Copper Gluconate, Calcium Gluconate, Magnesium Gluconate, Zinc Gluconate, Magnesium Sulfate, Paraffin, Tocopheryl Succinate, Niacin, Water, Beta-Carotene, Decyl Oleate, Aluminum Distearate, Octyldodecanol, Citric Acid, Cyanocobalamin, Magnesium Stearate, Panthenol, Limonene, Geraniol, Linalool, Hydroxycitronellal, Citronellol, Benzyl Salicylate, Citral, Sodium Benzoate, Alcohol Denat., Fragrance.""
 'Ürün adı: The Moisturizing Soft Cream\nMarka: LA MER\nKategori: Moisturizer\nFiyat: 175\nPuan: 3.8\nUygun cilt tipleri: Combination, Dry, Normal, Oily, Sensitive\n\nÜrün tanıtımı: Bu ürün, cildi nemlendirmeye ve yumuşatmaya yardımcı olan zengin içerikli bir nemlendiricidir. Çeşitli cilt tipleri için uygun olabilir.\nİçerik analizi: Ürün, yoğun nemlendirme sağlayan zengin emolyanlar, silikonlar, çeşitli bitkisel özler ve peptitler barındırır. Petrolatum, Shea Butter ve bazı yağ türevleri komedojenik risk taşıyabilir. Parfüm, limon kabuğu ve okaliptüs yağı gibi içerikler hassasiyet veya iritasyon riski yaratabilir.\n\nIngredients: Algae (Seaweed) Extract, Cyclopentasiloxane, Petrolatum, Glyceryl Distearate, Phenyl Trimethicone, Butylene Glycol, Hydrogenated Vegetable Oil, Cholesterol, Butyrospermum Parkii (Shea Butter), Steareth-10, Dimethicone, Glyceryl Stearate Se, Polysilicone-11, Sesamum Indicum (Sesame) Seed Oil, Medicago Sativa (Alfalfa) Seed Powder, Helianthus Annuus (Sunflower) Seedcake, Prunus Amygdalus Dulcis (Sweet Almond) Seed Meal, Eucalyptus Globulus (Eucalyptus) Leaf Oil, Sodium Gluconate, Copper Gluconate, Calcium Gluconate, Magnesium Gluconate, Zinc Gluconate, Tocopheryl Succinate, Niacin, Sesamum Indicum (Sesame) Seed Powder, Water, Citrus Aurantifolia (Lime) Peel Extract, Laminaria Digitata Extract, Crithmum Maritimum Extract, Salicornia Herbacea Extract, Plankton Extract, Chlorella Vulgaris Extract, Glycine Soja (Soybean) Seed Extract, Glycerin, Caffeine, Sea Salt/Maris Sal/Sel Marin, Micrococcus Lysate, Diethylhexyl Succinate, Adenosine Phosphate, Creatine, Hydrolyzed Algin, Isocetyl Stearoyl Stearate, Cetyl Alcohol, Sucrose, Acetyl Hexapeptide-8, Glucose Oxidase, Polyacrylamide, Acetyl Carnitine Hcl, Glucose, Caprylic/Capric Triglyceride, C13-14 Isoparaffin, Tocopheryl Acetate, Tetrahexyldecyl Ascorbate, Sodium Pca, Glycosaminoglycans, Urea, Distearyldimonium Chloride, Dipalmitoyl Hydroxyproline, Sodium Hyaluronate, Laureth-7, Lecithin, Trehalose, Polyquaternium-51, Lactoperoxidase, Hydroxypropyl Cyclodextrin, Cyanocobalamin, Pentylene Glycol, Fragrance, Disodium Edta, Bht, Citronellol, Hydroxycitronellal, Geraniol, Linalool, Limonene, Potassium Sorbate, Phenoxyethanol'
 'Ürün adı: Your Skin But Better™ CC+™ Cream with SPF 50+\nMarka: IT COSMETICS\nKategori: Moisturizer\nFiyat: 38\nPuan: 4.1\nUygun cilt tipleri: Combination, Dry, Normal, Oily, Sensitive\n\nÜrün tanıtımı: Bu ürün, cilde renk eşitleme ve yüksek SPF 50+ güneş koruması sunan, nemlendirici özelliklere sahip bir CC kremidir. Cilt tonunu eşitlemeye ve nemlendirmeye yardımcı olabilir.\nİçerik analizi: Ürün, nemlendirici, SPF ve çeşitli aktif bileşenler içeren zengin bir formüle sahiptir. Salyangoz salgısı filtratı, silikonlar, bitkisel yağlar ve vitaminler içerir. Stearik Asit, Orbignya Oleifera Seed Oil ve Persea Gratissima (Avocado) Oil komedojenik risk taşıyabilir. Narenciye yağları (Citrus Medica Limonum Peel Oil, Citrus Aurantium Bergamia Fruit Oil vb.) ve Eucalyptus Globulus Leaf Oil hassasiyet/iritasyon riski yaratabilir. Chlorhexidine Digluconate de hassasiyet riski taşıyabilir.\n\nIngredients: Water, Snail Secretion Filtrate, Phenyl Trimethicone, Dimethicone, Butylene Glycol, Butylene Glycol Dicaprylate/Dicaprate, Orbignya Oleifera Seed Oil, Butyloctyl Salicylate, Cetyl Peg/Ppg-10/1 Dimethicone, Cyclopentasiloxane, Cyclohexasiloxane, Magnesium Sulfate, Polyglyceryl-4 Isostearate, Dimethicone/Vinyl Dimethicone Crosspolymer, Aluminum Hydroxide, Hexyl Laurate, Stearic Acid, Calcium Stearate, Caprylyl Glycol, Triethoxycaprylylsilane, Ethylhexylglycerin, Citrus Medica Limonum (Lemon) Peel Oil, Tocopheryl Acetate, Sorbitan Isostearate, Phenoxyethanol, Citrus Aurantium Bergamia (Bergamot) Fruit Oil, 1,2-Hexanediol, Disodium Edta, Citrus Aurantium Dulcis (Orange) Peel Oil, Citrus Aurantifolia (Lime) Oil, Vitis Vinifera (Grape) Seed Oil, Punica Granatum Seed Oil, Pinus Sylvestris Leaf Oil, Persea Gratissima (Avocado) Oil, Niacinamide, Citrus Grandis (Grapefruit) Peel Oil, Cholesterol, Anthemis Nobilis Flower Water, Lactobacillus/Honeysuckle Flower/Licorice Root/Morus Alba Root/Pueraria Lobata Root/Schizandra Chinensis Fruit/Scutellaria Baicalensis Root/Sophora Japonica Flower Extract Ferment Filtrate, Perfluorohexane, Olea Europaea (Olive) Leaf Extract, Glycerin, Eucalyptus Globulus Leaf Oil, Camellia Sinensis Leaf Extract, Chrysanthemum Indicum Flower Extract, Pueraria Lobata Root Extract, Perfluorodecalin, Morus Alba Fruit Extract, Magnolia Kobus Bark Extract, Glycine Soja (Soybean) Sprout Extract, Diospyros Kaki Leaf Extract, Cinnamomum Cassia Bark Extract, Artemisia Princeps Leaf Extract, Pentafluoropropane, Curcuma Longa (Turmeric) Root Extract, Steareth-20, Hydrolyzed Hyaluronic Acid, Colloidal Oatmeal, Hydrolyzed Silk, Citric Acid, Sodium Benzoate, Potassium Sorbate, Aloe Barbadensis Leaf Extract, N-Hydroxysuccinimide, Hydrolyzed Collagen, Caprylhydroxamic Acid, Tocopherol, Thiamine Hcl, Riboflavin, Retinyl Palmitate, Pantothenic Acid, Palmitoyl Oligopeptide, Niacin, Folic Acid, Chrysin, Carnitine Hcl, Biotin, Ascorbic Acid, Palmitoyl Tetrapeptide-7, Chlorhexidine Digluconate. May Contain: Iron Oxides (Ci 77492, Ci 77491, Ci 77499).']",Fiyat: 175.,"['65e4d1a65dfb3b0b0c62659612acd35456da133d9a069e9175116f09d8701fce'
 'a39ed2a19f44e024c760ac9ee4e1990ef316651340b02424158d8bc43e6bf64f'
 'af7306dc42136d29b5b522beae4a5d59999f2ab5a28ad43d5d66ac487e514680'
 '8cc86ba1e5d2afe30984613899405cea69f4f96cd1ccc3aae08963328a2c6b39'
 '02415a33943b2cc65c009174fd5b3f5a0cffb6f23d553fd8266e9b7f26f16cc0']",['65e4d1a65dfb3b0b0c62659612acd35456da133d9a069e9175116f09d8701fce'],1.0,1.0,0.9014375579282824
FARMACY markasının Honeymoon Glow AHA Resurfacing Night Serum with Echinacea GreenEnvy™ ürününün puanı kaç?,FARMACY markasının Honeymoon Glow AHA Resurfacing Night Serum with Echinacea GreenEnvy™ ürününün puanı 4.6'dır.,"[""Ürün adı: Honeymoon Glow AHA Resurfacing Night Serum with Echinacea GreenEnvy™\nMarka: FARMACY\nKategori: Moisturizer\nFiyat: 58\nPuan: 4.6\nUygun cilt tipleri: Combination, Dry, Normal, Oily, Sensitive\n\nÜrün tanıtımı: Bu gece serumu, AHA'lar ve ekinezya içeren formülüyle cildin yenilenmesine ve daha ışıltılı bir görünüm kazanmasına yardımcı olabilir. Çeşitli cilt tipleri için uygun olduğu belirtilmiştir.\nİçerik analizi: Bu formül, Laktik ve Glikolik Asit gibi AHA'lar ile cildi yenilemeyi hedeflerken, çeşitli bitkisel yağlar ve hyaluronik asit türevleri ile nemlendirme ve yatıştırma sağlamayı amaçlar. Arı ürünleri ve zengin bitki özleri de içerir. Jojoba Esters ve Cetearyl Alcohol gibi bazı içerikler, bazı cilt tiplerinde komedojenik risk taşıyabilir. Laktik Asit, Glikolik Asit, Sitrik Asit, Salix Alba (Willow) Bark Extract, Citrus Limon (Lemon) Fruit Extract, Zingiber Officinale (Ginger) Root Extract ve Citral gibi içerikler hassasiyet veya iritasyon riski yaratabilir.\n\nIngredients: Water, Lactic Acid, Propanediol, Jojoba Esters, Glycolic Acid, Potassium Hydroxide, Salix Alba (Willow) Bark Extract, Carthamus Tinctorius (Safflower) Oleosomes, Vitis Vinifera (Grape) Seed Oil, Hibiscus Sabdariffa Flower Extract, Citric Acid, Honey Extract, Echinacea Purpurea Root Extract, Propolis Extract, Royal Jelly Extract, Hydrolyzed Sodium Hyaluronate, Hydrolyzed Hyaluronic Acid, Curcuma Longa (Turmeric) Root Extract, Argania Spinosa Kernel Oil, Zingiber Officinale (Ginger) Root Extract, Amaranthus Caudatus Seed Oil, Limnanthes Alba (Meadowfoam) Seed Oil, Vaccinium Myrtillus Fruit/Leaf Extract, Saccharum Officinarum (Sugarcane) Extract, Citrus Aurantium Dulcis (Orange) Fruit Extract, Citrus Limon (Lemon) Fruit Extract, Acer Saccharum (Sugar Maple) Extract, Melia Azadirachta Leaf Extract, Helianthus Annuus (Sunflower) Seed Oil, Melia Azadirachta Flower Extract, Salvia Hispanica Seed Oil, Cetearyl Alcohol, Glycerin, Arachidyl Alcohol, Sclerotium Gum, Coco-Glucoside, Polyacrylate Crosspolymer-6, Behenyl Alcohol, Arachidyl Glucoside, Sodium Benzoate, Tocopherol, Potassium Sorbate, Corallina Officinalis Extract, Polyglyceryl-10 Stearate, Gluconolactone, 1,2-Hexanediol, Ocimum Basilicum (Basil) Flower/Leaf Extract, Ocimum Sanctum Leaf Extract, T-Butyl Alcohol, Glucose, Calcium Gluconate, Citral.""
 'Ürün adı: Your Skin But Better™ CC+™ Cream with SPF 50+\nMarka: IT COSMETICS\nKategori: Moisturizer\nFiyat: 38\nPuan: 4.1\nUygun cilt tipleri: Combination, Dry, Normal, Oily, Sensitive\n\nÜrün tanıtımı: Bu ürün, cilde renk eşitleme ve yüksek SPF 50+ güneş koruması sunan, nemlendirici özelliklere sahip bir CC kremidir. Cilt tonunu eşitlemeye ve nemlendirmeye yardımcı olabilir.\nİçerik analizi: Ürün, nemlendirici, SPF ve çeşitli aktif bileşenler içeren zengin bir formüle sahiptir. Salyangoz salgısı filtratı, silikonlar, bitkisel yağlar ve vitaminler içerir. Stearik Asit, Orbignya Oleifera Seed Oil ve Persea Gratissima (Avocado) Oil komedojenik risk taşıyabilir. Narenciye yağları (Citrus Medica Limonum Peel Oil, Citrus Aurantium Bergamia Fruit Oil vb.) ve Eucalyptus Globulus Leaf Oil hassasiyet/iritasyon riski yaratabilir. Chlorhexidine Digluconate de hassasiyet riski taşıyabilir.\n\nIngredients: Water, Snail Secretion Filtrate, Phenyl Trimethicone, Dimethicone, Butylene Glycol, Butylene Glycol Dicaprylate/Dicaprate, Orbignya Oleifera Seed Oil, Butyloctyl Salicylate, Cetyl Peg/Ppg-10/1 Dimethicone, Cyclopentasiloxane, Cyclohexasiloxane, Magnesium Sulfate, Polyglyceryl-4 Isostearate, Dimethicone/Vinyl Dimethicone Crosspolymer, Aluminum Hydroxide, Hexyl Laurate, Stearic Acid, Calcium Stearate, Caprylyl Glycol, Triethoxycaprylylsilane, Ethylhexylglycerin, Citrus Medica Limonum (Lemon) Peel Oil, Tocopheryl Acetate, Sorbitan Isostearate, Phenoxyethanol, Citrus Aurantium Bergamia (Bergamot) Fruit Oil, 1,2-Hexanediol, Disodium Edta, Citrus Aurantium Dulcis (Orange) Peel Oil, Citrus Aurantifolia (Lime) Oil, Vitis Vinifera (Grape) Seed Oil, Punica Granatum Seed Oil, Pinus Sylvestris Leaf Oil, Persea Gratissima (Avocado) Oil, Niacinamide, Citrus Grandis (Grapefruit) Peel Oil, Cholesterol, Anthemis Nobilis Flower Water, Lactobacillus/Honeysuckle Flower/Licorice Root/Morus Alba Root/Pueraria Lobata Root/Schizandra Chinensis Fruit/Scutellaria Baicalensis Root/Sophora Japonica Flower Extract Ferment Filtrate, Perfluorohexane, Olea Europaea (Olive) Leaf Extract, Glycerin, Eucalyptus Globulus Leaf Oil, Camellia Sinensis Leaf Extract, Chrysanthemum Indicum Flower Extract, Pueraria Lobata Root Extract, Perfluorodecalin, Morus Alba Fruit Extract, Magnolia Kobus Bark Extract, Glycine Soja (Soybean) Sprout Extract, Diospyros Kaki Leaf Extract, Cinnamomum Cassia Bark Extract, Artemisia Princeps Leaf Extract, Pentafluoropropane, Curcuma Longa (Turmeric) Root Extract, Steareth-20, Hydrolyzed Hyaluronic Acid, Colloidal Oatmeal, Hydrolyzed Silk, Citric Acid, Sodium Benzoate, Potassium Sorbate, Aloe Barbadensis Leaf Extract, N-Hydroxysuccinimide, Hydrolyzed Collagen, Caprylhydroxamic Acid, Tocopherol, Thiamine Hcl, Riboflavin, Retinyl Palmitate, Pantothenic Acid, Palmitoyl Oligopeptide, Niacin, Folic Acid, Chrysin, Carnitine Hcl, Biotin, Ascorbic Acid, Palmitoyl Tetrapeptide-7, Chlorhexidine Digluconate. May Contain: Iron Oxides (Ci 77492, Ci 77491, Ci 77499).'
 ""Ürün adı: The Littles™\nMarka: DRUNK ELEPHANT\nKategori: Moisturizer\nFiyat: 90\nPuan: 4.4\nUygun cilt tipleri: Combination, Dry, Normal, Oily\n\nÜrün tanıtımı: The Littles™, Drunk Elephant'ın çeşitli cilt tiplerine uygun, kapsamlı bir cilt bakım rutini sunan mini ürün setidir. Temizleyiciden güneş koruyucuya kadar birçok temel ürünü içerir.\nİçerik analizi: Ürün seti, nemlendirici, antioksidan, eksfoliyan ve güneş koruyucu gibi farklı cilt ihtiyaçlarına yönelik zengin formüller sunar. Marula yağı ve çeşitli bitki özleri sıkça kullanılmıştır. Isopropyl Isostearate ve Sclerocarya Birrea Seed Oil bazı cilt tiplerinde komedojenik risk taşıyabilir. Ascorbic Acid, Glycolic Acid, Salicylic Acid, Lactic Acid, Citric Acid gibi aktifler ve Phenoxyethanol, Chlorphenesin hassasiyet/iritasyon riski yaratabilir. Niacinamide bazı kişilerde kızarıklığa neden olabilir.\n\nIngredients: Beste™ No.9 Jelly Cleanser: Water, Sodium Lauroyl Methyl Isethionate, Glycerin, Cocamidopropyl Betaine, Cocamidopropyl Hydroxysultaine, Sodium Methyl Oleoyl Taurate, Propanediol, Aloe Barbadensis Leaf Extract, Coco-Glucoside, Lauryl Glucoside, Cucumis Melo Cantalupensis Fruit Extract, Sclerocarya Birrea Seed Oil, Dipotassium Glycyrrhizate, Citric Acid, Phenoxyethanol, Sodium Benzoate, Sodium Chloride. C-Firma™ Day Serum: Water, Ethoxydiglycol, Ascorbic Acid, Glycerin, Laureth-23, Lactobacillus/Pumpkin Ferment Extract, Sclerocarya Birrea Seed Oil, Ferulic Acid, Sodium Hyaluronate, Chondrus Crispus Extract, Camellia Sinensis Leaf Extract, Lactobacillus/Punica Granatum Fruit Ferment Extract, Glycyrrhiza Glabra (Licorice) Root Extract, Vitis Vinifera (Grape) Juice Extract, Phyllanthus Emblica Fruit Extract, Hydrolyzed Wheat Protein, Tocopherol, Caprylhydroxamic Acid, Acetyl Glucosamine, Hydrolyzed Quinoa, Glutamylamidoethyl Imidazole, Dipotassium Glycyrrhizate, Tetrahydrodiferuloylmethane, Tetrahydrodemethoxydiferuloylmethane, Tetrahydrobisdemethoxydiferuloylmethane, Sodium Hyaluronate Crosspolymer, Glycine, Sucrose, Maltodextrin, Propanediol, Caprylyl Glycol, Sodium Hydroxide, Xanthan gum, Hydroxyethyl Acrylate/Sodium Acryloyldimethyl Taurate Copolymer, Isohexadecane, Polysorbate 60. B-Hydra™ Intensive Hydration Serum: Water,Coconut Alkanes, Ammonium Acryloyldimethyltaurate/VP Copolymer, Glycerin, Pentylene Glycol, Sclerocarya Birrea Seed Oil, Wheat Amino Acids, Ananas Sativus (Pineapple) Fruit Extract, Berberis Vulgaris Root Extract, Citrullus Lanatus (Watermelon) Fruit Extract, Lens Esculenta (Lentil) Fruit Extract, Pyrus Malus (Apple) Fruit Extract, Coco-Caprylate/Caprate, Panthenol, Sodium PCA, Sodium Hyaluronate Crosspolymer, Dipotassium Glycyrrhizate, Niacinamide, Cyclodextrin, Sodium Hyaluronate, Sodium Lactate, Phenoxyethanol, Hydroxyproline, Trisodium Ethylenediamine Disuccinate, Citric Acid, Caprylyl Glycol, Chlorphenesin, Ethylhexylglycerin. T.L.C. Framboos™ Glycolic Night Serum: Water, Glycolic Acid, Butylene Glycol, Glycerin, Sodium Hydroxide, Salicylic Acid, Lactic Acid, Citric Acid, Vitis Vinifera (Grape) Juice Extract, Aloe Barbadensis Leaf Juice, Opuntia Ficus-Indica Extract, Aesculus Hippocastanum (Horse Chestnut) Seed Extract, Camellia Sinensis Leaf Extract, Rubus Idaeus (Raspberry) Fruit Extract, Saccharomyces Cerevisiae Extract, Buddleja Davidii Meristem Cell Culture, Sclerocarya Birrea Seed Oil, Sodium Hyaluronate Crosspolymer, Allantoin, Hydroxyethylcellulose, Galactoarabinan, Propanediol, Disodium EDTA, Xanthan Gum, Hexylene Glycol, Phenoxyethanol, Caprylyl Glycol, Ethylhexylglycerin, Sodium Nitrate, Potassium Sorbate, Pentylene Glycol, Sodium Benzoate. Virgin Marula Luxury Facial Oil: Sclerocarya Birrea Seed OilLala Retro™Whipped CreamWater,Glycerin, Caprylic/ Capric Triglyceride, Isopropyl Isostearate, Pseudozyma Epicola/Camellia Sinensis Seed Oil/Glucose/Glycine Soja Meal/Malt Extract/Yeast Extract Ferment Filtrate (Pseudozyma Epicola/Camellia Sinensis Seed Oil/Glucose/Yeast Extract Ferment Filtrate), Stearic Acid, Glyceryl Stearate SE, Cetearyl Alcohol, Pentylene Glycol, Plantago Lanceolata Leaf Extract, Adansonia Digitata Seed Oil, Citrullus Lanatus (Watermelon) Seed Oil, Passiflora Edulis Seed Oil, Schinziophyton Rautanenii Kernel Oil, Sclerocarya Birrea Seed Oil, Polyglyceryl-6 Ximenia Americana Seedate, Sodium Hyaluronate Crosspolymer, Ceteareth-20, Trisodium Ethylenediamine Disuccinate, Sodium Hydroxide, Citric Acid, Carbomer, Xanthan Gum, Caprylyl Glycol, Chlorphenesin, Phenoxyethanol, Ethylhexylglycerin. Umbra™ Sheer Physical Daily Defense SPF 30: Zinc Oxide 20%, Water, Caprylic/Capric Triglyceride, Dicaprylyl Carbonate, Glycerin,Pentylene Glycol, Steareth-2, Propanediol, Steareth-21, Polyhydroxystearic Acid, Cetearyl Alcohol, Silica, Sclerocarya Birrea Seed Oil, Aloe Barbadensis Leaf Extract, Chondrus Crispus Extract, Haematococcus Pluvialis Extract, Helianthus Annuus (Sunflower) Sprout Extract, Vitis Vinifera (Grape) Juice Extract, Helianthus Annuus (Sunflower) Seed Oil, Simmondsia Chinensis (Jojoba) Seed Oil, Raspberry Seed Oil/Tocopheryl Succinate Aminopropanediol Esters, Hydrolyzed Wheat Protein,Tocopheryl Acetate, Tocopherol, Sea Water, Acetyl Glucosamine, Cetearyl Glucoside, Sodium Stearoyl Glutamate, Tetrahexyldecyl Ascorbate, Glycine, Sucrose, Lecithin, Triethoxycaprylylsilane, Xanthan Gum, Trisodium Ethylenediamine Disuccinate, Caprylhydroxamic Acid, Mica, Caprylyl Glycol, Phenoxyethanol, Titanium Dioxide (CI 77891), Iron Oxides (CI 77491). Shaba Complex™ Eye Serum: Water, Octyldodecanol, Glycerin, Boron Nitride, Saccharomyces/Xylinum/Black Tea Ferment, Coconut Alkanes, Cetyl Alcohol, Cetearyl Olivate, Sorbitan Olivate, Niacinamide, Copper Tripeptide-1, Leontopodium Alpinum Meristem Cell Culture, Dipeptide-2, Palmitoyl Tripeptide-1, Palmitoyl Tetrapeptide-7, Copper Lysinate/Prolinate, Hesperidin Methyl Chalcone, Chondrus Crispus (Carrageenan), Mangifera Indica (Mango) Seed Butter, Glycine Soja (Soybean) Oil, Hippophae Rhamnoides Oil, Sclerocarya Birrea Seed Oil, Sodium Hyaluronate Crosspolymer, Hydroxyethylcellulose, Coco-Caprylate/Caprate, Steareth-20, Lecithin, Panthenol, N-Hydroxysuccinimide, Ubiquinone, Citric Acid, Thioctic Acid, Tocopherol, Chrysin, Sclerotium Gum, Methylglucoside Phosphate, Xanthan Gum, Potassium Sorbate, Sodium Benzoate, Chlorphenesin, Caprylyl Glycol, Sodium Hydroxide, Phenoxyethanol, Pentylene Glycol, Ethylhexylglycerin.""
 'Ürün adı: Luna Sleeping Night Oil\nMarka: SUNDAY RILEY\nKategori: Moisturizer\nFiyat: 105\nPuan: 4.1\nUygun cilt tipleri: Combination, Dry, Normal, Oily, Sensitive\n\nÜrün tanıtımı: Luna Sleeping Night Oil, çeşitli cilt tipleri için uygun, gece kullanımı için tasarlanmış bir nemlendirici yağdır. Cildinize gece boyunca bakım yapmayı hedefler.\nİçerik analizi: Bu ürün, çeşitli bitkisel yağlar ve esansiyel yağlar içeren zengin bir formüle sahiptir. İçeriğinde cilt yenilenmesine yardımcı olabilecek bir retinoid (Hydroxypinacolone Retinoate) bulunmaktadır. Persea Gratissima (Avocado) Oil, bazı cilt tiplerinde komedojenik risk taşıyabilir. Hydroxypinacolone Retinoate ve çok sayıda esansiyel yağ (örneğin Citrus Aurantium Amara (Neroli) Oil, Cananga Odorata Flower (Ylang Ylang) Oil) hassasiyet veya iritasyon riski yaratabilir.\n\nIngredients: Persea Gratissima (Extra Virgin, Cold Pressed Avocado) Oil, Vitis Vinifera (Organic, Cold Pressed Concord Grape) Seed Oil, Rubus Fruticosus (Cold Pressed Blackberry) Seed Oil, Salvia Hispanica (Cold Pressed Chia) Oil, Dimethyl Isosorbide (and) Hydroxypinacolone Retinoate, Chamomilla Recutita (Matricaria) Flower Oil, Tanecetum annuum (Blue Tansy) oil, Anthemis nobilis (English Chamomile) oil, Eriocephalus punctulatus (Cape Chamomile) oil, Citrus Aurantium Amara (Neroli) Oil, Citrus Aurantium Dulcis (Blood Orange) oil, Cananga Odorata Flower (Ylang Ylang) Oil, Vetivera zizanoides (Vetiver) oil, Helianthus Annuus (Sunflower) Seed Oil (and) Rosmarinus officinalis (Rosemary) Leaf Extract, CI 61565 (Green 6), CI 60725 (Violet 2).'
 'Ürün adı: Lotus Youth Preserve Moisturizer\nMarka: FRESH\nKategori: Moisturizer\nFiyat: 45\nPuan: 4.3\nUygun cilt tipleri: Belirlenemedi\n\nÜrün tanıtımı: Bu nemlendirici, cildi nemlendirmeye ve beslemeye yardımcı olan çeşitli bitki özleri ve nemlendiriciler içerir. Cildin daha genç bir görünüm kazanmasına destek olabilir.\nİçerik analizi: Bu formül, nemlendirme ve antioksidan destek sağlamayı hedefleyen çeşitli nemlendiriciler, yumuşatıcılar ve bitki özleri içerir. Cilde nem çekmeye ve nemi korumaya yardımcı bileşenler barındırır. Cetearyl Alcohol, Cetyl Alcohol, Stearyl Alcohol gibi bazı yağ alkolleri komedojenik risk taşıyabilir. Citrus Limon (Lemon) Peel Oil, Limonene, Citral gibi koku bileşenleri hassasiyet/iritasyon riski yaratabilir.\n\nIngredients: Water, Glycerin, Propylene Glycol Dicaprylate/Dicaprate, Pentylene Glycol, Cetearyl Alcohol, Caprylic/Capric Triglyceride, Cetearyl Isononanoate, Betaine, Polymethyl Methacrylate, Steareth-21, Ficus Carica (Fig) Fruit Extract, Lepidium Meyenii Root Extract, Citrus Limon (Lemon) Peel Oil, Cucumis Sativus (Cucumber) Fruit Extract, Algae Extract, Nelumbo Nucifera Flower Extract, Hibiscus Esculentus Fruit Extract, Sodium Hyaluronate, Tocopheryl Acetate, Ascorbyl Tetraisopalmitate, Tocopherol, Behenyl Alcohol, Cetearyl Glucoside, Sorbitol, Dimethicone, Sodium PCA, Caprylyl Glycol, Carbomer, Tromethamine, Cetyl Alcohol, Stearyl Alcohol, Butylene Glycol, Xanthan Gum, Caramel, Citric Acid, Potassium Sorbate, Sorbic Acid, Phenoxyethanol, Limonene, Citral.']",Puan: 4.6.,"['20ce764b52496eeafeb50b1be4dcf0e77464a0795fe242ffa2f1d5b06723aa92'
 '02415a33943b2cc65c009174fd5b3f5a0cffb6f23d553fd8266e9b7f26f16cc0'
 '652c6936b3b76a58c19c0a0c639d562ab0f579dd4c9dc9f29bdd1ab7af879191'
 '4f73da63ed2c4e8fca5cddd9ef5a2393bc90f39df6a297eddc84c94e95a8ed3e'
 '544c5b4f7ef25fb4f074afdfc342bfe9888aebed2373198a20e12bf041bdf646']",['20ce764b52496eeafeb50b1be4dcf0e77464a0795fe242ffa2f1d5b06723aa92'],1.0,1.0,0.9040763131701901
Honeymoon Glow AHA Resurfacing Night Serum with Echinacea GreenEnvy™ ürünü hangi cilt tipleri için uygundur?,"Honeymoon Glow AHA Resurfacing Night Serum with Echinacea GreenEnvy™ ürünü Combination, Dry, Normal, Oily, Sensitive cilt tipleri için uygundur.","[""Ürün adı: Honeymoon Glow AHA Resurfacing Night Serum with Echinacea GreenEnvy™\nMarka: FARMACY\nKategori: Moisturizer\nFiyat: 58\nPuan: 4.6\nUygun cilt tipleri: Combination, Dry, Normal, Oily, Sensitive\n\nÜrün tanıtımı: Bu gece serumu, AHA'lar ve ekinezya içeren formülüyle cildin yenilenmesine ve daha ışıltılı bir görünüm kazanmasına yardımcı olabilir. Çeşitli cilt tipleri için uygun olduğu belirtilmiştir.\nİçerik analizi: Bu formül, Laktik ve Glikolik Asit gibi AHA'lar ile cildi yenilemeyi hedeflerken, çeşitli bitkisel yağlar ve hyaluronik asit türevleri ile nemlendirme ve yatıştırma sağlamayı amaçlar. Arı ürünleri ve zengin bitki özleri de içerir. Jojoba Esters ve Cetearyl Alcohol gibi bazı içerikler, bazı cilt tiplerinde komedojenik risk taşıyabilir. Laktik Asit, Glikolik Asit, Sitrik Asit, Salix Alba (Willow) Bark Extract, Citrus Limon (Lemon) Fruit Extract, Zingiber Officinale (Ginger) Root Extract ve Citral gibi içerikler hassasiyet veya iritasyon riski yaratabilir.\n\nIngredients: Water, Lactic Acid, Propanediol, Jojoba Esters, Glycolic Acid, Potassium Hydroxide, Salix Alba (Willow) Bark Extract, Carthamus Tinctorius (Safflower) Oleosomes, Vitis Vinifera (Grape) Seed Oil, Hibiscus Sabdariffa Flower Extract, Citric Acid, Honey Extract, Echinacea Purpurea Root Extract, Propolis Extract, Royal Jelly Extract, Hydrolyzed Sodium Hyaluronate, Hydrolyzed Hyaluronic Acid, Curcuma Longa (Turmeric) Root Extract, Argania Spinosa Kernel Oil, Zingiber Officinale (Ginger) Root Extract, Amaranthus Caudatus Seed Oil, Limnanthes Alba (Meadowfoam) Seed Oil, Vaccinium Myrtillus Fruit/Leaf Extract, Saccharum Officinarum (Sugarcane) Extract, Citrus Aurantium Dulcis (Orange) Fruit Extract, Citrus Limon (Lemon) Fruit Extract, Acer Saccharum (Sugar Maple) Extract, Melia Azadirachta Leaf Extract, Helianthus Annuus (Sunflower) Seed Oil, Melia Azadirachta Flower Extract, Salvia Hispanica Seed Oil, Cetearyl Alcohol, Glycerin, Arachidyl Alcohol, Sclerotium Gum, Coco-Glucoside, Polyacrylate Crosspolymer-6, Behenyl Alcohol, Arachidyl Glucoside, Sodium Benzoate, Tocopherol, Potassium Sorbate, Corallina Officinalis Extract, Polyglyceryl-10 Stearate, Gluconolactone, 1,2-Hexanediol, Ocimum Basilicum (Basil) Flower/Leaf Extract, Ocimum Sanctum Leaf Extract, T-Butyl Alcohol, Glucose, Calcium Gluconate, Citral.""
 'Ürün adı: Luna Sleeping Night Oil\nMarka: SUNDAY RILEY\nKategori: Moisturizer\nFiyat: 105\nPuan: 4.1\nUygun cilt tipleri: Combination, Dry, Normal, Oily, Sensitive\n\nÜrün tanıtımı: Luna Sleeping Night Oil, çeşitli cilt tipleri için uygun, gece kullanımı için tasarlanmış bir nemlendirici yağdır. Cildinize gece boyunca bakım yapmayı hedefler.\nİçerik analizi: Bu ürün, çeşitli bitkisel yağlar ve esansiyel yağlar içeren zengin bir formüle sahiptir. İçeriğinde cilt yenilenmesine yardımcı olabilecek bir retinoid (Hydroxypinacolone Retinoate) bulunmaktadır. Persea Gratissima (Avocado) Oil, bazı cilt tiplerinde komedojenik risk taşıyabilir. Hydroxypinacolone Retinoate ve çok sayıda esansiyel yağ (örneğin Citrus Aurantium Amara (Neroli) Oil, Cananga Odorata Flower (Ylang Ylang) Oil) hassasiyet veya iritasyon riski yaratabilir.\n\nIngredients: Persea Gratissima (Extra Virgin, Cold Pressed Avocado) Oil, Vitis Vinifera (Organic, Cold Pressed Concord Grape) Seed Oil, Rubus Fruticosus (Cold Pressed Blackberry) Seed Oil, Salvia Hispanica (Cold Pressed Chia) Oil, Dimethyl Isosorbide (and) Hydroxypinacolone Retinoate, Chamomilla Recutita (Matricaria) Flower Oil, Tanecetum annuum (Blue Tansy) oil, Anthemis nobilis (English Chamomile) oil, Eriocephalus punctulatus (Cape Chamomile) oil, Citrus Aurantium Amara (Neroli) Oil, Citrus Aurantium Dulcis (Blood Orange) oil, Cananga Odorata Flower (Ylang Ylang) Oil, Vetivera zizanoides (Vetiver) oil, Helianthus Annuus (Sunflower) Seed Oil (and) Rosmarinus officinalis (Rosemary) Leaf Extract, CI 61565 (Green 6), CI 60725 (Violet 2).'
 'Ürün adı: Your Skin But Better™ CC+™ Cream with SPF 50+\nMarka: IT COSMETICS\nKategori: Moisturizer\nFiyat: 38\nPuan: 4.1\nUygun cilt tipleri: Combination, Dry, Normal, Oily, Sensitive\n\nÜrün tanıtımı: Bu ürün, cilde renk eşitleme ve yüksek SPF 50+ güneş koruması sunan, nemlendirici özelliklere sahip bir CC kremidir. Cilt tonunu eşitlemeye ve nemlendirmeye yardımcı olabilir.\nİçerik analizi: Ürün, nemlendirici, SPF ve çeşitli aktif bileşenler içeren zengin bir formüle sahiptir. Salyangoz salgısı filtratı, silikonlar, bitkisel yağlar ve vitaminler içerir. Stearik Asit, Orbignya Oleifera Seed Oil ve Persea Gratissima (Avocado) Oil komedojenik risk taşıyabilir. Narenciye yağları (Citrus Medica Limonum Peel Oil, Citrus Aurantium Bergamia Fruit Oil vb.) ve Eucalyptus Globulus Leaf Oil hassasiyet/iritasyon riski yaratabilir. Chlorhexidine Digluconate de hassasiyet riski taşıyabilir.\n\nIngredients: Water, Snail Secretion Filtrate, Phenyl Trimethicone, Dimethicone, Butylene Glycol, Butylene Glycol Dicaprylate/Dicaprate, Orbignya Oleifera Seed Oil, Butyloctyl Salicylate, Cetyl Peg/Ppg-10/1 Dimethicone, Cyclopentasiloxane, Cyclohexasiloxane, Magnesium Sulfate, Polyglyceryl-4 Isostearate, Dimethicone/Vinyl Dimethicone Crosspolymer, Aluminum Hydroxide, Hexyl Laurate, Stearic Acid, Calcium Stearate, Caprylyl Glycol, Triethoxycaprylylsilane, Ethylhexylglycerin, Citrus Medica Limonum (Lemon) Peel Oil, Tocopheryl Acetate, Sorbitan Isostearate, Phenoxyethanol, Citrus Aurantium Bergamia (Bergamot) Fruit Oil, 1,2-Hexanediol, Disodium Edta, Citrus Aurantium Dulcis (Orange) Peel Oil, Citrus Aurantifolia (Lime) Oil, Vitis Vinifera (Grape) Seed Oil, Punica Granatum Seed Oil, Pinus Sylvestris Leaf Oil, Persea Gratissima (Avocado) Oil, Niacinamide, Citrus Grandis (Grapefruit) Peel Oil, Cholesterol, Anthemis Nobilis Flower Water, Lactobacillus/Honeysuckle Flower/Licorice Root/Morus Alba Root/Pueraria Lobata Root/Schizandra Chinensis Fruit/Scutellaria Baicalensis Root/Sophora Japonica Flower Extract Ferment Filtrate, Perfluorohexane, Olea Europaea (Olive) Leaf Extract, Glycerin, Eucalyptus Globulus Leaf Oil, Camellia Sinensis Leaf Extract, Chrysanthemum Indicum Flower Extract, Pueraria Lobata Root Extract, Perfluorodecalin, Morus Alba Fruit Extract, Magnolia Kobus Bark Extract, Glycine Soja (Soybean) Sprout Extract, Diospyros Kaki Leaf Extract, Cinnamomum Cassia Bark Extract, Artemisia Princeps Leaf Extract, Pentafluoropropane, Curcuma Longa (Turmeric) Root Extract, Steareth-20, Hydrolyzed Hyaluronic Acid, Colloidal Oatmeal, Hydrolyzed Silk, Citric Acid, Sodium Benzoate, Potassium Sorbate, Aloe Barbadensis Leaf Extract, N-Hydroxysuccinimide, Hydrolyzed Collagen, Caprylhydroxamic Acid, Tocopherol, Thiamine Hcl, Riboflavin, Retinyl Palmitate, Pantothenic Acid, Palmitoyl Oligopeptide, Niacin, Folic Acid, Chrysin, Carnitine Hcl, Biotin, Ascorbic Acid, Palmitoyl Tetrapeptide-7, Chlorhexidine Digluconate. May Contain: Iron Oxides (Ci 77492, Ci 77491, Ci 77499).'
 ""Ürün adı: The Littles™\nMarka: DRUNK ELEPHANT\nKategori: Moisturizer\nFiyat: 90\nPuan: 4.4\nUygun cilt tipleri: Combination, Dry, Normal, Oily\n\nÜrün tanıtımı: The Littles™, Drunk Elephant'ın çeşitli cilt tiplerine uygun, kapsamlı bir cilt bakım rutini sunan mini ürün setidir. Temizleyiciden güneş koruyucuya kadar birçok temel ürünü içerir.\nİçerik analizi: Ürün seti, nemlendirici, antioksidan, eksfoliyan ve güneş koruyucu gibi farklı cilt ihtiyaçlarına yönelik zengin formüller sunar. Marula yağı ve çeşitli bitki özleri sıkça kullanılmıştır. Isopropyl Isostearate ve Sclerocarya Birrea Seed Oil bazı cilt tiplerinde komedojenik risk taşıyabilir. Ascorbic Acid, Glycolic Acid, Salicylic Acid, Lactic Acid, Citric Acid gibi aktifler ve Phenoxyethanol, Chlorphenesin hassasiyet/iritasyon riski yaratabilir. Niacinamide bazı kişilerde kızarıklığa neden olabilir.\n\nIngredients: Beste™ No.9 Jelly Cleanser: Water, Sodium Lauroyl Methyl Isethionate, Glycerin, Cocamidopropyl Betaine, Cocamidopropyl Hydroxysultaine, Sodium Methyl Oleoyl Taurate, Propanediol, Aloe Barbadensis Leaf Extract, Coco-Glucoside, Lauryl Glucoside, Cucumis Melo Cantalupensis Fruit Extract, Sclerocarya Birrea Seed Oil, Dipotassium Glycyrrhizate, Citric Acid, Phenoxyethanol, Sodium Benzoate, Sodium Chloride. C-Firma™ Day Serum: Water, Ethoxydiglycol, Ascorbic Acid, Glycerin, Laureth-23, Lactobacillus/Pumpkin Ferment Extract, Sclerocarya Birrea Seed Oil, Ferulic Acid, Sodium Hyaluronate, Chondrus Crispus Extract, Camellia Sinensis Leaf Extract, Lactobacillus/Punica Granatum Fruit Ferment Extract, Glycyrrhiza Glabra (Licorice) Root Extract, Vitis Vinifera (Grape) Juice Extract, Phyllanthus Emblica Fruit Extract, Hydrolyzed Wheat Protein, Tocopherol, Caprylhydroxamic Acid, Acetyl Glucosamine, Hydrolyzed Quinoa, Glutamylamidoethyl Imidazole, Dipotassium Glycyrrhizate, Tetrahydrodiferuloylmethane, Tetrahydrodemethoxydiferuloylmethane, Tetrahydrobisdemethoxydiferuloylmethane, Sodium Hyaluronate Crosspolymer, Glycine, Sucrose, Maltodextrin, Propanediol, Caprylyl Glycol, Sodium Hydroxide, Xanthan gum, Hydroxyethyl Acrylate/Sodium Acryloyldimethyl Taurate Copolymer, Isohexadecane, Polysorbate 60. B-Hydra™ Intensive Hydration Serum: Water,Coconut Alkanes, Ammonium Acryloyldimethyltaurate/VP Copolymer, Glycerin, Pentylene Glycol, Sclerocarya Birrea Seed Oil, Wheat Amino Acids, Ananas Sativus (Pineapple) Fruit Extract, Berberis Vulgaris Root Extract, Citrullus Lanatus (Watermelon) Fruit Extract, Lens Esculenta (Lentil) Fruit Extract, Pyrus Malus (Apple) Fruit Extract, Coco-Caprylate/Caprate, Panthenol, Sodium PCA, Sodium Hyaluronate Crosspolymer, Dipotassium Glycyrrhizate, Niacinamide, Cyclodextrin, Sodium Hyaluronate, Sodium Lactate, Phenoxyethanol, Hydroxyproline, Trisodium Ethylenediamine Disuccinate, Citric Acid, Caprylyl Glycol, Chlorphenesin, Ethylhexylglycerin. T.L.C. Framboos™ Glycolic Night Serum: Water, Glycolic Acid, Butylene Glycol, Glycerin, Sodium Hydroxide, Salicylic Acid, Lactic Acid, Citric Acid, Vitis Vinifera (Grape) Juice Extract, Aloe Barbadensis Leaf Juice, Opuntia Ficus-Indica Extract, Aesculus Hippocastanum (Horse Chestnut) Seed Extract, Camellia Sinensis Leaf Extract, Rubus Idaeus (Raspberry) Fruit Extract, Saccharomyces Cerevisiae Extract, Buddleja Davidii Meristem Cell Culture, Sclerocarya Birrea Seed Oil, Sodium Hyaluronate Crosspolymer, Allantoin, Hydroxyethylcellulose, Galactoarabinan, Propanediol, Disodium EDTA, Xanthan Gum, Hexylene Glycol, Phenoxyethanol, Caprylyl Glycol, Ethylhexylglycerin, Sodium Nitrate, Potassium Sorbate, Pentylene Glycol, Sodium Benzoate. Virgin Marula Luxury Facial Oil: Sclerocarya Birrea Seed OilLala Retro™Whipped CreamWater,Glycerin, Caprylic/ Capric Triglyceride, Isopropyl Isostearate, Pseudozyma Epicola/Camellia Sinensis Seed Oil/Glucose/Glycine Soja Meal/Malt Extract/Yeast Extract Ferment Filtrate (Pseudozyma Epicola/Camellia Sinensis Seed Oil/Glucose/Yeast Extract Ferment Filtrate), Stearic Acid, Glyceryl Stearate SE, Cetearyl Alcohol, Pentylene Glycol, Plantago Lanceolata Leaf Extract, Adansonia Digitata Seed Oil, Citrullus Lanatus (Watermelon) Seed Oil, Passiflora Edulis Seed Oil, Schinziophyton Rautanenii Kernel Oil, Sclerocarya Birrea Seed Oil, Polyglyceryl-6 Ximenia Americana Seedate, Sodium Hyaluronate Crosspolymer, Ceteareth-20, Trisodium Ethylenediamine Disuccinate, Sodium Hydroxide, Citric Acid, Carbomer, Xanthan Gum, Caprylyl Glycol, Chlorphenesin, Phenoxyethanol, Ethylhexylglycerin. Umbra™ Sheer Physical Daily Defense SPF 30: Zinc Oxide 20%, Water, Caprylic/Capric Triglyceride, Dicaprylyl Carbonate, Glycerin,Pentylene Glycol, Steareth-2, Propanediol, Steareth-21, Polyhydroxystearic Acid, Cetearyl Alcohol, Silica, Sclerocarya Birrea Seed Oil, Aloe Barbadensis Leaf Extract, Chondrus Crispus Extract, Haematococcus Pluvialis Extract, Helianthus Annuus (Sunflower) Sprout Extract, Vitis Vinifera (Grape) Juice Extract, Helianthus Annuus (Sunflower) Seed Oil, Simmondsia Chinensis (Jojoba) Seed Oil, Raspberry Seed Oil/Tocopheryl Succinate Aminopropanediol Esters, Hydrolyzed Wheat Protein,Tocopheryl Acetate, Tocopherol, Sea Water, Acetyl Glucosamine, Cetearyl Glucoside, Sodium Stearoyl Glutamate, Tetrahexyldecyl Ascorbate, Glycine, Sucrose, Lecithin, Triethoxycaprylylsilane, Xanthan Gum, Trisodium Ethylenediamine Disuccinate, Caprylhydroxamic Acid, Mica, Caprylyl Glycol, Phenoxyethanol, Titanium Dioxide (CI 77891), Iron Oxides (CI 77491). Shaba Complex™ Eye Serum: Water, Octyldodecanol, Glycerin, Boron Nitride, Saccharomyces/Xylinum/Black Tea Ferment, Coconut Alkanes, Cetyl Alcohol, Cetearyl Olivate, Sorbitan Olivate, Niacinamide, Copper Tripeptide-1, Leontopodium Alpinum Meristem Cell Culture, Dipeptide-2, Palmitoyl Tripeptide-1, Palmitoyl Tetrapeptide-7, Copper Lysinate/Prolinate, Hesperidin Methyl Chalcone, Chondrus Crispus (Carrageenan), Mangifera Indica (Mango) Seed Butter, Glycine Soja (Soybean) Oil, Hippophae Rhamnoides Oil, Sclerocarya Birrea Seed Oil, Sodium Hyaluronate Crosspolymer, Hydroxyethylcellulose, Coco-Caprylate/Caprate, Steareth-20, Lecithin, Panthenol, N-Hydroxysuccinimide, Ubiquinone, Citric Acid, Thioctic Acid, Tocopherol, Chrysin, Sclerotium Gum, Methylglucoside Phosphate, Xanthan Gum, Potassium Sorbate, Sodium Benzoate, Chlorphenesin, Caprylyl Glycol, Sodium Hydroxide, Phenoxyethanol, Pentylene Glycol, Ethylhexylglycerin.""
 ""Ürün adı: Midnight Recovery Concentrate\nMarka: KIEHL'S SINCE 1851\nKategori: Moisturizer\nFiyat: 47\nPuan: 4.4\nUygun cilt tipleri: Combination, Dry, Normal, Oily, Sensitive\n\nÜrün tanıtımı: Kiehl's Midnight Recovery Concentrate, çeşitli bitkisel yağlar ve skualen içeren bir nemlendiricidir. Cildin gece boyunca yenilenmesine yardımcı olmayı hedefleyebilir.\nİçerik analizi: Ürün, yoğun bitkisel yağlar ve özler içeren, nemlendirme odaklı bir formüle sahiptir. Oenothera Biennis Oil ve Simmondsia Chinensis Oil gibi bazı içerikler, bazı cilt tiplerinde komedojenik risk taşıyabilir. Lavandula Angustifolia Oil, Rosmarinus Officinalis Leaf Oil gibi uçucu yağlar ile Linalool, Limonene, Citronellol gibi koku bileşenleri hassasiyet/iritasyon riski yaratabilir.\n\nIngredients: Caprylic/Capric Triglyceride Dicaprylyl Carbonate Squalane Rosa Canina Fruit Oil Oenothera Biennis Oil, Evening Primrose Oil Simmondsia Chinensis Oil, Jojoba Seed Oil Coriandrum Sativum Oil, Coriander Seed Oil Tocopherol Lavandula Angustifolia Oil, Lavender Oil Pelargonium Graveolens Flower Oil Linalool Rosmarinus Officinalis Leaf Oil, Rosemary Leaf Oil Citronellol Geraniol Lavandula Hybrida Oil Cucumis Sativus Extract, Cucumber Fruit Extract Curcuma Longa Extract, Turmeric Root Extract Limonene Citral Sclareolide Rosa Spp, Rose Flower Oil Jasminum Officinale Extract, Jasmine Extract Helianthus Annuus Seed Oil, Sunflower Seed Oil.""]","Uygun cilt tipleri: Combination, Dry, Normal, Oily, Sensitive.","['20ce764b52496eeafeb50b1be4dcf0e77464a0795fe242ffa2f1d5b06723aa92'
 '4f73da63ed2c4e8fca5cddd9ef5a2393bc90f39df6a297eddc84c94e95a8ed3e'
 '02415a33943b2cc65c009174fd5b3f5a0cffb6f23d553fd8266e9b7f26f16cc0'
 '652c6936b3b76a58c19c0a0c639d562ab0f579dd4c9dc9f29bdd1ab7af879191'
 'f3ad7ba47540983755a803b0298804e1f50311b268fcccbaaa9928cfea6a9c9b']",['20ce764b52496eeafeb50b1be4dcf0e77464a0795fe242ffa2f1d5b06723aa92'],1.0,1.0,0.9090002102720067
"Honeymoon Glow AHA Resurfacing Night Serum with Echinacea GreenEnvy™ ürünün,n fiyatı nedir?",Honeymoon Glow AHA Resurfacing Night Serum with Echinacea GreenEnvy™ ürününün fiyatı 58'dir.,"[""Ürün adı: Honeymoon Glow AHA Resurfacing Night Serum with Echinacea GreenEnvy™\nMarka: FARMACY\nKategori: Moisturizer\nFiyat: 58\nPuan: 4.6\nUygun cilt tipleri: Combination, Dry, Normal, Oily, Sensitive\n\nÜrün tanıtımı: Bu gece serumu, AHA'lar ve ekinezya içeren formülüyle cildin yenilenmesine ve daha ışıltılı bir görünüm kazanmasına yardımcı olabilir. Çeşitli cilt tipleri için uygun olduğu belirtilmiştir.\nİçerik analizi: Bu formül, Laktik ve Glikolik Asit gibi AHA'lar ile cildi yenilemeyi hedeflerken, çeşitli bitkisel yağlar ve hyaluronik asit türevleri ile nemlendirme ve yatıştırma sağlamayı amaçlar. Arı ürünleri ve zengin bitki özleri de içerir. Jojoba Esters ve Cetearyl Alcohol gibi bazı içerikler, bazı cilt tiplerinde komedojenik risk taşıyabilir. Laktik Asit, Glikolik Asit, Sitrik Asit, Salix Alba (Willow) Bark Extract, Citrus Limon (Lemon) Fruit Extract, Zingiber Officinale (Ginger) Root Extract ve Citral gibi içerikler hassasiyet veya iritasyon riski yaratabilir.\n\nIngredients: Water, Lactic Acid, Propanediol, Jojoba Esters, Glycolic Acid, Potassium Hydroxide, Salix Alba (Willow) Bark Extract, Carthamus Tinctorius (Safflower) Oleosomes, Vitis Vinifera (Grape) Seed Oil, Hibiscus Sabdariffa Flower Extract, Citric Acid, Honey Extract, Echinacea Purpurea Root Extract, Propolis Extract, Royal Jelly Extract, Hydrolyzed Sodium Hyaluronate, Hydrolyzed Hyaluronic Acid, Curcuma Longa (Turmeric) Root Extract, Argania Spinosa Kernel Oil, Zingiber Officinale (Ginger) Root Extract, Amaranthus Caudatus Seed Oil, Limnanthes Alba (Meadowfoam) Seed Oil, Vaccinium Myrtillus Fruit/Leaf Extract, Saccharum Officinarum (Sugarcane) Extract, Citrus Aurantium Dulcis (Orange) Fruit Extract, Citrus Limon (Lemon) Fruit Extract, Acer Saccharum (Sugar Maple) Extract, Melia Azadirachta Leaf Extract, Helianthus Annuus (Sunflower) Seed Oil, Melia Azadirachta Flower Extract, Salvia Hispanica Seed Oil, Cetearyl Alcohol, Glycerin, Arachidyl Alcohol, Sclerotium Gum, Coco-Glucoside, Polyacrylate Crosspolymer-6, Behenyl Alcohol, Arachidyl Glucoside, Sodium Benzoate, Tocopherol, Potassium Sorbate, Corallina Officinalis Extract, Polyglyceryl-10 Stearate, Gluconolactone, 1,2-Hexanediol, Ocimum Basilicum (Basil) Flower/Leaf Extract, Ocimum Sanctum Leaf Extract, T-Butyl Alcohol, Glucose, Calcium Gluconate, Citral.""
 'Ürün adı: Luna Sleeping Night Oil\nMarka: SUNDAY RILEY\nKategori: Moisturizer\nFiyat: 105\nPuan: 4.1\nUygun cilt tipleri: Combination, Dry, Normal, Oily, Sensitive\n\nÜrün tanıtımı: Luna Sleeping Night Oil, çeşitli cilt tipleri için uygun, gece kullanımı için tasarlanmış bir nemlendirici yağdır. Cildinize gece boyunca bakım yapmayı hedefler.\nİçerik analizi: Bu ürün, çeşitli bitkisel yağlar ve esansiyel yağlar içeren zengin bir formüle sahiptir. İçeriğinde cilt yenilenmesine yardımcı olabilecek bir retinoid (Hydroxypinacolone Retinoate) bulunmaktadır. Persea Gratissima (Avocado) Oil, bazı cilt tiplerinde komedojenik risk taşıyabilir. Hydroxypinacolone Retinoate ve çok sayıda esansiyel yağ (örneğin Citrus Aurantium Amara (Neroli) Oil, Cananga Odorata Flower (Ylang Ylang) Oil) hassasiyet veya iritasyon riski yaratabilir.\n\nIngredients: Persea Gratissima (Extra Virgin, Cold Pressed Avocado) Oil, Vitis Vinifera (Organic, Cold Pressed Concord Grape) Seed Oil, Rubus Fruticosus (Cold Pressed Blackberry) Seed Oil, Salvia Hispanica (Cold Pressed Chia) Oil, Dimethyl Isosorbide (and) Hydroxypinacolone Retinoate, Chamomilla Recutita (Matricaria) Flower Oil, Tanecetum annuum (Blue Tansy) oil, Anthemis nobilis (English Chamomile) oil, Eriocephalus punctulatus (Cape Chamomile) oil, Citrus Aurantium Amara (Neroli) Oil, Citrus Aurantium Dulcis (Blood Orange) oil, Cananga Odorata Flower (Ylang Ylang) Oil, Vetivera zizanoides (Vetiver) oil, Helianthus Annuus (Sunflower) Seed Oil (and) Rosmarinus officinalis (Rosemary) Leaf Extract, CI 61565 (Green 6), CI 60725 (Violet 2).'
 'Ürün adı: Your Skin But Better™ CC+™ Cream with SPF 50+\nMarka: IT COSMETICS\nKategori: Moisturizer\nFiyat: 38\nPuan: 4.1\nUygun cilt tipleri: Combination, Dry, Normal, Oily, Sensitive\n\nÜrün tanıtımı: Bu ürün, cilde renk eşitleme ve yüksek SPF 50+ güneş koruması sunan, nemlendirici özelliklere sahip bir CC kremidir. Cilt tonunu eşitlemeye ve nemlendirmeye yardımcı olabilir.\nİçerik analizi: Ürün, nemlendirici, SPF ve çeşitli aktif bileşenler içeren zengin bir formüle sahiptir. Salyangoz salgısı filtratı, silikonlar, bitkisel yağlar ve vitaminler içerir. Stearik Asit, Orbignya Oleifera Seed Oil ve Persea Gratissima (Avocado) Oil komedojenik risk taşıyabilir. Narenciye yağları (Citrus Medica Limonum Peel Oil, Citrus Aurantium Bergamia Fruit Oil vb.) ve Eucalyptus Globulus Leaf Oil hassasiyet/iritasyon riski yaratabilir. Chlorhexidine Digluconate de hassasiyet riski taşıyabilir.\n\nIngredients: Water, Snail Secretion Filtrate, Phenyl Trimethicone, Dimethicone, Butylene Glycol, Butylene Glycol Dicaprylate/Dicaprate, Orbignya Oleifera Seed Oil, Butyloctyl Salicylate, Cetyl Peg/Ppg-10/1 Dimethicone, Cyclopentasiloxane, Cyclohexasiloxane, Magnesium Sulfate, Polyglyceryl-4 Isostearate, Dimethicone/Vinyl Dimethicone Crosspolymer, Aluminum Hydroxide, Hexyl Laurate, Stearic Acid, Calcium Stearate, Caprylyl Glycol, Triethoxycaprylylsilane, Ethylhexylglycerin, Citrus Medica Limonum (Lemon) Peel Oil, Tocopheryl Acetate, Sorbitan Isostearate, Phenoxyethanol, Citrus Aurantium Bergamia (Bergamot) Fruit Oil, 1,2-Hexanediol, Disodium Edta, Citrus Aurantium Dulcis (Orange) Peel Oil, Citrus Aurantifolia (Lime) Oil, Vitis Vinifera (Grape) Seed Oil, Punica Granatum Seed Oil, Pinus Sylvestris Leaf Oil, Persea Gratissima (Avocado) Oil, Niacinamide, Citrus Grandis (Grapefruit) Peel Oil, Cholesterol, Anthemis Nobilis Flower Water, Lactobacillus/Honeysuckle Flower/Licorice Root/Morus Alba Root/Pueraria Lobata Root/Schizandra Chinensis Fruit/Scutellaria Baicalensis Root/Sophora Japonica Flower Extract Ferment Filtrate, Perfluorohexane, Olea Europaea (Olive) Leaf Extract, Glycerin, Eucalyptus Globulus Leaf Oil, Camellia Sinensis Leaf Extract, Chrysanthemum Indicum Flower Extract, Pueraria Lobata Root Extract, Perfluorodecalin, Morus Alba Fruit Extract, Magnolia Kobus Bark Extract, Glycine Soja (Soybean) Sprout Extract, Diospyros Kaki Leaf Extract, Cinnamomum Cassia Bark Extract, Artemisia Princeps Leaf Extract, Pentafluoropropane, Curcuma Longa (Turmeric) Root Extract, Steareth-20, Hydrolyzed Hyaluronic Acid, Colloidal Oatmeal, Hydrolyzed Silk, Citric Acid, Sodium Benzoate, Potassium Sorbate, Aloe Barbadensis Leaf Extract, N-Hydroxysuccinimide, Hydrolyzed Collagen, Caprylhydroxamic Acid, Tocopherol, Thiamine Hcl, Riboflavin, Retinyl Palmitate, Pantothenic Acid, Palmitoyl Oligopeptide, Niacin, Folic Acid, Chrysin, Carnitine Hcl, Biotin, Ascorbic Acid, Palmitoyl Tetrapeptide-7, Chlorhexidine Digluconate. May Contain: Iron Oxides (Ci 77492, Ci 77491, Ci 77499).'
 ""Ürün adı: The Littles™\nMarka: DRUNK ELEPHANT\nKategori: Moisturizer\nFiyat: 90\nPuan: 4.4\nUygun cilt tipleri: Combination, Dry, Normal, Oily\n\nÜrün tanıtımı: The Littles™, Drunk Elephant'ın çeşitli cilt tiplerine uygun, kapsamlı bir cilt bakım rutini sunan mini ürün setidir. Temizleyiciden güneş koruyucuya kadar birçok temel ürünü içerir.\nİçerik analizi: Ürün seti, nemlendirici, antioksidan, eksfoliyan ve güneş koruyucu gibi farklı cilt ihtiyaçlarına yönelik zengin formüller sunar. Marula yağı ve çeşitli bitki özleri sıkça kullanılmıştır. Isopropyl Isostearate ve Sclerocarya Birrea Seed Oil bazı cilt tiplerinde komedojenik risk taşıyabilir. Ascorbic Acid, Glycolic Acid, Salicylic Acid, Lactic Acid, Citric Acid gibi aktifler ve Phenoxyethanol, Chlorphenesin hassasiyet/iritasyon riski yaratabilir. Niacinamide bazı kişilerde kızarıklığa neden olabilir.\n\nIngredients: Beste™ No.9 Jelly Cleanser: Water, Sodium Lauroyl Methyl Isethionate, Glycerin, Cocamidopropyl Betaine, Cocamidopropyl Hydroxysultaine, Sodium Methyl Oleoyl Taurate, Propanediol, Aloe Barbadensis Leaf Extract, Coco-Glucoside, Lauryl Glucoside, Cucumis Melo Cantalupensis Fruit Extract, Sclerocarya Birrea Seed Oil, Dipotassium Glycyrrhizate, Citric Acid, Phenoxyethanol, Sodium Benzoate, Sodium Chloride. C-Firma™ Day Serum: Water, Ethoxydiglycol, Ascorbic Acid, Glycerin, Laureth-23, Lactobacillus/Pumpkin Ferment Extract, Sclerocarya Birrea Seed Oil, Ferulic Acid, Sodium Hyaluronate, Chondrus Crispus Extract, Camellia Sinensis Leaf Extract, Lactobacillus/Punica Granatum Fruit Ferment Extract, Glycyrrhiza Glabra (Licorice) Root Extract, Vitis Vinifera (Grape) Juice Extract, Phyllanthus Emblica Fruit Extract, Hydrolyzed Wheat Protein, Tocopherol, Caprylhydroxamic Acid, Acetyl Glucosamine, Hydrolyzed Quinoa, Glutamylamidoethyl Imidazole, Dipotassium Glycyrrhizate, Tetrahydrodiferuloylmethane, Tetrahydrodemethoxydiferuloylmethane, Tetrahydrobisdemethoxydiferuloylmethane, Sodium Hyaluronate Crosspolymer, Glycine, Sucrose, Maltodextrin, Propanediol, Caprylyl Glycol, Sodium Hydroxide, Xanthan gum, Hydroxyethyl Acrylate/Sodium Acryloyldimethyl Taurate Copolymer, Isohexadecane, Polysorbate 60. B-Hydra™ Intensive Hydration Serum: Water,Coconut Alkanes, Ammonium Acryloyldimethyltaurate/VP Copolymer, Glycerin, Pentylene Glycol, Sclerocarya Birrea Seed Oil, Wheat Amino Acids, Ananas Sativus (Pineapple) Fruit Extract, Berberis Vulgaris Root Extract, Citrullus Lanatus (Watermelon) Fruit Extract, Lens Esculenta (Lentil) Fruit Extract, Pyrus Malus (Apple) Fruit Extract, Coco-Caprylate/Caprate, Panthenol, Sodium PCA, Sodium Hyaluronate Crosspolymer, Dipotassium Glycyrrhizate, Niacinamide, Cyclodextrin, Sodium Hyaluronate, Sodium Lactate, Phenoxyethanol, Hydroxyproline, Trisodium Ethylenediamine Disuccinate, Citric Acid, Caprylyl Glycol, Chlorphenesin, Ethylhexylglycerin. T.L.C. Framboos™ Glycolic Night Serum: Water, Glycolic Acid, Butylene Glycol, Glycerin, Sodium Hydroxide, Salicylic Acid, Lactic Acid, Citric Acid, Vitis Vinifera (Grape) Juice Extract, Aloe Barbadensis Leaf Juice, Opuntia Ficus-Indica Extract, Aesculus Hippocastanum (Horse Chestnut) Seed Extract, Camellia Sinensis Leaf Extract, Rubus Idaeus (Raspberry) Fruit Extract, Saccharomyces Cerevisiae Extract, Buddleja Davidii Meristem Cell Culture, Sclerocarya Birrea Seed Oil, Sodium Hyaluronate Crosspolymer, Allantoin, Hydroxyethylcellulose, Galactoarabinan, Propanediol, Disodium EDTA, Xanthan Gum, Hexylene Glycol, Phenoxyethanol, Caprylyl Glycol, Ethylhexylglycerin, Sodium Nitrate, Potassium Sorbate, Pentylene Glycol, Sodium Benzoate. Virgin Marula Luxury Facial Oil: Sclerocarya Birrea Seed OilLala Retro™Whipped CreamWater,Glycerin, Caprylic/ Capric Triglyceride, Isopropyl Isostearate, Pseudozyma Epicola/Camellia Sinensis Seed Oil/Glucose/Glycine Soja Meal/Malt Extract/Yeast Extract Ferment Filtrate (Pseudozyma Epicola/Camellia Sinensis Seed Oil/Glucose/Yeast Extract Ferment Filtrate), Stearic Acid, Glyceryl Stearate SE, Cetearyl Alcohol, Pentylene Glycol, Plantago Lanceolata Leaf Extract, Adansonia Digitata Seed Oil, Citrullus Lanatus (Watermelon) Seed Oil, Passiflora Edulis Seed Oil, Schinziophyton Rautanenii Kernel Oil, Sclerocarya Birrea Seed Oil, Polyglyceryl-6 Ximenia Americana Seedate, Sodium Hyaluronate Crosspolymer, Ceteareth-20, Trisodium Ethylenediamine Disuccinate, Sodium Hydroxide, Citric Acid, Carbomer, Xanthan Gum, Caprylyl Glycol, Chlorphenesin, Phenoxyethanol, Ethylhexylglycerin. Umbra™ Sheer Physical Daily Defense SPF 30: Zinc Oxide 20%, Water, Caprylic/Capric Triglyceride, Dicaprylyl Carbonate, Glycerin,Pentylene Glycol, Steareth-2, Propanediol, Steareth-21, Polyhydroxystearic Acid, Cetearyl Alcohol, Silica, Sclerocarya Birrea Seed Oil, Aloe Barbadensis Leaf Extract, Chondrus Crispus Extract, Haematococcus Pluvialis Extract, Helianthus Annuus (Sunflower) Sprout Extract, Vitis Vinifera (Grape) Juice Extract, Helianthus Annuus (Sunflower) Seed Oil, Simmondsia Chinensis (Jojoba) Seed Oil, Raspberry Seed Oil/Tocopheryl Succinate Aminopropanediol Esters, Hydrolyzed Wheat Protein,Tocopheryl Acetate, Tocopherol, Sea Water, Acetyl Glucosamine, Cetearyl Glucoside, Sodium Stearoyl Glutamate, Tetrahexyldecyl Ascorbate, Glycine, Sucrose, Lecithin, Triethoxycaprylylsilane, Xanthan Gum, Trisodium Ethylenediamine Disuccinate, Caprylhydroxamic Acid, Mica, Caprylyl Glycol, Phenoxyethanol, Titanium Dioxide (CI 77891), Iron Oxides (CI 77491). Shaba Complex™ Eye Serum: Water, Octyldodecanol, Glycerin, Boron Nitride, Saccharomyces/Xylinum/Black Tea Ferment, Coconut Alkanes, Cetyl Alcohol, Cetearyl Olivate, Sorbitan Olivate, Niacinamide, Copper Tripeptide-1, Leontopodium Alpinum Meristem Cell Culture, Dipeptide-2, Palmitoyl Tripeptide-1, Palmitoyl Tetrapeptide-7, Copper Lysinate/Prolinate, Hesperidin Methyl Chalcone, Chondrus Crispus (Carrageenan), Mangifera Indica (Mango) Seed Butter, Glycine Soja (Soybean) Oil, Hippophae Rhamnoides Oil, Sclerocarya Birrea Seed Oil, Sodium Hyaluronate Crosspolymer, Hydroxyethylcellulose, Coco-Caprylate/Caprate, Steareth-20, Lecithin, Panthenol, N-Hydroxysuccinimide, Ubiquinone, Citric Acid, Thioctic Acid, Tocopherol, Chrysin, Sclerotium Gum, Methylglucoside Phosphate, Xanthan Gum, Potassium Sorbate, Sodium Benzoate, Chlorphenesin, Caprylyl Glycol, Sodium Hydroxide, Phenoxyethanol, Pentylene Glycol, Ethylhexylglycerin.""
 'Ürün adı: Lotus Youth Preserve Moisturizer\nMarka: FRESH\nKategori: Moisturizer\nFiyat: 45\nPuan: 4.3\nUygun cilt tipleri: Belirlenemedi\n\nÜrün tanıtımı: Bu nemlendirici, cildi nemlendirmeye ve beslemeye yardımcı olan çeşitli bitki özleri ve nemlendiriciler içerir. Cildin daha genç bir görünüm kazanmasına destek olabilir.\nİçerik analizi: Bu formül, nemlendirme ve antioksidan destek sağlamayı hedefleyen çeşitli nemlendiriciler, yumuşatıcılar ve bitki özleri içerir. Cilde nem çekmeye ve nemi korumaya yardımcı bileşenler barındırır. Cetearyl Alcohol, Cetyl Alcohol, Stearyl Alcohol gibi bazı yağ alkolleri komedojenik risk taşıyabilir. Citrus Limon (Lemon) Peel Oil, Limonene, Citral gibi koku bileşenleri hassasiyet/iritasyon riski yaratabilir.\n\nIngredients: Water, Glycerin, Propylene Glycol Dicaprylate/Dicaprate, Pentylene Glycol, Cetearyl Alcohol, Caprylic/Capric Triglyceride, Cetearyl Isononanoate, Betaine, Polymethyl Methacrylate, Steareth-21, Ficus Carica (Fig) Fruit Extract, Lepidium Meyenii Root Extract, Citrus Limon (Lemon) Peel Oil, Cucumis Sativus (Cucumber) Fruit Extract, Algae Extract, Nelumbo Nucifera Flower Extract, Hibiscus Esculentus Fruit Extract, Sodium Hyaluronate, Tocopheryl Acetate, Ascorbyl Tetraisopalmitate, Tocopherol, Behenyl Alcohol, Cetearyl Glucoside, Sorbitol, Dimethicone, Sodium PCA, Caprylyl Glycol, Carbomer, Tromethamine, Cetyl Alcohol, Stearyl Alcohol, Butylene Glycol, Xanthan Gum, Caramel, Citric Acid, Potassium Sorbate, Sorbic Acid, Phenoxyethanol, Limonene, Citral.']",Fiyat: 58.,"['20ce764b52496eeafeb50b1be4dcf0e77464a0795fe242ffa2f1d5b06723aa92'
 '4f73da63ed2c4e8fca5cddd9ef5a2393bc90f39df6a297eddc84c94e95a8ed3e'
 '02415a33943b2cc65c009174fd5b3f5a0cffb6f23d553fd8266e9b7f26f16cc0'
 '652c6936b3b76a58c19c0a0c639d562ab0f579dd4c9dc9f29bdd1ab7af879191'
 '544c5b4f7ef25fb4f074afdfc342bfe9888aebed2373198a20e12bf041bdf646']",['20ce764b52496eeafeb50b1be4dcf0e77464a0795fe242ffa2f1d5b06723aa92'],1.0,1.0,0.9257121531232578
FIRST AID BEAUTY markasının Ultra Repair® Cream Intense Hydration ürününün puanı kaç?,FIRST AID BEAUTY Ultra Repair® Cream Intense Hydration ürününün puanı 4.6'dır.,"['Ürün adı: Ultra Repair® Cream Intense Hydration\nMarka: FIRST AID BEAUTY\nKategori: Moisturizer\nFiyat: 30\nPuan: 4.6\nUygun cilt tipleri: Combination, Dry, Normal, Oily, Sensitive\n\nÜrün tanıtımı: Ultra Repair® Cream Intense Hydration, çeşitli cilt tipleri için yoğun nemlendirme sunan bir nemlendiricidir. Cildi yatıştırmaya ve bariyerini desteklemeye yardımcı olabilecek içerikler barındırır.\nİçerik analizi: Formül, yoğun nemlendirme ve yatıştırma sağlayan bileşenler içerir. Seramid, kolloidal yulaf ezmesi ve bitki özleri ile cildi destekler. Stearik Asit, Gliseril Stearat SE, Gliseril Stearat, Setearil Alkol ve Butyrospermum Parkii Butter komedojenik risk taşıyabilir. Eucalyptus Globulus Leaf Oil ve Chrysanthemum Parthenium Extract hassasiyet/iritasyon riski yaratabilir.\n\nIngredients: Water, Stearic Acid, Glycerin, C12-15 Alkyl Benzoate, Caprylic/Capric Triglyceride, Glyceryl Stearate Se, Glyceryl Stearate, Cetearyl Alcohol, Butyrospermum Parkii Butter, Dimethicone, Squalane, Allantoin, Camellia Sinensis Leaf Extract, Caprylyl Glycol, Ceramide 3, Chrysanthemum Parthenium Extract, Colloidal Oatmeal, Disodium EDTA, Eucalyptus Globulus Leaf Oil, Glycyrrhiza Glabra Root Extract, Sodium Hydroxide, Xanthan Gum, Phenoxyethanol.'
 ""Ürün adı: Ultra Facial Cream\nMarka: KIEHL'S SINCE 1851\nKategori: Moisturizer\nFiyat: 29\nPuan: 4.4\nUygun cilt tipleri: Combination, Dry, Normal, Oily, Sensitive\n\nÜrün tanıtımı: KIEHL'S SINCE 1851 Ultra Facial Cream, cildi nemlendirmeye yardımcı olan popüler bir üründür. Karma, kuru, normal, yağlı ve hassas ciltler dahil birçok cilt tipine uygun olabilir ve kullanıcılar tarafından yüksek puan almıştır.\nİçerik analizi: Ürün, nemlendirici, yumuşatıcı ve bariyer destekleyici bileşenlerin bir kombinasyonunu içerir. Komedojenik risk yaratabilecek içerikler Myristyl Myristate, Olea Europaea Oil olabilir. Hassasiyet/iritasyon riski yaratabilecek içerikler Phenoxyethanol, Methylparaben, Triethanolamine olabilir.\n\nIngredients: Water, Glycerin, Cyclohexasiloxane, Squalane, Bis-Peg-18 Methyl Ether Dimethyl Silane, Sucrose Stearate, Stearyl Alcohol, Peg-8 Stearate, Urea, Myristyl Myristate, Pentaerythrityl Tetraethylhexanoate, Prunus Armeniaca Kernel Oil, Phenoxyethanol, Persea Gratissima Oil, Olea Europaea Oil, Oryza Sativa Bran Oil, Cetyl Alcohol, Glyceryl Stearate, Imperata Cylindrica Root Extract, Stearic Acid, Methylparaben, Chlorphenesin, Palmitic Acid, Disodium Edta, Acrylates/C10-30 Alkyl Acrylate Crosspolymer, Propylparaben, Carbomer, Triethanolamine, Prunus Amygdalus Dulcis Oil, Xanthan Gum, Sodium Hydroxide, Tocopherol, Pseudoalteromonas Ferment Extract, Hydroxypalmitoyl Sphinganine, Caprylyl Glycol.""
 'Ürün adı: Your Skin But Better™ CC+™ Cream with SPF 50+\nMarka: IT COSMETICS\nKategori: Moisturizer\nFiyat: 38\nPuan: 4.1\nUygun cilt tipleri: Combination, Dry, Normal, Oily, Sensitive\n\nÜrün tanıtımı: Bu ürün, cilde renk eşitleme ve yüksek SPF 50+ güneş koruması sunan, nemlendirici özelliklere sahip bir CC kremidir. Cilt tonunu eşitlemeye ve nemlendirmeye yardımcı olabilir.\nİçerik analizi: Ürün, nemlendirici, SPF ve çeşitli aktif bileşenler içeren zengin bir formüle sahiptir. Salyangoz salgısı filtratı, silikonlar, bitkisel yağlar ve vitaminler içerir. Stearik Asit, Orbignya Oleifera Seed Oil ve Persea Gratissima (Avocado) Oil komedojenik risk taşıyabilir. Narenciye yağları (Citrus Medica Limonum Peel Oil, Citrus Aurantium Bergamia Fruit Oil vb.) ve Eucalyptus Globulus Leaf Oil hassasiyet/iritasyon riski yaratabilir. Chlorhexidine Digluconate de hassasiyet riski taşıyabilir.\n\nIngredients: Water, Snail Secretion Filtrate, Phenyl Trimethicone, Dimethicone, Butylene Glycol, Butylene Glycol Dicaprylate/Dicaprate, Orbignya Oleifera Seed Oil, Butyloctyl Salicylate, Cetyl Peg/Ppg-10/1 Dimethicone, Cyclopentasiloxane, Cyclohexasiloxane, Magnesium Sulfate, Polyglyceryl-4 Isostearate, Dimethicone/Vinyl Dimethicone Crosspolymer, Aluminum Hydroxide, Hexyl Laurate, Stearic Acid, Calcium Stearate, Caprylyl Glycol, Triethoxycaprylylsilane, Ethylhexylglycerin, Citrus Medica Limonum (Lemon) Peel Oil, Tocopheryl Acetate, Sorbitan Isostearate, Phenoxyethanol, Citrus Aurantium Bergamia (Bergamot) Fruit Oil, 1,2-Hexanediol, Disodium Edta, Citrus Aurantium Dulcis (Orange) Peel Oil, Citrus Aurantifolia (Lime) Oil, Vitis Vinifera (Grape) Seed Oil, Punica Granatum Seed Oil, Pinus Sylvestris Leaf Oil, Persea Gratissima (Avocado) Oil, Niacinamide, Citrus Grandis (Grapefruit) Peel Oil, Cholesterol, Anthemis Nobilis Flower Water, Lactobacillus/Honeysuckle Flower/Licorice Root/Morus Alba Root/Pueraria Lobata Root/Schizandra Chinensis Fruit/Scutellaria Baicalensis Root/Sophora Japonica Flower Extract Ferment Filtrate, Perfluorohexane, Olea Europaea (Olive) Leaf Extract, Glycerin, Eucalyptus Globulus Leaf Oil, Camellia Sinensis Leaf Extract, Chrysanthemum Indicum Flower Extract, Pueraria Lobata Root Extract, Perfluorodecalin, Morus Alba Fruit Extract, Magnolia Kobus Bark Extract, Glycine Soja (Soybean) Sprout Extract, Diospyros Kaki Leaf Extract, Cinnamomum Cassia Bark Extract, Artemisia Princeps Leaf Extract, Pentafluoropropane, Curcuma Longa (Turmeric) Root Extract, Steareth-20, Hydrolyzed Hyaluronic Acid, Colloidal Oatmeal, Hydrolyzed Silk, Citric Acid, Sodium Benzoate, Potassium Sorbate, Aloe Barbadensis Leaf Extract, N-Hydroxysuccinimide, Hydrolyzed Collagen, Caprylhydroxamic Acid, Tocopherol, Thiamine Hcl, Riboflavin, Retinyl Palmitate, Pantothenic Acid, Palmitoyl Oligopeptide, Niacin, Folic Acid, Chrysin, Carnitine Hcl, Biotin, Ascorbic Acid, Palmitoyl Tetrapeptide-7, Chlorhexidine Digluconate. May Contain: Iron Oxides (Ci 77492, Ci 77491, Ci 77499).'
 'Ürün adı: Rose Deep Hydration Moisturizer\nMarka: FRESH\nKategori: Moisturizer\nFiyat: 40\nPuan: 4.4\nUygun cilt tipleri: Belirlenemedi\n\nÜrün tanıtımı: Fresh Rose Deep Hydration Moisturizer, cildi nemlendirmeyi hedefleyen bir üründür. İçeriğindeki gül özleri ve nemlendirici bileşenlerle cilde derinlemesine nem sağlamayı amaçlar.\nİçerik analizi: Ürün, yoğun nemlendirme ve cilt bariyerini desteklemeyi hedefleyen bir formüle sahiptir. Gliserin ve sodyum hyaluronat gibi nemlendiriciler içerir. Behenyl Alcohol ve Prunus Domestica Seed Oil gibi içerikler komedojenik risk taşıyabilir. Fragrance, Citronellol ve Geraniol hassasiyet/iritasyon riski yaratabilir.\n\nIngredients: Water, Glycerin, EthylhexylIsononanoate, Butylene Glycol, Pentylene Glycol, Propanediol,Caprylyl Methicone, Isostearyl Isostearate, Dimethicone, BehenylAlcohol, Nylon-6/12, Steareth-2, Xanthan Gum, PrunusDomestica Seed Oil, Rosa Damascena Flower Water, Algin,Angelica Keiskei Extract, Acacia Senegal Gum, Cucumis Sativus(Cucumber) Fruit Extract, Rosa Damascena Flower Oil, SodiumHyaluronate, Tocopheryl Acetate, Ammonium Acryloyldimethy-ltaurate/VP Copolymer, Steareth-21, Polyacrylamide, C13-14Isoparaffin, Acrylates/C10-30 Alkyl Acrylate Crosspolymer, Tromethamine, Dimethiconol, Laureth-7, Tetrasodium EDTA,Caprylic/Capric Triglyceride, BHT, Caramel, Serine, Fragrance, Phenoxyethanol, Citronellol, Geraniol.'
 'Ürün adı: COMPLEXION RESCUE™ Tinted Moisturizer Broad Spectrum SPF 30\nMarka: BAREMINERALS\nKategori: Moisturizer\nFiyat: 30\nPuan: 3.9\nUygun cilt tipleri: Belirlenemedi\n\nÜrün tanıtımı: Bu ürün, cilde nem sağlarken hafif renk tonu ve SPF 30 ile güneş koruması sunan renkli bir nemlendiricidir. Cilt tonunu eşitlemeye ve korumaya yardımcı olabilir.\nİçerik analizi: Ürün, nemlendirici ve yumuşatıcı bileşenler (Squalane, Gliserin, Sodyum Hyaluronat) açısından zengindir. Mineral bazlı renk ve SPF içerir. Isostearic Acid ve Polysorbate 60 komedojenik risk taşıyabilir. Phenoxyethanol hassasiyet/iritasyon riski yaratabilir. Bazı bitki özleri de hassasiyet potansiyeli taşıyabilir.\n\nIngredients: Water, Coconut Alkanes, Propanediol, Squalane, Trehalose, Isostearic Acid, Glycerin, Silica, Agar, Caprylic/Capric Triglyceride, Globularia Cordifolia Callus Culture Extract, Salicornia Herbacea Extract, Melilotus Officinalis Extract, Coco-Caprylate/Caprate, Butylene Glycol, Lauroyl Lysine, Sodium Hyaluronate, Succinoglycan, Polysorbate 60, Cellulose Gum, Polyglyceryl-4 Laurate/Succinate, Sorbitan Sesquiisostearate, Magnesium Stearate, Magnesium Hydroxide, Magnesium Chloride, Potassium Chloride, Calcium Chloride, Potassium Sorbate, Phenoxyethanol. May Contain: Titanium Dioxide, Iron Oxides.']",Puan: 4.6.,"['c830d0cdc847acd4f9b955eea7ddfd2c50148e65e380cf8b050c3103eed5f92a'
 'dc339695033b917a95a4e4c89e6d27c678adf65eed7658a6e427ccfe595b02a2'
 '02415a33943b2cc65c009174fd5b3f5a0cffb6f23d553fd8266e9b7f26f16cc0'
 'b9f66dd877e43fcdbdaeea290c23a473aa19171380bd9ac746d6c46123f38710'
 'ccc5127b6eb60df804b36f4f65a1049f013a066d4afb7e3e907417ea7077844e']",['c830d0cdc847acd4f9b955eea7ddfd2c50148e65e380cf8b050c3103eed5f92a'],1.0,1.0,0.9063559473732289
Ultra Repair® Cream Intense Hydration ürünü hangi cilt tipleri için uygundur?,"Ultra Repair® Cream Intense Hydration ürünü Combination, Dry, Normal, Oily, Sensitive cilt tipleri için uygundur.","['Ürün adı: Ultra Repair® Cream Intense Hydration\nMarka: FIRST AID BEAUTY\nKategori: Moisturizer\nFiyat: 30\nPuan: 4.6\nUygun cilt tipleri: Combination, Dry, Normal, Oily, Sensitive\n\nÜrün tanıtımı: Ultra Repair® Cream Intense Hydration, çeşitli cilt tipleri için yoğun nemlendirme sunan bir nemlendiricidir. Cildi yatıştırmaya ve bariyerini desteklemeye yardımcı olabilecek içerikler barındırır.\nİçerik analizi: Formül, yoğun nemlendirme ve yatıştırma sağlayan bileşenler içerir. Seramid, kolloidal yulaf ezmesi ve bitki özleri ile cildi destekler. Stearik Asit, Gliseril Stearat SE, Gliseril Stearat, Setearil Alkol ve Butyrospermum Parkii Butter komedojenik risk taşıyabilir. Eucalyptus Globulus Leaf Oil ve Chrysanthemum Parthenium Extract hassasiyet/iritasyon riski yaratabilir.\n\nIngredients: Water, Stearic Acid, Glycerin, C12-15 Alkyl Benzoate, Caprylic/Capric Triglyceride, Glyceryl Stearate Se, Glyceryl Stearate, Cetearyl Alcohol, Butyrospermum Parkii Butter, Dimethicone, Squalane, Allantoin, Camellia Sinensis Leaf Extract, Caprylyl Glycol, Ceramide 3, Chrysanthemum Parthenium Extract, Colloidal Oatmeal, Disodium EDTA, Eucalyptus Globulus Leaf Oil, Glycyrrhiza Glabra Root Extract, Sodium Hydroxide, Xanthan Gum, Phenoxyethanol.'
 ""Ürün adı: Ultra Facial Cream\nMarka: KIEHL'S SINCE 1851\nKategori: Moisturizer\nFiyat: 29\nPuan: 4.4\nUygun cilt tipleri: Combination, Dry, Normal, Oily, Sensitive\n\nÜrün tanıtımı: KIEHL'S SINCE 1851 Ultra Facial Cream, cildi nemlendirmeye yardımcı olan popüler bir üründür. Karma, kuru, normal, yağlı ve hassas ciltler dahil birçok cilt tipine uygun olabilir ve kullanıcılar tarafından yüksek puan almıştır.\nİçerik analizi: Ürün, nemlendirici, yumuşatıcı ve bariyer destekleyici bileşenlerin bir kombinasyonunu içerir. Komedojenik risk yaratabilecek içerikler Myristyl Myristate, Olea Europaea Oil olabilir. Hassasiyet/iritasyon riski yaratabilecek içerikler Phenoxyethanol, Methylparaben, Triethanolamine olabilir.\n\nIngredients: Water, Glycerin, Cyclohexasiloxane, Squalane, Bis-Peg-18 Methyl Ether Dimethyl Silane, Sucrose Stearate, Stearyl Alcohol, Peg-8 Stearate, Urea, Myristyl Myristate, Pentaerythrityl Tetraethylhexanoate, Prunus Armeniaca Kernel Oil, Phenoxyethanol, Persea Gratissima Oil, Olea Europaea Oil, Oryza Sativa Bran Oil, Cetyl Alcohol, Glyceryl Stearate, Imperata Cylindrica Root Extract, Stearic Acid, Methylparaben, Chlorphenesin, Palmitic Acid, Disodium Edta, Acrylates/C10-30 Alkyl Acrylate Crosspolymer, Propylparaben, Carbomer, Triethanolamine, Prunus Amygdalus Dulcis Oil, Xanthan Gum, Sodium Hydroxide, Tocopherol, Pseudoalteromonas Ferment Extract, Hydroxypalmitoyl Sphinganine, Caprylyl Glycol.""
 'Ürün adı: Your Skin But Better™ CC+™ Cream with SPF 50+\nMarka: IT COSMETICS\nKategori: Moisturizer\nFiyat: 38\nPuan: 4.1\nUygun cilt tipleri: Combination, Dry, Normal, Oily, Sensitive\n\nÜrün tanıtımı: Bu ürün, cilde renk eşitleme ve yüksek SPF 50+ güneş koruması sunan, nemlendirici özelliklere sahip bir CC kremidir. Cilt tonunu eşitlemeye ve nemlendirmeye yardımcı olabilir.\nİçerik analizi: Ürün, nemlendirici, SPF ve çeşitli aktif bileşenler içeren zengin bir formüle sahiptir. Salyangoz salgısı filtratı, silikonlar, bitkisel yağlar ve vitaminler içerir. Stearik Asit, Orbignya Oleifera Seed Oil ve Persea Gratissima (Avocado) Oil komedojenik risk taşıyabilir. Narenciye yağları (Citrus Medica Limonum Peel Oil, Citrus Aurantium Bergamia Fruit Oil vb.) ve Eucalyptus Globulus Leaf Oil hassasiyet/iritasyon riski yaratabilir. Chlorhexidine Digluconate de hassasiyet riski taşıyabilir.\n\nIngredients: Water, Snail Secretion Filtrate, Phenyl Trimethicone, Dimethicone, Butylene Glycol, Butylene Glycol Dicaprylate/Dicaprate, Orbignya Oleifera Seed Oil, Butyloctyl Salicylate, Cetyl Peg/Ppg-10/1 Dimethicone, Cyclopentasiloxane, Cyclohexasiloxane, Magnesium Sulfate, Polyglyceryl-4 Isostearate, Dimethicone/Vinyl Dimethicone Crosspolymer, Aluminum Hydroxide, Hexyl Laurate, Stearic Acid, Calcium Stearate, Caprylyl Glycol, Triethoxycaprylylsilane, Ethylhexylglycerin, Citrus Medica Limonum (Lemon) Peel Oil, Tocopheryl Acetate, Sorbitan Isostearate, Phenoxyethanol, Citrus Aurantium Bergamia (Bergamot) Fruit Oil, 1,2-Hexanediol, Disodium Edta, Citrus Aurantium Dulcis (Orange) Peel Oil, Citrus Aurantifolia (Lime) Oil, Vitis Vinifera (Grape) Seed Oil, Punica Granatum Seed Oil, Pinus Sylvestris Leaf Oil, Persea Gratissima (Avocado) Oil, Niacinamide, Citrus Grandis (Grapefruit) Peel Oil, Cholesterol, Anthemis Nobilis Flower Water, Lactobacillus/Honeysuckle Flower/Licorice Root/Morus Alba Root/Pueraria Lobata Root/Schizandra Chinensis Fruit/Scutellaria Baicalensis Root/Sophora Japonica Flower Extract Ferment Filtrate, Perfluorohexane, Olea Europaea (Olive) Leaf Extract, Glycerin, Eucalyptus Globulus Leaf Oil, Camellia Sinensis Leaf Extract, Chrysanthemum Indicum Flower Extract, Pueraria Lobata Root Extract, Perfluorodecalin, Morus Alba Fruit Extract, Magnolia Kobus Bark Extract, Glycine Soja (Soybean) Sprout Extract, Diospyros Kaki Leaf Extract, Cinnamomum Cassia Bark Extract, Artemisia Princeps Leaf Extract, Pentafluoropropane, Curcuma Longa (Turmeric) Root Extract, Steareth-20, Hydrolyzed Hyaluronic Acid, Colloidal Oatmeal, Hydrolyzed Silk, Citric Acid, Sodium Benzoate, Potassium Sorbate, Aloe Barbadensis Leaf Extract, N-Hydroxysuccinimide, Hydrolyzed Collagen, Caprylhydroxamic Acid, Tocopherol, Thiamine Hcl, Riboflavin, Retinyl Palmitate, Pantothenic Acid, Palmitoyl Oligopeptide, Niacin, Folic Acid, Chrysin, Carnitine Hcl, Biotin, Ascorbic Acid, Palmitoyl Tetrapeptide-7, Chlorhexidine Digluconate. May Contain: Iron Oxides (Ci 77492, Ci 77491, Ci 77499).'
 'Ürün adı: Bio-Performance Advanced Super Revitalizing Cream\nMarka: SHISEIDO\nKategori: Moisturizer\nFiyat: 78\nPuan: 4.6\nUygun cilt tipleri: Belirlenemedi\n\nÜrün tanıtımı: Shiseido Bio-Performance Advanced Super Revitalizing Cream, cildi nemlendirmeyi ve canlandırmayı hedefleyen bir nemlendiricidir. Cilt görünümünü desteklemeye yardımcı olabilir.\nİçerik analizi: Bu formül, nemlendirme, yumuşatma ve antioksidan özellikler sunan çeşitli bileşenler içermektedir. Silikonlar, nemlendiriciler ve bitkisel özler ile zenginleştirilmiştir. Cetyl Octanoate ve Mortierella Oil komedojenik risk taşıyabilir. Fragrance, Octyl Methoxycinnamate, BHT ve parabenler (Ethylparaben, Butylparaben, Methylparaben) hassasiyet veya iritasyon riski yaratabilir.\n\nIngredients: Water, Glycerin, Cyclomethicone, Butylene Glycol, Dimethicone, Cetyl Octanoate, Squalane, Dimethicone Copolyol, Disteardimonium Hectorite, Hydrogenated C6-14 Olefin Polymers, PEG-150, Mortierella Oil, Phytosteryl Macadamiate, Tocopheryl Acetate, Stearyl Glycyrrhetinate, Arginine HCI, PEG-60 Hydrogenated Castor Oil, Sodium Glutamate, Disodium Adenosine Triphosphate, Saccharomyces Lysate Extract, Sodium Acetylated Hyaluronate, Rosa Roxburghii Extract, Octyl Methoxycinnamate, Agar, Sodium Hexametaphosphate, Trisodium EDTA, Tocopherol, BHT, Ethylparaben, Butylparaben, Methylparaben, Fragrance, Iron Oxides.'
 'Ürün adı: COMPLEXION RESCUE™ Tinted Moisturizer Broad Spectrum SPF 30\nMarka: BAREMINERALS\nKategori: Moisturizer\nFiyat: 30\nPuan: 3.9\nUygun cilt tipleri: Belirlenemedi\n\nÜrün tanıtımı: Bu ürün, cilde nem sağlarken hafif renk tonu ve SPF 30 ile güneş koruması sunan renkli bir nemlendiricidir. Cilt tonunu eşitlemeye ve korumaya yardımcı olabilir.\nİçerik analizi: Ürün, nemlendirici ve yumuşatıcı bileşenler (Squalane, Gliserin, Sodyum Hyaluronat) açısından zengindir. Mineral bazlı renk ve SPF içerir. Isostearic Acid ve Polysorbate 60 komedojenik risk taşıyabilir. Phenoxyethanol hassasiyet/iritasyon riski yaratabilir. Bazı bitki özleri de hassasiyet potansiyeli taşıyabilir.\n\nIngredients: Water, Coconut Alkanes, Propanediol, Squalane, Trehalose, Isostearic Acid, Glycerin, Silica, Agar, Caprylic/Capric Triglyceride, Globularia Cordifolia Callus Culture Extract, Salicornia Herbacea Extract, Melilotus Officinalis Extract, Coco-Caprylate/Caprate, Butylene Glycol, Lauroyl Lysine, Sodium Hyaluronate, Succinoglycan, Polysorbate 60, Cellulose Gum, Polyglyceryl-4 Laurate/Succinate, Sorbitan Sesquiisostearate, Magnesium Stearate, Magnesium Hydroxide, Magnesium Chloride, Potassium Chloride, Calcium Chloride, Potassium Sorbate, Phenoxyethanol. May Contain: Titanium Dioxide, Iron Oxides.']","Uygun cilt tipleri: Combination, Dry, Normal, Oily, Sensitive.","['c830d0cdc847acd4f9b955eea7ddfd2c50148e65e380cf8b050c3103eed5f92a'
 'dc339695033b917a95a4e4c89e6d27c678adf65eed7658a6e427ccfe595b02a2'
 '02415a33943b2cc65c009174fd5b3f5a0cffb6f23d553fd8266e9b7f26f16cc0'
 '4b5f8dccd311e47730367e5f87026a831d17eef1e65d4ab7be67cbac5c0b3d84'
 'ccc5127b6eb60df804b36f4f65a1049f013a066d4afb7e3e907417ea7077844e']",['c830d0cdc847acd4f9b955eea7ddfd2c50148e65e380cf8b050c3103eed5f92a'],1.0,1.0,0.9146356498509096
"Ultra Repair® Cream Intense Hydration ürünün,n fiyatı nedir?",Ultra Repair® Cream Intense Hydration ürününün fiyatı 30'dur.,"['Ürün adı: Ultra Repair® Cream Intense Hydration\nMarka: FIRST AID BEAUTY\nKategori: Moisturizer\nFiyat: 30\nPuan: 4.6\nUygun cilt tipleri: Combination, Dry, Normal, Oily, Sensitive\n\nÜrün tanıtımı: Ultra Repair® Cream Intense Hydration, çeşitli cilt tipleri için yoğun nemlendirme sunan bir nemlendiricidir. Cildi yatıştırmaya ve bariyerini desteklemeye yardımcı olabilecek içerikler barındırır.\nİçerik analizi: Formül, yoğun nemlendirme ve yatıştırma sağlayan bileşenler içerir. Seramid, kolloidal yulaf ezmesi ve bitki özleri ile cildi destekler. Stearik Asit, Gliseril Stearat SE, Gliseril Stearat, Setearil Alkol ve Butyrospermum Parkii Butter komedojenik risk taşıyabilir. Eucalyptus Globulus Leaf Oil ve Chrysanthemum Parthenium Extract hassasiyet/iritasyon riski yaratabilir.\n\nIngredients: Water, Stearic Acid, Glycerin, C12-15 Alkyl Benzoate, Caprylic/Capric Triglyceride, Glyceryl Stearate Se, Glyceryl Stearate, Cetearyl Alcohol, Butyrospermum Parkii Butter, Dimethicone, Squalane, Allantoin, Camellia Sinensis Leaf Extract, Caprylyl Glycol, Ceramide 3, Chrysanthemum Parthenium Extract, Colloidal Oatmeal, Disodium EDTA, Eucalyptus Globulus Leaf Oil, Glycyrrhiza Glabra Root Extract, Sodium Hydroxide, Xanthan Gum, Phenoxyethanol.'
 ""Ürün adı: Ultra Facial Cream\nMarka: KIEHL'S SINCE 1851\nKategori: Moisturizer\nFiyat: 29\nPuan: 4.4\nUygun cilt tipleri: Combination, Dry, Normal, Oily, Sensitive\n\nÜrün tanıtımı: KIEHL'S SINCE 1851 Ultra Facial Cream, cildi nemlendirmeye yardımcı olan popüler bir üründür. Karma, kuru, normal, yağlı ve hassas ciltler dahil birçok cilt tipine uygun olabilir ve kullanıcılar tarafından yüksek puan almıştır.\nİçerik analizi: Ürün, nemlendirici, yumuşatıcı ve bariyer destekleyici bileşenlerin bir kombinasyonunu içerir. Komedojenik risk yaratabilecek içerikler Myristyl Myristate, Olea Europaea Oil olabilir. Hassasiyet/iritasyon riski yaratabilecek içerikler Phenoxyethanol, Methylparaben, Triethanolamine olabilir.\n\nIngredients: Water, Glycerin, Cyclohexasiloxane, Squalane, Bis-Peg-18 Methyl Ether Dimethyl Silane, Sucrose Stearate, Stearyl Alcohol, Peg-8 Stearate, Urea, Myristyl Myristate, Pentaerythrityl Tetraethylhexanoate, Prunus Armeniaca Kernel Oil, Phenoxyethanol, Persea Gratissima Oil, Olea Europaea Oil, Oryza Sativa Bran Oil, Cetyl Alcohol, Glyceryl Stearate, Imperata Cylindrica Root Extract, Stearic Acid, Methylparaben, Chlorphenesin, Palmitic Acid, Disodium Edta, Acrylates/C10-30 Alkyl Acrylate Crosspolymer, Propylparaben, Carbomer, Triethanolamine, Prunus Amygdalus Dulcis Oil, Xanthan Gum, Sodium Hydroxide, Tocopherol, Pseudoalteromonas Ferment Extract, Hydroxypalmitoyl Sphinganine, Caprylyl Glycol.""
 'Ürün adı: Your Skin But Better™ CC+™ Cream with SPF 50+\nMarka: IT COSMETICS\nKategori: Moisturizer\nFiyat: 38\nPuan: 4.1\nUygun cilt tipleri: Combination, Dry, Normal, Oily, Sensitive\n\nÜrün tanıtımı: Bu ürün, cilde renk eşitleme ve yüksek SPF 50+ güneş koruması sunan, nemlendirici özelliklere sahip bir CC kremidir. Cilt tonunu eşitlemeye ve nemlendirmeye yardımcı olabilir.\nİçerik analizi: Ürün, nemlendirici, SPF ve çeşitli aktif bileşenler içeren zengin bir formüle sahiptir. Salyangoz salgısı filtratı, silikonlar, bitkisel yağlar ve vitaminler içerir. Stearik Asit, Orbignya Oleifera Seed Oil ve Persea Gratissima (Avocado) Oil komedojenik risk taşıyabilir. Narenciye yağları (Citrus Medica Limonum Peel Oil, Citrus Aurantium Bergamia Fruit Oil vb.) ve Eucalyptus Globulus Leaf Oil hassasiyet/iritasyon riski yaratabilir. Chlorhexidine Digluconate de hassasiyet riski taşıyabilir.\n\nIngredients: Water, Snail Secretion Filtrate, Phenyl Trimethicone, Dimethicone, Butylene Glycol, Butylene Glycol Dicaprylate/Dicaprate, Orbignya Oleifera Seed Oil, Butyloctyl Salicylate, Cetyl Peg/Ppg-10/1 Dimethicone, Cyclopentasiloxane, Cyclohexasiloxane, Magnesium Sulfate, Polyglyceryl-4 Isostearate, Dimethicone/Vinyl Dimethicone Crosspolymer, Aluminum Hydroxide, Hexyl Laurate, Stearic Acid, Calcium Stearate, Caprylyl Glycol, Triethoxycaprylylsilane, Ethylhexylglycerin, Citrus Medica Limonum (Lemon) Peel Oil, Tocopheryl Acetate, Sorbitan Isostearate, Phenoxyethanol, Citrus Aurantium Bergamia (Bergamot) Fruit Oil, 1,2-Hexanediol, Disodium Edta, Citrus Aurantium Dulcis (Orange) Peel Oil, Citrus Aurantifolia (Lime) Oil, Vitis Vinifera (Grape) Seed Oil, Punica Granatum Seed Oil, Pinus Sylvestris Leaf Oil, Persea Gratissima (Avocado) Oil, Niacinamide, Citrus Grandis (Grapefruit) Peel Oil, Cholesterol, Anthemis Nobilis Flower Water, Lactobacillus/Honeysuckle Flower/Licorice Root/Morus Alba Root/Pueraria Lobata Root/Schizandra Chinensis Fruit/Scutellaria Baicalensis Root/Sophora Japonica Flower Extract Ferment Filtrate, Perfluorohexane, Olea Europaea (Olive) Leaf Extract, Glycerin, Eucalyptus Globulus Leaf Oil, Camellia Sinensis Leaf Extract, Chrysanthemum Indicum Flower Extract, Pueraria Lobata Root Extract, Perfluorodecalin, Morus Alba Fruit Extract, Magnolia Kobus Bark Extract, Glycine Soja (Soybean) Sprout Extract, Diospyros Kaki Leaf Extract, Cinnamomum Cassia Bark Extract, Artemisia Princeps Leaf Extract, Pentafluoropropane, Curcuma Longa (Turmeric) Root Extract, Steareth-20, Hydrolyzed Hyaluronic Acid, Colloidal Oatmeal, Hydrolyzed Silk, Citric Acid, Sodium Benzoate, Potassium Sorbate, Aloe Barbadensis Leaf Extract, N-Hydroxysuccinimide, Hydrolyzed Collagen, Caprylhydroxamic Acid, Tocopherol, Thiamine Hcl, Riboflavin, Retinyl Palmitate, Pantothenic Acid, Palmitoyl Oligopeptide, Niacin, Folic Acid, Chrysin, Carnitine Hcl, Biotin, Ascorbic Acid, Palmitoyl Tetrapeptide-7, Chlorhexidine Digluconate. May Contain: Iron Oxides (Ci 77492, Ci 77491, Ci 77499).'
 'Ürün adı: COMPLEXION RESCUE™ Tinted Moisturizer Broad Spectrum SPF 30\nMarka: BAREMINERALS\nKategori: Moisturizer\nFiyat: 30\nPuan: 3.9\nUygun cilt tipleri: Belirlenemedi\n\nÜrün tanıtımı: Bu ürün, cilde nem sağlarken hafif renk tonu ve SPF 30 ile güneş koruması sunan renkli bir nemlendiricidir. Cilt tonunu eşitlemeye ve korumaya yardımcı olabilir.\nİçerik analizi: Ürün, nemlendirici ve yumuşatıcı bileşenler (Squalane, Gliserin, Sodyum Hyaluronat) açısından zengindir. Mineral bazlı renk ve SPF içerir. Isostearic Acid ve Polysorbate 60 komedojenik risk taşıyabilir. Phenoxyethanol hassasiyet/iritasyon riski yaratabilir. Bazı bitki özleri de hassasiyet potansiyeli taşıyabilir.\n\nIngredients: Water, Coconut Alkanes, Propanediol, Squalane, Trehalose, Isostearic Acid, Glycerin, Silica, Agar, Caprylic/Capric Triglyceride, Globularia Cordifolia Callus Culture Extract, Salicornia Herbacea Extract, Melilotus Officinalis Extract, Coco-Caprylate/Caprate, Butylene Glycol, Lauroyl Lysine, Sodium Hyaluronate, Succinoglycan, Polysorbate 60, Cellulose Gum, Polyglyceryl-4 Laurate/Succinate, Sorbitan Sesquiisostearate, Magnesium Stearate, Magnesium Hydroxide, Magnesium Chloride, Potassium Chloride, Calcium Chloride, Potassium Sorbate, Phenoxyethanol. May Contain: Titanium Dioxide, Iron Oxides.'
 'Ürün adı: Bio-Performance Advanced Super Revitalizing Cream\nMarka: SHISEIDO\nKategori: Moisturizer\nFiyat: 78\nPuan: 4.6\nUygun cilt tipleri: Belirlenemedi\n\nÜrün tanıtımı: Shiseido Bio-Performance Advanced Super Revitalizing Cream, cildi nemlendirmeyi ve canlandırmayı hedefleyen bir nemlendiricidir. Cilt görünümünü desteklemeye yardımcı olabilir.\nİçerik analizi: Bu formül, nemlendirme, yumuşatma ve antioksidan özellikler sunan çeşitli bileşenler içermektedir. Silikonlar, nemlendiriciler ve bitkisel özler ile zenginleştirilmiştir. Cetyl Octanoate ve Mortierella Oil komedojenik risk taşıyabilir. Fragrance, Octyl Methoxycinnamate, BHT ve parabenler (Ethylparaben, Butylparaben, Methylparaben) hassasiyet veya iritasyon riski yaratabilir.\n\nIngredients: Water, Glycerin, Cyclomethicone, Butylene Glycol, Dimethicone, Cetyl Octanoate, Squalane, Dimethicone Copolyol, Disteardimonium Hectorite, Hydrogenated C6-14 Olefin Polymers, PEG-150, Mortierella Oil, Phytosteryl Macadamiate, Tocopheryl Acetate, Stearyl Glycyrrhetinate, Arginine HCI, PEG-60 Hydrogenated Castor Oil, Sodium Glutamate, Disodium Adenosine Triphosphate, Saccharomyces Lysate Extract, Sodium Acetylated Hyaluronate, Rosa Roxburghii Extract, Octyl Methoxycinnamate, Agar, Sodium Hexametaphosphate, Trisodium EDTA, Tocopherol, BHT, Ethylparaben, Butylparaben, Methylparaben, Fragrance, Iron Oxides.']",Fiyat: 30.,"['c830d0cdc847acd4f9b955eea7ddfd2c50148e65e380cf8b050c3103eed5f92a'
 'dc339695033b917a95a4e4c89e6d27c678adf65eed7658a6e427ccfe595b02a2'
 '02415a33943b2cc65c009174fd5b3f5a0cffb6f23d553fd8266e9b7f26f16cc0'
 'ccc5127b6eb60df804b36f4f65a1049f013a066d4afb7e3e907417ea7077844e'
 '4b5f8dccd311e47730367e5f87026a831d17eef1e65d4ab7be67cbac5c0b3d84']",['c830d0cdc847acd4f9b955eea7ddfd2c50148e65e380cf8b050c3103eed5f92a'],1.0,1.0,0.9072061752470951
LA MER markasının Little Miss Miracle Limited-Edition Crème de la Mer ürününün puanı kaç?,LA MER markasının Little Miss Miracle Limited-Edition Crème de la Mer ürününün puanı 5.0'dır.,"[""Ürün adı: Little Miss Miracle Limited-Edition Crème de la Mer\nMarka: LA MER\nKategori: Moisturizer\nFiyat: 325\nPuan: 5.0\nUygun cilt tipleri: Belirlenemedi\n\nÜrün tanıtımı: Little Miss Miracle Limited-Edition Crème de la Mer, LA MER'in özel bir nemlendiricisidir. Cildi nemlendirmeye ve beslemeye yardımcı olmayı hedefleyen lüks bir üründür.\nİçerik analizi: Formül, yoğun nemlendirme ve bariyer desteği sağlayan oklüzif ve emoliyan içeriklerle zengindir. Mineral Oil, Petrolatum, Microcrystalline Wax, Lanolin Alcohol, Sesamum Indicum (Sesame) Seed Oil, Paraffin, Decyl Oleate, Magnesium Stearate komedojenik risk taşıyabilir. Fragrance, Limonene, Geraniol, Linalool, Hydroxycitronellal, Citronellol, Benzyl Salicylate, Citral, Alcohol Denat., Citrus Aurantifolia (Lime) Extract, Eucalyptus Globulus (Eucalyptus) Leaf Oil hassasiyet/iritasyon riski yaratabilir.\n\nIngredients: Algae (Seaweed) Extract, Mineral Oil, Petrolatum, Glycerin, Isohexadecane, Microcrystalline Wax, Lanolin Alcohol, Citrus Aurantifolia (Lime) Extract, Sesamum Indicum (Sesame) Seed Oil, Eucalyptus Globulus (Eucalyptus) Leaf Oil, Sesamum Indicum (Sesame) Seed Powder, Medicago Sativa (Alfalfa) Seed Powder, Helianthus Annuus (Sunflower) Seedcake, Prunus Amygdalus Dulcis (Sweet Almond) Seed Meal, Sodium Gluconate, Copper Gluconate, Calcium Gluconate, Magnesium Gluconate, Zinc Gluconate, Magnesium Sulfate, Paraffin, Tocopheryl Succinate, Niacin, Water, Beta-Carotene, Decyl Oleate, Aluminum Distearate, Octyldodecanol, Citric Acid, Cyanocobalamin, Magnesium Stearate, Panthenol, Limonene, Geraniol, Linalool, Hydroxycitronellal, Citronellol, Benzyl Salicylate, Citral, Sodium Benzoate, Alcohol Denat., Fragrance.""
 'Ürün adı: Crème de la Mer Mini\nMarka: LA MER\nKategori: Moisturizer\nFiyat: 85\nPuan: 4.1\nUygun cilt tipleri: Combination, Dry, Normal, Oily, Sensitive\n\nÜrün tanıtımı: LA MER Crème de la Mer Mini, çeşitli cilt tipleri için tasarlanmış bir nemlendiricidir. Cilde yoğun nem sağlamayı hedefleyebilir.\nİçerik analizi: Formül, yoğun nemlendirme ve cilt bariyerini desteklemeyi amaçlayan oklüzif ve nemlendirici içerikler açısından zengindir. Ayrıca çeşitli bitki özleri, vitaminler ve koku bileşenleri içerir. Lanolin Alcohol, Sesamum Indicum (Sesame) Seed Oil ve Decyl Oleate gibi içerikler komedojenik risk taşıyabilir. Alcohol Denat., Fragrance, Eucalyptus Globulus (Eucalyptus) Leaf Oil ve Limonene gibi bileşenler hassasiyet veya iritasyon riski yaratabilir.\n\nIngredients: Algae (Seaweed) Extract, Mineral Oil, Petrolatum, Glycerin, Isohexadecane, Microcrystalline Wax, Lanolin Alcohol, Citrus Aurantifolia (Lime) Extract, Sesamum Indicum (Sesame) Seed Oil, Eucalyptus Globulus (Eucalyptus) Leaf Oil, Sesamum Indicum (Sesame) Seed Powder, Medicago Sativa (Alfalfa) Seed Powder, Helianthus Annuus (Sunflower) Seedcake, Prunus Amygdalus Dulcis (Sweet Almond) Seed Meal, Sodium Gluconate, Copper Gluconate, Calcium Gluconate, Magnesium Gluconate, Zinc Gluconate, Magnesium Sulfate, Paraffin, Tocopheryl Succinate, Niacin, Water, Beta-Carotene, Decyl Oleate, Aluminum Distearate, Octyldodecanol, Citric Acid, Cyanocobalamin, Magnesium Stearate, Panthenol, Limonene, Geraniol, Linalool, Hydroxycitronellal, Citronellol, Benzyl Salicylate, Citral, Sodium Benzoate, Alcohol Denat., Fragrance.'
 'Ürün adı: Crème de la Mer\nMarka: LA MER\nKategori: Moisturizer\nFiyat: 175\nPuan: 4.1\nUygun cilt tipleri: Combination, Dry, Normal, Oily, Sensitive\n\nÜrün tanıtımı: Crème de la Mer, cildi nemlendirmeye yardımcı olan bir nemlendiricidir. Çeşitli cilt tipleri için uygun olabilir ve genel cilt bakımı rutininize eklenebilir.\nİçerik analizi: Ürün, mineral yağlar, petrolatum ve bitkisel özlerle zengin, yoğun nemlendirme odaklı bir formüle sahiptir. Mineral Oil, Petrolatum, Microcrystalline Wax, Paraffin ve Decyl Oleate komedojenik risk taşıyabilir. Lanolin Alcohol, Alcohol Denat., Fragrance, Limonene, Linalool, Citrus Aurantifolia (Lime) Extract ve Eucalyptus Globulus (Eucalyptus) Leaf Oil hassasiyet/iritasyon riski yaratabilir.\n\nIngredients: Algae (Seaweed) Extract, Mineral Oil, Petrolatum, Glycerin, Isohexadecane, Microcrystalline Wax, Lanolin Alcohol, Citrus Aurantifolia (Lime) Extract, Sesamum Indicum (Sesame) Seed Oil, Eucalyptus Globulus (Eucalyptus) Leaf Oil, Sesamum Indicum (Sesame) Seed Powder, Medicago Sativa (Alfalfa) Seed Powder, Helianthus Annuus (Sunflower) Seedcake, Prunus Amygdalus Dulcis (Sweet Almond) Seed Meal, Sodium Gluconate, Copper Gluconate, Calcium Gluconate, Magnesium Gluconate, Zinc Gluconate, Magnesium Sulfate, Paraffin, Tocopheryl Succinate, Niacin, Water, Beta-Carotene, Decyl Oleate, Aluminum Distearate, Octyldodecanol, Citric Acid, Cyanocobalamin, Magnesium Stearate, Panthenol, Limonene, Geraniol, Linalool, Hydroxycitronellal, Citronellol, Benzyl Salicylate, Citral, Sodium Benzoate, Alcohol Denat., Fragrance.'
 'Ürün adı: The Moisturizing Soft Cream\nMarka: LA MER\nKategori: Moisturizer\nFiyat: 175\nPuan: 3.8\nUygun cilt tipleri: Combination, Dry, Normal, Oily, Sensitive\n\nÜrün tanıtımı: Bu ürün, cildi nemlendirmeye ve yumuşatmaya yardımcı olan zengin içerikli bir nemlendiricidir. Çeşitli cilt tipleri için uygun olabilir.\nİçerik analizi: Ürün, yoğun nemlendirme sağlayan zengin emolyanlar, silikonlar, çeşitli bitkisel özler ve peptitler barındırır. Petrolatum, Shea Butter ve bazı yağ türevleri komedojenik risk taşıyabilir. Parfüm, limon kabuğu ve okaliptüs yağı gibi içerikler hassasiyet veya iritasyon riski yaratabilir.\n\nIngredients: Algae (Seaweed) Extract, Cyclopentasiloxane, Petrolatum, Glyceryl Distearate, Phenyl Trimethicone, Butylene Glycol, Hydrogenated Vegetable Oil, Cholesterol, Butyrospermum Parkii (Shea Butter), Steareth-10, Dimethicone, Glyceryl Stearate Se, Polysilicone-11, Sesamum Indicum (Sesame) Seed Oil, Medicago Sativa (Alfalfa) Seed Powder, Helianthus Annuus (Sunflower) Seedcake, Prunus Amygdalus Dulcis (Sweet Almond) Seed Meal, Eucalyptus Globulus (Eucalyptus) Leaf Oil, Sodium Gluconate, Copper Gluconate, Calcium Gluconate, Magnesium Gluconate, Zinc Gluconate, Tocopheryl Succinate, Niacin, Sesamum Indicum (Sesame) Seed Powder, Water, Citrus Aurantifolia (Lime) Peel Extract, Laminaria Digitata Extract, Crithmum Maritimum Extract, Salicornia Herbacea Extract, Plankton Extract, Chlorella Vulgaris Extract, Glycine Soja (Soybean) Seed Extract, Glycerin, Caffeine, Sea Salt/Maris Sal/Sel Marin, Micrococcus Lysate, Diethylhexyl Succinate, Adenosine Phosphate, Creatine, Hydrolyzed Algin, Isocetyl Stearoyl Stearate, Cetyl Alcohol, Sucrose, Acetyl Hexapeptide-8, Glucose Oxidase, Polyacrylamide, Acetyl Carnitine Hcl, Glucose, Caprylic/Capric Triglyceride, C13-14 Isoparaffin, Tocopheryl Acetate, Tetrahexyldecyl Ascorbate, Sodium Pca, Glycosaminoglycans, Urea, Distearyldimonium Chloride, Dipalmitoyl Hydroxyproline, Sodium Hyaluronate, Laureth-7, Lecithin, Trehalose, Polyquaternium-51, Lactoperoxidase, Hydroxypropyl Cyclodextrin, Cyanocobalamin, Pentylene Glycol, Fragrance, Disodium Edta, Bht, Citronellol, Hydroxycitronellal, Geraniol, Linalool, Limonene, Potassium Sorbate, Phenoxyethanol'
 ""Ürün adı: The Littles™\nMarka: DRUNK ELEPHANT\nKategori: Moisturizer\nFiyat: 90\nPuan: 4.4\nUygun cilt tipleri: Combination, Dry, Normal, Oily\n\nÜrün tanıtımı: The Littles™, Drunk Elephant'ın çeşitli cilt tiplerine uygun, kapsamlı bir cilt bakım rutini sunan mini ürün setidir. Temizleyiciden güneş koruyucuya kadar birçok temel ürünü içerir.\nİçerik analizi: Ürün seti, nemlendirici, antioksidan, eksfoliyan ve güneş koruyucu gibi farklı cilt ihtiyaçlarına yönelik zengin formüller sunar. Marula yağı ve çeşitli bitki özleri sıkça kullanılmıştır. Isopropyl Isostearate ve Sclerocarya Birrea Seed Oil bazı cilt tiplerinde komedojenik risk taşıyabilir. Ascorbic Acid, Glycolic Acid, Salicylic Acid, Lactic Acid, Citric Acid gibi aktifler ve Phenoxyethanol, Chlorphenesin hassasiyet/iritasyon riski yaratabilir. Niacinamide bazı kişilerde kızarıklığa neden olabilir.\n\nIngredients: Beste™ No.9 Jelly Cleanser: Water, Sodium Lauroyl Methyl Isethionate, Glycerin, Cocamidopropyl Betaine, Cocamidopropyl Hydroxysultaine, Sodium Methyl Oleoyl Taurate, Propanediol, Aloe Barbadensis Leaf Extract, Coco-Glucoside, Lauryl Glucoside, Cucumis Melo Cantalupensis Fruit Extract, Sclerocarya Birrea Seed Oil, Dipotassium Glycyrrhizate, Citric Acid, Phenoxyethanol, Sodium Benzoate, Sodium Chloride. C-Firma™ Day Serum: Water, Ethoxydiglycol, Ascorbic Acid, Glycerin, Laureth-23, Lactobacillus/Pumpkin Ferment Extract, Sclerocarya Birrea Seed Oil, Ferulic Acid, Sodium Hyaluronate, Chondrus Crispus Extract, Camellia Sinensis Leaf Extract, Lactobacillus/Punica Granatum Fruit Ferment Extract, Glycyrrhiza Glabra (Licorice) Root Extract, Vitis Vinifera (Grape) Juice Extract, Phyllanthus Emblica Fruit Extract, Hydrolyzed Wheat Protein, Tocopherol, Caprylhydroxamic Acid, Acetyl Glucosamine, Hydrolyzed Quinoa, Glutamylamidoethyl Imidazole, Dipotassium Glycyrrhizate, Tetrahydrodiferuloylmethane, Tetrahydrodemethoxydiferuloylmethane, Tetrahydrobisdemethoxydiferuloylmethane, Sodium Hyaluronate Crosspolymer, Glycine, Sucrose, Maltodextrin, Propanediol, Caprylyl Glycol, Sodium Hydroxide, Xanthan gum, Hydroxyethyl Acrylate/Sodium Acryloyldimethyl Taurate Copolymer, Isohexadecane, Polysorbate 60. B-Hydra™ Intensive Hydration Serum: Water,Coconut Alkanes, Ammonium Acryloyldimethyltaurate/VP Copolymer, Glycerin, Pentylene Glycol, Sclerocarya Birrea Seed Oil, Wheat Amino Acids, Ananas Sativus (Pineapple) Fruit Extract, Berberis Vulgaris Root Extract, Citrullus Lanatus (Watermelon) Fruit Extract, Lens Esculenta (Lentil) Fruit Extract, Pyrus Malus (Apple) Fruit Extract, Coco-Caprylate/Caprate, Panthenol, Sodium PCA, Sodium Hyaluronate Crosspolymer, Dipotassium Glycyrrhizate, Niacinamide, Cyclodextrin, Sodium Hyaluronate, Sodium Lactate, Phenoxyethanol, Hydroxyproline, Trisodium Ethylenediamine Disuccinate, Citric Acid, Caprylyl Glycol, Chlorphenesin, Ethylhexylglycerin. T.L.C. Framboos™ Glycolic Night Serum: Water, Glycolic Acid, Butylene Glycol, Glycerin, Sodium Hydroxide, Salicylic Acid, Lactic Acid, Citric Acid, Vitis Vinifera (Grape) Juice Extract, Aloe Barbadensis Leaf Juice, Opuntia Ficus-Indica Extract, Aesculus Hippocastanum (Horse Chestnut) Seed Extract, Camellia Sinensis Leaf Extract, Rubus Idaeus (Raspberry) Fruit Extract, Saccharomyces Cerevisiae Extract, Buddleja Davidii Meristem Cell Culture, Sclerocarya Birrea Seed Oil, Sodium Hyaluronate Crosspolymer, Allantoin, Hydroxyethylcellulose, Galactoarabinan, Propanediol, Disodium EDTA, Xanthan Gum, Hexylene Glycol, Phenoxyethanol, Caprylyl Glycol, Ethylhexylglycerin, Sodium Nitrate, Potassium Sorbate, Pentylene Glycol, Sodium Benzoate. Virgin Marula Luxury Facial Oil: Sclerocarya Birrea Seed OilLala Retro™Whipped CreamWater,Glycerin, Caprylic/ Capric Triglyceride, Isopropyl Isostearate, Pseudozyma Epicola/Camellia Sinensis Seed Oil/Glucose/Glycine Soja Meal/Malt Extract/Yeast Extract Ferment Filtrate (Pseudozyma Epicola/Camellia Sinensis Seed Oil/Glucose/Yeast Extract Ferment Filtrate), Stearic Acid, Glyceryl Stearate SE, Cetearyl Alcohol, Pentylene Glycol, Plantago Lanceolata Leaf Extract, Adansonia Digitata Seed Oil, Citrullus Lanatus (Watermelon) Seed Oil, Passiflora Edulis Seed Oil, Schinziophyton Rautanenii Kernel Oil, Sclerocarya Birrea Seed Oil, Polyglyceryl-6 Ximenia Americana Seedate, Sodium Hyaluronate Crosspolymer, Ceteareth-20, Trisodium Ethylenediamine Disuccinate, Sodium Hydroxide, Citric Acid, Carbomer, Xanthan Gum, Caprylyl Glycol, Chlorphenesin, Phenoxyethanol, Ethylhexylglycerin. Umbra™ Sheer Physical Daily Defense SPF 30: Zinc Oxide 20%, Water, Caprylic/Capric Triglyceride, Dicaprylyl Carbonate, Glycerin,Pentylene Glycol, Steareth-2, Propanediol, Steareth-21, Polyhydroxystearic Acid, Cetearyl Alcohol, Silica, Sclerocarya Birrea Seed Oil, Aloe Barbadensis Leaf Extract, Chondrus Crispus Extract, Haematococcus Pluvialis Extract, Helianthus Annuus (Sunflower) Sprout Extract, Vitis Vinifera (Grape) Juice Extract, Helianthus Annuus (Sunflower) Seed Oil, Simmondsia Chinensis (Jojoba) Seed Oil, Raspberry Seed Oil/Tocopheryl Succinate Aminopropanediol Esters, Hydrolyzed Wheat Protein,Tocopheryl Acetate, Tocopherol, Sea Water, Acetyl Glucosamine, Cetearyl Glucoside, Sodium Stearoyl Glutamate, Tetrahexyldecyl Ascorbate, Glycine, Sucrose, Lecithin, Triethoxycaprylylsilane, Xanthan Gum, Trisodium Ethylenediamine Disuccinate, Caprylhydroxamic Acid, Mica, Caprylyl Glycol, Phenoxyethanol, Titanium Dioxide (CI 77891), Iron Oxides (CI 77491). Shaba Complex™ Eye Serum: Water, Octyldodecanol, Glycerin, Boron Nitride, Saccharomyces/Xylinum/Black Tea Ferment, Coconut Alkanes, Cetyl Alcohol, Cetearyl Olivate, Sorbitan Olivate, Niacinamide, Copper Tripeptide-1, Leontopodium Alpinum Meristem Cell Culture, Dipeptide-2, Palmitoyl Tripeptide-1, Palmitoyl Tetrapeptide-7, Copper Lysinate/Prolinate, Hesperidin Methyl Chalcone, Chondrus Crispus (Carrageenan), Mangifera Indica (Mango) Seed Butter, Glycine Soja (Soybean) Oil, Hippophae Rhamnoides Oil, Sclerocarya Birrea Seed Oil, Sodium Hyaluronate Crosspolymer, Hydroxyethylcellulose, Coco-Caprylate/Caprate, Steareth-20, Lecithin, Panthenol, N-Hydroxysuccinimide, Ubiquinone, Citric Acid, Thioctic Acid, Tocopherol, Chrysin, Sclerotium Gum, Methylglucoside Phosphate, Xanthan Gum, Potassium Sorbate, Sodium Benzoate, Chlorphenesin, Caprylyl Glycol, Sodium Hydroxide, Phenoxyethanol, Pentylene Glycol, Ethylhexylglycerin.""]",Puan: 5.0.,"['af7306dc42136d29b5b522beae4a5d59999f2ab5a28ad43d5d66ac487e514680'
 'a39ed2a19f44e024c760ac9ee4e1990ef316651340b02424158d8bc43e6bf64f'
 '65e4d1a65dfb3b0b0c62659612acd35456da133d9a069e9175116f09d8701fce'
 '8cc86ba1e5d2afe30984613899405cea69f4f96cd1ccc3aae08963328a2c6b39'
 '652c6936b3b76a58c19c0a0c639d562ab0f579dd4c9dc9f29bdd1ab7af879191']",['af7306dc42136d29b5b522beae4a5d59999f2ab5a28ad43d5d66ac487e514680'],1.0,1.0,0.8978667182023186
Little Miss Miracle Limited-Edition Crème de la Mer ürünü hangi cilt tipleri için uygundur?,Little Miss Miracle Limited-Edition Crème de la Mer için uygun cilt tipleri belirlenemedi.,"[""Ürün adı: Little Miss Miracle Limited-Edition Crème de la Mer\nMarka: LA MER\nKategori: Moisturizer\nFiyat: 325\nPuan: 5.0\nUygun cilt tipleri: Belirlenemedi\n\nÜrün tanıtımı: Little Miss Miracle Limited-Edition Crème de la Mer, LA MER'in özel bir nemlendiricisidir. Cildi nemlendirmeye ve beslemeye yardımcı olmayı hedefleyen lüks bir üründür.\nİçerik analizi: Formül, yoğun nemlendirme ve bariyer desteği sağlayan oklüzif ve emoliyan içeriklerle zengindir. Mineral Oil, Petrolatum, Microcrystalline Wax, Lanolin Alcohol, Sesamum Indicum (Sesame) Seed Oil, Paraffin, Decyl Oleate, Magnesium Stearate komedojenik risk taşıyabilir. Fragrance, Limonene, Geraniol, Linalool, Hydroxycitronellal, Citronellol, Benzyl Salicylate, Citral, Alcohol Denat., Citrus Aurantifolia (Lime) Extract, Eucalyptus Globulus (Eucalyptus) Leaf Oil hassasiyet/iritasyon riski yaratabilir.\n\nIngredients: Algae (Seaweed) Extract, Mineral Oil, Petrolatum, Glycerin, Isohexadecane, Microcrystalline Wax, Lanolin Alcohol, Citrus Aurantifolia (Lime) Extract, Sesamum Indicum (Sesame) Seed Oil, Eucalyptus Globulus (Eucalyptus) Leaf Oil, Sesamum Indicum (Sesame) Seed Powder, Medicago Sativa (Alfalfa) Seed Powder, Helianthus Annuus (Sunflower) Seedcake, Prunus Amygdalus Dulcis (Sweet Almond) Seed Meal, Sodium Gluconate, Copper Gluconate, Calcium Gluconate, Magnesium Gluconate, Zinc Gluconate, Magnesium Sulfate, Paraffin, Tocopheryl Succinate, Niacin, Water, Beta-Carotene, Decyl Oleate, Aluminum Distearate, Octyldodecanol, Citric Acid, Cyanocobalamin, Magnesium Stearate, Panthenol, Limonene, Geraniol, Linalool, Hydroxycitronellal, Citronellol, Benzyl Salicylate, Citral, Sodium Benzoate, Alcohol Denat., Fragrance.""
 'Ürün adı: Crème de la Mer Mini\nMarka: LA MER\nKategori: Moisturizer\nFiyat: 85\nPuan: 4.1\nUygun cilt tipleri: Combination, Dry, Normal, Oily, Sensitive\n\nÜrün tanıtımı: LA MER Crème de la Mer Mini, çeşitli cilt tipleri için tasarlanmış bir nemlendiricidir. Cilde yoğun nem sağlamayı hedefleyebilir.\nİçerik analizi: Formül, yoğun nemlendirme ve cilt bariyerini desteklemeyi amaçlayan oklüzif ve nemlendirici içerikler açısından zengindir. Ayrıca çeşitli bitki özleri, vitaminler ve koku bileşenleri içerir. Lanolin Alcohol, Sesamum Indicum (Sesame) Seed Oil ve Decyl Oleate gibi içerikler komedojenik risk taşıyabilir. Alcohol Denat., Fragrance, Eucalyptus Globulus (Eucalyptus) Leaf Oil ve Limonene gibi bileşenler hassasiyet veya iritasyon riski yaratabilir.\n\nIngredients: Algae (Seaweed) Extract, Mineral Oil, Petrolatum, Glycerin, Isohexadecane, Microcrystalline Wax, Lanolin Alcohol, Citrus Aurantifolia (Lime) Extract, Sesamum Indicum (Sesame) Seed Oil, Eucalyptus Globulus (Eucalyptus) Leaf Oil, Sesamum Indicum (Sesame) Seed Powder, Medicago Sativa (Alfalfa) Seed Powder, Helianthus Annuus (Sunflower) Seedcake, Prunus Amygdalus Dulcis (Sweet Almond) Seed Meal, Sodium Gluconate, Copper Gluconate, Calcium Gluconate, Magnesium Gluconate, Zinc Gluconate, Magnesium Sulfate, Paraffin, Tocopheryl Succinate, Niacin, Water, Beta-Carotene, Decyl Oleate, Aluminum Distearate, Octyldodecanol, Citric Acid, Cyanocobalamin, Magnesium Stearate, Panthenol, Limonene, Geraniol, Linalool, Hydroxycitronellal, Citronellol, Benzyl Salicylate, Citral, Sodium Benzoate, Alcohol Denat., Fragrance.'
 'Ürün adı: Crème de la Mer\nMarka: LA MER\nKategori: Moisturizer\nFiyat: 175\nPuan: 4.1\nUygun cilt tipleri: Combination, Dry, Normal, Oily, Sensitive\n\nÜrün tanıtımı: Crème de la Mer, cildi nemlendirmeye yardımcı olan bir nemlendiricidir. Çeşitli cilt tipleri için uygun olabilir ve genel cilt bakımı rutininize eklenebilir.\nİçerik analizi: Ürün, mineral yağlar, petrolatum ve bitkisel özlerle zengin, yoğun nemlendirme odaklı bir formüle sahiptir. Mineral Oil, Petrolatum, Microcrystalline Wax, Paraffin ve Decyl Oleate komedojenik risk taşıyabilir. Lanolin Alcohol, Alcohol Denat., Fragrance, Limonene, Linalool, Citrus Aurantifolia (Lime) Extract ve Eucalyptus Globulus (Eucalyptus) Leaf Oil hassasiyet/iritasyon riski yaratabilir.\n\nIngredients: Algae (Seaweed) Extract, Mineral Oil, Petrolatum, Glycerin, Isohexadecane, Microcrystalline Wax, Lanolin Alcohol, Citrus Aurantifolia (Lime) Extract, Sesamum Indicum (Sesame) Seed Oil, Eucalyptus Globulus (Eucalyptus) Leaf Oil, Sesamum Indicum (Sesame) Seed Powder, Medicago Sativa (Alfalfa) Seed Powder, Helianthus Annuus (Sunflower) Seedcake, Prunus Amygdalus Dulcis (Sweet Almond) Seed Meal, Sodium Gluconate, Copper Gluconate, Calcium Gluconate, Magnesium Gluconate, Zinc Gluconate, Magnesium Sulfate, Paraffin, Tocopheryl Succinate, Niacin, Water, Beta-Carotene, Decyl Oleate, Aluminum Distearate, Octyldodecanol, Citric Acid, Cyanocobalamin, Magnesium Stearate, Panthenol, Limonene, Geraniol, Linalool, Hydroxycitronellal, Citronellol, Benzyl Salicylate, Citral, Sodium Benzoate, Alcohol Denat., Fragrance.'
 'Ürün adı: The Moisturizing Soft Cream\nMarka: LA MER\nKategori: Moisturizer\nFiyat: 175\nPuan: 3.8\nUygun cilt tipleri: Combination, Dry, Normal, Oily, Sensitive\n\nÜrün tanıtımı: Bu ürün, cildi nemlendirmeye ve yumuşatmaya yardımcı olan zengin içerikli bir nemlendiricidir. Çeşitli cilt tipleri için uygun olabilir.\nİçerik analizi: Ürün, yoğun nemlendirme sağlayan zengin emolyanlar, silikonlar, çeşitli bitkisel özler ve peptitler barındırır. Petrolatum, Shea Butter ve bazı yağ türevleri komedojenik risk taşıyabilir. Parfüm, limon kabuğu ve okaliptüs yağı gibi içerikler hassasiyet veya iritasyon riski yaratabilir.\n\nIngredients: Algae (Seaweed) Extract, Cyclopentasiloxane, Petrolatum, Glyceryl Distearate, Phenyl Trimethicone, Butylene Glycol, Hydrogenated Vegetable Oil, Cholesterol, Butyrospermum Parkii (Shea Butter), Steareth-10, Dimethicone, Glyceryl Stearate Se, Polysilicone-11, Sesamum Indicum (Sesame) Seed Oil, Medicago Sativa (Alfalfa) Seed Powder, Helianthus Annuus (Sunflower) Seedcake, Prunus Amygdalus Dulcis (Sweet Almond) Seed Meal, Eucalyptus Globulus (Eucalyptus) Leaf Oil, Sodium Gluconate, Copper Gluconate, Calcium Gluconate, Magnesium Gluconate, Zinc Gluconate, Tocopheryl Succinate, Niacin, Sesamum Indicum (Sesame) Seed Powder, Water, Citrus Aurantifolia (Lime) Peel Extract, Laminaria Digitata Extract, Crithmum Maritimum Extract, Salicornia Herbacea Extract, Plankton Extract, Chlorella Vulgaris Extract, Glycine Soja (Soybean) Seed Extract, Glycerin, Caffeine, Sea Salt/Maris Sal/Sel Marin, Micrococcus Lysate, Diethylhexyl Succinate, Adenosine Phosphate, Creatine, Hydrolyzed Algin, Isocetyl Stearoyl Stearate, Cetyl Alcohol, Sucrose, Acetyl Hexapeptide-8, Glucose Oxidase, Polyacrylamide, Acetyl Carnitine Hcl, Glucose, Caprylic/Capric Triglyceride, C13-14 Isoparaffin, Tocopheryl Acetate, Tetrahexyldecyl Ascorbate, Sodium Pca, Glycosaminoglycans, Urea, Distearyldimonium Chloride, Dipalmitoyl Hydroxyproline, Sodium Hyaluronate, Laureth-7, Lecithin, Trehalose, Polyquaternium-51, Lactoperoxidase, Hydroxypropyl Cyclodextrin, Cyanocobalamin, Pentylene Glycol, Fragrance, Disodium Edta, Bht, Citronellol, Hydroxycitronellal, Geraniol, Linalool, Limonene, Potassium Sorbate, Phenoxyethanol'
 ""Ürün adı: The Littles™\nMarka: DRUNK ELEPHANT\nKategori: Moisturizer\nFiyat: 90\nPuan: 4.4\nUygun cilt tipleri: Combination, Dry, Normal, Oily\n\nÜrün tanıtımı: The Littles™, Drunk Elephant'ın çeşitli cilt tiplerine uygun, kapsamlı bir cilt bakım rutini sunan mini ürün setidir. Temizleyiciden güneş koruyucuya kadar birçok temel ürünü içerir.\nİçerik analizi: Ürün seti, nemlendirici, antioksidan, eksfoliyan ve güneş koruyucu gibi farklı cilt ihtiyaçlarına yönelik zengin formüller sunar. Marula yağı ve çeşitli bitki özleri sıkça kullanılmıştır. Isopropyl Isostearate ve Sclerocarya Birrea Seed Oil bazı cilt tiplerinde komedojenik risk taşıyabilir. Ascorbic Acid, Glycolic Acid, Salicylic Acid, Lactic Acid, Citric Acid gibi aktifler ve Phenoxyethanol, Chlorphenesin hassasiyet/iritasyon riski yaratabilir. Niacinamide bazı kişilerde kızarıklığa neden olabilir.\n\nIngredients: Beste™ No.9 Jelly Cleanser: Water, Sodium Lauroyl Methyl Isethionate, Glycerin, Cocamidopropyl Betaine, Cocamidopropyl Hydroxysultaine, Sodium Methyl Oleoyl Taurate, Propanediol, Aloe Barbadensis Leaf Extract, Coco-Glucoside, Lauryl Glucoside, Cucumis Melo Cantalupensis Fruit Extract, Sclerocarya Birrea Seed Oil, Dipotassium Glycyrrhizate, Citric Acid, Phenoxyethanol, Sodium Benzoate, Sodium Chloride. C-Firma™ Day Serum: Water, Ethoxydiglycol, Ascorbic Acid, Glycerin, Laureth-23, Lactobacillus/Pumpkin Ferment Extract, Sclerocarya Birrea Seed Oil, Ferulic Acid, Sodium Hyaluronate, Chondrus Crispus Extract, Camellia Sinensis Leaf Extract, Lactobacillus/Punica Granatum Fruit Ferment Extract, Glycyrrhiza Glabra (Licorice) Root Extract, Vitis Vinifera (Grape) Juice Extract, Phyllanthus Emblica Fruit Extract, Hydrolyzed Wheat Protein, Tocopherol, Caprylhydroxamic Acid, Acetyl Glucosamine, Hydrolyzed Quinoa, Glutamylamidoethyl Imidazole, Dipotassium Glycyrrhizate, Tetrahydrodiferuloylmethane, Tetrahydrodemethoxydiferuloylmethane, Tetrahydrobisdemethoxydiferuloylmethane, Sodium Hyaluronate Crosspolymer, Glycine, Sucrose, Maltodextrin, Propanediol, Caprylyl Glycol, Sodium Hydroxide, Xanthan gum, Hydroxyethyl Acrylate/Sodium Acryloyldimethyl Taurate Copolymer, Isohexadecane, Polysorbate 60. B-Hydra™ Intensive Hydration Serum: Water,Coconut Alkanes, Ammonium Acryloyldimethyltaurate/VP Copolymer, Glycerin, Pentylene Glycol, Sclerocarya Birrea Seed Oil, Wheat Amino Acids, Ananas Sativus (Pineapple) Fruit Extract, Berberis Vulgaris Root Extract, Citrullus Lanatus (Watermelon) Fruit Extract, Lens Esculenta (Lentil) Fruit Extract, Pyrus Malus (Apple) Fruit Extract, Coco-Caprylate/Caprate, Panthenol, Sodium PCA, Sodium Hyaluronate Crosspolymer, Dipotassium Glycyrrhizate, Niacinamide, Cyclodextrin, Sodium Hyaluronate, Sodium Lactate, Phenoxyethanol, Hydroxyproline, Trisodium Ethylenediamine Disuccinate, Citric Acid, Caprylyl Glycol, Chlorphenesin, Ethylhexylglycerin. T.L.C. Framboos™ Glycolic Night Serum: Water, Glycolic Acid, Butylene Glycol, Glycerin, Sodium Hydroxide, Salicylic Acid, Lactic Acid, Citric Acid, Vitis Vinifera (Grape) Juice Extract, Aloe Barbadensis Leaf Juice, Opuntia Ficus-Indica Extract, Aesculus Hippocastanum (Horse Chestnut) Seed Extract, Camellia Sinensis Leaf Extract, Rubus Idaeus (Raspberry) Fruit Extract, Saccharomyces Cerevisiae Extract, Buddleja Davidii Meristem Cell Culture, Sclerocarya Birrea Seed Oil, Sodium Hyaluronate Crosspolymer, Allantoin, Hydroxyethylcellulose, Galactoarabinan, Propanediol, Disodium EDTA, Xanthan Gum, Hexylene Glycol, Phenoxyethanol, Caprylyl Glycol, Ethylhexylglycerin, Sodium Nitrate, Potassium Sorbate, Pentylene Glycol, Sodium Benzoate. Virgin Marula Luxury Facial Oil: Sclerocarya Birrea Seed OilLala Retro™Whipped CreamWater,Glycerin, Caprylic/ Capric Triglyceride, Isopropyl Isostearate, Pseudozyma Epicola/Camellia Sinensis Seed Oil/Glucose/Glycine Soja Meal/Malt Extract/Yeast Extract Ferment Filtrate (Pseudozyma Epicola/Camellia Sinensis Seed Oil/Glucose/Yeast Extract Ferment Filtrate), Stearic Acid, Glyceryl Stearate SE, Cetearyl Alcohol, Pentylene Glycol, Plantago Lanceolata Leaf Extract, Adansonia Digitata Seed Oil, Citrullus Lanatus (Watermelon) Seed Oil, Passiflora Edulis Seed Oil, Schinziophyton Rautanenii Kernel Oil, Sclerocarya Birrea Seed Oil, Polyglyceryl-6 Ximenia Americana Seedate, Sodium Hyaluronate Crosspolymer, Ceteareth-20, Trisodium Ethylenediamine Disuccinate, Sodium Hydroxide, Citric Acid, Carbomer, Xanthan Gum, Caprylyl Glycol, Chlorphenesin, Phenoxyethanol, Ethylhexylglycerin. Umbra™ Sheer Physical Daily Defense SPF 30: Zinc Oxide 20%, Water, Caprylic/Capric Triglyceride, Dicaprylyl Carbonate, Glycerin,Pentylene Glycol, Steareth-2, Propanediol, Steareth-21, Polyhydroxystearic Acid, Cetearyl Alcohol, Silica, Sclerocarya Birrea Seed Oil, Aloe Barbadensis Leaf Extract, Chondrus Crispus Extract, Haematococcus Pluvialis Extract, Helianthus Annuus (Sunflower) Sprout Extract, Vitis Vinifera (Grape) Juice Extract, Helianthus Annuus (Sunflower) Seed Oil, Simmondsia Chinensis (Jojoba) Seed Oil, Raspberry Seed Oil/Tocopheryl Succinate Aminopropanediol Esters, Hydrolyzed Wheat Protein,Tocopheryl Acetate, Tocopherol, Sea Water, Acetyl Glucosamine, Cetearyl Glucoside, Sodium Stearoyl Glutamate, Tetrahexyldecyl Ascorbate, Glycine, Sucrose, Lecithin, Triethoxycaprylylsilane, Xanthan Gum, Trisodium Ethylenediamine Disuccinate, Caprylhydroxamic Acid, Mica, Caprylyl Glycol, Phenoxyethanol, Titanium Dioxide (CI 77891), Iron Oxides (CI 77491). Shaba Complex™ Eye Serum: Water, Octyldodecanol, Glycerin, Boron Nitride, Saccharomyces/Xylinum/Black Tea Ferment, Coconut Alkanes, Cetyl Alcohol, Cetearyl Olivate, Sorbitan Olivate, Niacinamide, Copper Tripeptide-1, Leontopodium Alpinum Meristem Cell Culture, Dipeptide-2, Palmitoyl Tripeptide-1, Palmitoyl Tetrapeptide-7, Copper Lysinate/Prolinate, Hesperidin Methyl Chalcone, Chondrus Crispus (Carrageenan), Mangifera Indica (Mango) Seed Butter, Glycine Soja (Soybean) Oil, Hippophae Rhamnoides Oil, Sclerocarya Birrea Seed Oil, Sodium Hyaluronate Crosspolymer, Hydroxyethylcellulose, Coco-Caprylate/Caprate, Steareth-20, Lecithin, Panthenol, N-Hydroxysuccinimide, Ubiquinone, Citric Acid, Thioctic Acid, Tocopherol, Chrysin, Sclerotium Gum, Methylglucoside Phosphate, Xanthan Gum, Potassium Sorbate, Sodium Benzoate, Chlorphenesin, Caprylyl Glycol, Sodium Hydroxide, Phenoxyethanol, Pentylene Glycol, Ethylhexylglycerin.""]",Uygun cilt tipleri: Belirlenemedi.,"['af7306dc42136d29b5b522beae4a5d59999f2ab5a28ad43d5d66ac487e514680'
 'a39ed2a19f44e024c760ac9ee4e1990ef316651340b02424158d8bc43e6bf64f'
 '65e4d1a65dfb3b0b0c62659612acd35456da133d9a069e9175116f09d8701fce'
 '8cc86ba1e5d2afe30984613899405cea69f4f96cd1ccc3aae08963328a2c6b39'
 '652c6936b3b76a58c19c0a0c639d562ab0f579dd4c9dc9f29bdd1ab7af879191']",['af7306dc42136d29b5b522beae4a5d59999f2ab5a28ad43d5d66ac487e514680'],1.0,1.0,0.0
"Little Miss Miracle Limited-Edition Crème de la Mer ürünün,n fiyatı nedir?",Little Miss Miracle Limited-Edition Crème de la Mer ürününün fiyatı 325'tir.,"[""Ürün adı: Little Miss Miracle Limited-Edition Crème de la Mer\nMarka: LA MER\nKategori: Moisturizer\nFiyat: 325\nPuan: 5.0\nUygun cilt tipleri: Belirlenemedi\n\nÜrün tanıtımı: Little Miss Miracle Limited-Edition Crème de la Mer, LA MER'in özel bir nemlendiricisidir. Cildi nemlendirmeye ve beslemeye yardımcı olmayı hedefleyen lüks bir üründür.\nİçerik analizi: Formül, yoğun nemlendirme ve bariyer desteği sağlayan oklüzif ve emoliyan içeriklerle zengindir. Mineral Oil, Petrolatum, Microcrystalline Wax, Lanolin Alcohol, Sesamum Indicum (Sesame) Seed Oil, Paraffin, Decyl Oleate, Magnesium Stearate komedojenik risk taşıyabilir. Fragrance, Limonene, Geraniol, Linalool, Hydroxycitronellal, Citronellol, Benzyl Salicylate, Citral, Alcohol Denat., Citrus Aurantifolia (Lime) Extract, Eucalyptus Globulus (Eucalyptus) Leaf Oil hassasiyet/iritasyon riski yaratabilir.\n\nIngredients: Algae (Seaweed) Extract, Mineral Oil, Petrolatum, Glycerin, Isohexadecane, Microcrystalline Wax, Lanolin Alcohol, Citrus Aurantifolia (Lime) Extract, Sesamum Indicum (Sesame) Seed Oil, Eucalyptus Globulus (Eucalyptus) Leaf Oil, Sesamum Indicum (Sesame) Seed Powder, Medicago Sativa (Alfalfa) Seed Powder, Helianthus Annuus (Sunflower) Seedcake, Prunus Amygdalus Dulcis (Sweet Almond) Seed Meal, Sodium Gluconate, Copper Gluconate, Calcium Gluconate, Magnesium Gluconate, Zinc Gluconate, Magnesium Sulfate, Paraffin, Tocopheryl Succinate, Niacin, Water, Beta-Carotene, Decyl Oleate, Aluminum Distearate, Octyldodecanol, Citric Acid, Cyanocobalamin, Magnesium Stearate, Panthenol, Limonene, Geraniol, Linalool, Hydroxycitronellal, Citronellol, Benzyl Salicylate, Citral, Sodium Benzoate, Alcohol Denat., Fragrance.""
 'Ürün adı: Crème de la Mer Mini\nMarka: LA MER\nKategori: Moisturizer\nFiyat: 85\nPuan: 4.1\nUygun cilt tipleri: Combination, Dry, Normal, Oily, Sensitive\n\nÜrün tanıtımı: LA MER Crème de la Mer Mini, çeşitli cilt tipleri için tasarlanmış bir nemlendiricidir. Cilde yoğun nem sağlamayı hedefleyebilir.\nİçerik analizi: Formül, yoğun nemlendirme ve cilt bariyerini desteklemeyi amaçlayan oklüzif ve nemlendirici içerikler açısından zengindir. Ayrıca çeşitli bitki özleri, vitaminler ve koku bileşenleri içerir. Lanolin Alcohol, Sesamum Indicum (Sesame) Seed Oil ve Decyl Oleate gibi içerikler komedojenik risk taşıyabilir. Alcohol Denat., Fragrance, Eucalyptus Globulus (Eucalyptus) Leaf Oil ve Limonene gibi bileşenler hassasiyet veya iritasyon riski yaratabilir.\n\nIngredients: Algae (Seaweed) Extract, Mineral Oil, Petrolatum, Glycerin, Isohexadecane, Microcrystalline Wax, Lanolin Alcohol, Citrus Aurantifolia (Lime) Extract, Sesamum Indicum (Sesame) Seed Oil, Eucalyptus Globulus (Eucalyptus) Leaf Oil, Sesamum Indicum (Sesame) Seed Powder, Medicago Sativa (Alfalfa) Seed Powder, Helianthus Annuus (Sunflower) Seedcake, Prunus Amygdalus Dulcis (Sweet Almond) Seed Meal, Sodium Gluconate, Copper Gluconate, Calcium Gluconate, Magnesium Gluconate, Zinc Gluconate, Magnesium Sulfate, Paraffin, Tocopheryl Succinate, Niacin, Water, Beta-Carotene, Decyl Oleate, Aluminum Distearate, Octyldodecanol, Citric Acid, Cyanocobalamin, Magnesium Stearate, Panthenol, Limonene, Geraniol, Linalool, Hydroxycitronellal, Citronellol, Benzyl Salicylate, Citral, Sodium Benzoate, Alcohol Denat., Fragrance.'
 'Ürün adı: Crème de la Mer\nMarka: LA MER\nKategori: Moisturizer\nFiyat: 175\nPuan: 4.1\nUygun cilt tipleri: Combination, Dry, Normal, Oily, Sensitive\n\nÜrün tanıtımı: Crème de la Mer, cildi nemlendirmeye yardımcı olan bir nemlendiricidir. Çeşitli cilt tipleri için uygun olabilir ve genel cilt bakımı rutininize eklenebilir.\nİçerik analizi: Ürün, mineral yağlar, petrolatum ve bitkisel özlerle zengin, yoğun nemlendirme odaklı bir formüle sahiptir. Mineral Oil, Petrolatum, Microcrystalline Wax, Paraffin ve Decyl Oleate komedojenik risk taşıyabilir. Lanolin Alcohol, Alcohol Denat., Fragrance, Limonene, Linalool, Citrus Aurantifolia (Lime) Extract ve Eucalyptus Globulus (Eucalyptus) Leaf Oil hassasiyet/iritasyon riski yaratabilir.\n\nIngredients: Algae (Seaweed) Extract, Mineral Oil, Petrolatum, Glycerin, Isohexadecane, Microcrystalline Wax, Lanolin Alcohol, Citrus Aurantifolia (Lime) Extract, Sesamum Indicum (Sesame) Seed Oil, Eucalyptus Globulus (Eucalyptus) Leaf Oil, Sesamum Indicum (Sesame) Seed Powder, Medicago Sativa (Alfalfa) Seed Powder, Helianthus Annuus (Sunflower) Seedcake, Prunus Amygdalus Dulcis (Sweet Almond) Seed Meal, Sodium Gluconate, Copper Gluconate, Calcium Gluconate, Magnesium Gluconate, Zinc Gluconate, Magnesium Sulfate, Paraffin, Tocopheryl Succinate, Niacin, Water, Beta-Carotene, Decyl Oleate, Aluminum Distearate, Octyldodecanol, Citric Acid, Cyanocobalamin, Magnesium Stearate, Panthenol, Limonene, Geraniol, Linalool, Hydroxycitronellal, Citronellol, Benzyl Salicylate, Citral, Sodium Benzoate, Alcohol Denat., Fragrance.'
 'Ürün adı: The Moisturizing Soft Cream\nMarka: LA MER\nKategori: Moisturizer\nFiyat: 175\nPuan: 3.8\nUygun cilt tipleri: Combination, Dry, Normal, Oily, Sensitive\n\nÜrün tanıtımı: Bu ürün, cildi nemlendirmeye ve yumuşatmaya yardımcı olan zengin içerikli bir nemlendiricidir. Çeşitli cilt tipleri için uygun olabilir.\nİçerik analizi: Ürün, yoğun nemlendirme sağlayan zengin emolyanlar, silikonlar, çeşitli bitkisel özler ve peptitler barındırır. Petrolatum, Shea Butter ve bazı yağ türevleri komedojenik risk taşıyabilir. Parfüm, limon kabuğu ve okaliptüs yağı gibi içerikler hassasiyet veya iritasyon riski yaratabilir.\n\nIngredients: Algae (Seaweed) Extract, Cyclopentasiloxane, Petrolatum, Glyceryl Distearate, Phenyl Trimethicone, Butylene Glycol, Hydrogenated Vegetable Oil, Cholesterol, Butyrospermum Parkii (Shea Butter), Steareth-10, Dimethicone, Glyceryl Stearate Se, Polysilicone-11, Sesamum Indicum (Sesame) Seed Oil, Medicago Sativa (Alfalfa) Seed Powder, Helianthus Annuus (Sunflower) Seedcake, Prunus Amygdalus Dulcis (Sweet Almond) Seed Meal, Eucalyptus Globulus (Eucalyptus) Leaf Oil, Sodium Gluconate, Copper Gluconate, Calcium Gluconate, Magnesium Gluconate, Zinc Gluconate, Tocopheryl Succinate, Niacin, Sesamum Indicum (Sesame) Seed Powder, Water, Citrus Aurantifolia (Lime) Peel Extract, Laminaria Digitata Extract, Crithmum Maritimum Extract, Salicornia Herbacea Extract, Plankton Extract, Chlorella Vulgaris Extract, Glycine Soja (Soybean) Seed Extract, Glycerin, Caffeine, Sea Salt/Maris Sal/Sel Marin, Micrococcus Lysate, Diethylhexyl Succinate, Adenosine Phosphate, Creatine, Hydrolyzed Algin, Isocetyl Stearoyl Stearate, Cetyl Alcohol, Sucrose, Acetyl Hexapeptide-8, Glucose Oxidase, Polyacrylamide, Acetyl Carnitine Hcl, Glucose, Caprylic/Capric Triglyceride, C13-14 Isoparaffin, Tocopheryl Acetate, Tetrahexyldecyl Ascorbate, Sodium Pca, Glycosaminoglycans, Urea, Distearyldimonium Chloride, Dipalmitoyl Hydroxyproline, Sodium Hyaluronate, Laureth-7, Lecithin, Trehalose, Polyquaternium-51, Lactoperoxidase, Hydroxypropyl Cyclodextrin, Cyanocobalamin, Pentylene Glycol, Fragrance, Disodium Edta, Bht, Citronellol, Hydroxycitronellal, Geraniol, Linalool, Limonene, Potassium Sorbate, Phenoxyethanol'
 ""Ürün adı: The Littles™\nMarka: DRUNK ELEPHANT\nKategori: Moisturizer\nFiyat: 90\nPuan: 4.4\nUygun cilt tipleri: Combination, Dry, Normal, Oily\n\nÜrün tanıtımı: The Littles™, Drunk Elephant'ın çeşitli cilt tiplerine uygun, kapsamlı bir cilt bakım rutini sunan mini ürün setidir. Temizleyiciden güneş koruyucuya kadar birçok temel ürünü içerir.\nİçerik analizi: Ürün seti, nemlendirici, antioksidan, eksfoliyan ve güneş koruyucu gibi farklı cilt ihtiyaçlarına yönelik zengin formüller sunar. Marula yağı ve çeşitli bitki özleri sıkça kullanılmıştır. Isopropyl Isostearate ve Sclerocarya Birrea Seed Oil bazı cilt tiplerinde komedojenik risk taşıyabilir. Ascorbic Acid, Glycolic Acid, Salicylic Acid, Lactic Acid, Citric Acid gibi aktifler ve Phenoxyethanol, Chlorphenesin hassasiyet/iritasyon riski yaratabilir. Niacinamide bazı kişilerde kızarıklığa neden olabilir.\n\nIngredients: Beste™ No.9 Jelly Cleanser: Water, Sodium Lauroyl Methyl Isethionate, Glycerin, Cocamidopropyl Betaine, Cocamidopropyl Hydroxysultaine, Sodium Methyl Oleoyl Taurate, Propanediol, Aloe Barbadensis Leaf Extract, Coco-Glucoside, Lauryl Glucoside, Cucumis Melo Cantalupensis Fruit Extract, Sclerocarya Birrea Seed Oil, Dipotassium Glycyrrhizate, Citric Acid, Phenoxyethanol, Sodium Benzoate, Sodium Chloride. C-Firma™ Day Serum: Water, Ethoxydiglycol, Ascorbic Acid, Glycerin, Laureth-23, Lactobacillus/Pumpkin Ferment Extract, Sclerocarya Birrea Seed Oil, Ferulic Acid, Sodium Hyaluronate, Chondrus Crispus Extract, Camellia Sinensis Leaf Extract, Lactobacillus/Punica Granatum Fruit Ferment Extract, Glycyrrhiza Glabra (Licorice) Root Extract, Vitis Vinifera (Grape) Juice Extract, Phyllanthus Emblica Fruit Extract, Hydrolyzed Wheat Protein, Tocopherol, Caprylhydroxamic Acid, Acetyl Glucosamine, Hydrolyzed Quinoa, Glutamylamidoethyl Imidazole, Dipotassium Glycyrrhizate, Tetrahydrodiferuloylmethane, Tetrahydrodemethoxydiferuloylmethane, Tetrahydrobisdemethoxydiferuloylmethane, Sodium Hyaluronate Crosspolymer, Glycine, Sucrose, Maltodextrin, Propanediol, Caprylyl Glycol, Sodium Hydroxide, Xanthan gum, Hydroxyethyl Acrylate/Sodium Acryloyldimethyl Taurate Copolymer, Isohexadecane, Polysorbate 60. B-Hydra™ Intensive Hydration Serum: Water,Coconut Alkanes, Ammonium Acryloyldimethyltaurate/VP Copolymer, Glycerin, Pentylene Glycol, Sclerocarya Birrea Seed Oil, Wheat Amino Acids, Ananas Sativus (Pineapple) Fruit Extract, Berberis Vulgaris Root Extract, Citrullus Lanatus (Watermelon) Fruit Extract, Lens Esculenta (Lentil) Fruit Extract, Pyrus Malus (Apple) Fruit Extract, Coco-Caprylate/Caprate, Panthenol, Sodium PCA, Sodium Hyaluronate Crosspolymer, Dipotassium Glycyrrhizate, Niacinamide, Cyclodextrin, Sodium Hyaluronate, Sodium Lactate, Phenoxyethanol, Hydroxyproline, Trisodium Ethylenediamine Disuccinate, Citric Acid, Caprylyl Glycol, Chlorphenesin, Ethylhexylglycerin. T.L.C. Framboos™ Glycolic Night Serum: Water, Glycolic Acid, Butylene Glycol, Glycerin, Sodium Hydroxide, Salicylic Acid, Lactic Acid, Citric Acid, Vitis Vinifera (Grape) Juice Extract, Aloe Barbadensis Leaf Juice, Opuntia Ficus-Indica Extract, Aesculus Hippocastanum (Horse Chestnut) Seed Extract, Camellia Sinensis Leaf Extract, Rubus Idaeus (Raspberry) Fruit Extract, Saccharomyces Cerevisiae Extract, Buddleja Davidii Meristem Cell Culture, Sclerocarya Birrea Seed Oil, Sodium Hyaluronate Crosspolymer, Allantoin, Hydroxyethylcellulose, Galactoarabinan, Propanediol, Disodium EDTA, Xanthan Gum, Hexylene Glycol, Phenoxyethanol, Caprylyl Glycol, Ethylhexylglycerin, Sodium Nitrate, Potassium Sorbate, Pentylene Glycol, Sodium Benzoate. Virgin Marula Luxury Facial Oil: Sclerocarya Birrea Seed OilLala Retro™Whipped CreamWater,Glycerin, Caprylic/ Capric Triglyceride, Isopropyl Isostearate, Pseudozyma Epicola/Camellia Sinensis Seed Oil/Glucose/Glycine Soja Meal/Malt Extract/Yeast Extract Ferment Filtrate (Pseudozyma Epicola/Camellia Sinensis Seed Oil/Glucose/Yeast Extract Ferment Filtrate), Stearic Acid, Glyceryl Stearate SE, Cetearyl Alcohol, Pentylene Glycol, Plantago Lanceolata Leaf Extract, Adansonia Digitata Seed Oil, Citrullus Lanatus (Watermelon) Seed Oil, Passiflora Edulis Seed Oil, Schinziophyton Rautanenii Kernel Oil, Sclerocarya Birrea Seed Oil, Polyglyceryl-6 Ximenia Americana Seedate, Sodium Hyaluronate Crosspolymer, Ceteareth-20, Trisodium Ethylenediamine Disuccinate, Sodium Hydroxide, Citric Acid, Carbomer, Xanthan Gum, Caprylyl Glycol, Chlorphenesin, Phenoxyethanol, Ethylhexylglycerin. Umbra™ Sheer Physical Daily Defense SPF 30: Zinc Oxide 20%, Water, Caprylic/Capric Triglyceride, Dicaprylyl Carbonate, Glycerin,Pentylene Glycol, Steareth-2, Propanediol, Steareth-21, Polyhydroxystearic Acid, Cetearyl Alcohol, Silica, Sclerocarya Birrea Seed Oil, Aloe Barbadensis Leaf Extract, Chondrus Crispus Extract, Haematococcus Pluvialis Extract, Helianthus Annuus (Sunflower) Sprout Extract, Vitis Vinifera (Grape) Juice Extract, Helianthus Annuus (Sunflower) Seed Oil, Simmondsia Chinensis (Jojoba) Seed Oil, Raspberry Seed Oil/Tocopheryl Succinate Aminopropanediol Esters, Hydrolyzed Wheat Protein,Tocopheryl Acetate, Tocopherol, Sea Water, Acetyl Glucosamine, Cetearyl Glucoside, Sodium Stearoyl Glutamate, Tetrahexyldecyl Ascorbate, Glycine, Sucrose, Lecithin, Triethoxycaprylylsilane, Xanthan Gum, Trisodium Ethylenediamine Disuccinate, Caprylhydroxamic Acid, Mica, Caprylyl Glycol, Phenoxyethanol, Titanium Dioxide (CI 77891), Iron Oxides (CI 77491). Shaba Complex™ Eye Serum: Water, Octyldodecanol, Glycerin, Boron Nitride, Saccharomyces/Xylinum/Black Tea Ferment, Coconut Alkanes, Cetyl Alcohol, Cetearyl Olivate, Sorbitan Olivate, Niacinamide, Copper Tripeptide-1, Leontopodium Alpinum Meristem Cell Culture, Dipeptide-2, Palmitoyl Tripeptide-1, Palmitoyl Tetrapeptide-7, Copper Lysinate/Prolinate, Hesperidin Methyl Chalcone, Chondrus Crispus (Carrageenan), Mangifera Indica (Mango) Seed Butter, Glycine Soja (Soybean) Oil, Hippophae Rhamnoides Oil, Sclerocarya Birrea Seed Oil, Sodium Hyaluronate Crosspolymer, Hydroxyethylcellulose, Coco-Caprylate/Caprate, Steareth-20, Lecithin, Panthenol, N-Hydroxysuccinimide, Ubiquinone, Citric Acid, Thioctic Acid, Tocopherol, Chrysin, Sclerotium Gum, Methylglucoside Phosphate, Xanthan Gum, Potassium Sorbate, Sodium Benzoate, Chlorphenesin, Caprylyl Glycol, Sodium Hydroxide, Phenoxyethanol, Pentylene Glycol, Ethylhexylglycerin.""]",Fiyat: 325.,"['af7306dc42136d29b5b522beae4a5d59999f2ab5a28ad43d5d66ac487e514680'
 'a39ed2a19f44e024c760ac9ee4e1990ef316651340b02424158d8bc43e6bf64f'
 '65e4d1a65dfb3b0b0c62659612acd35456da133d9a069e9175116f09d8701fce'
 '8cc86ba1e5d2afe30984613899405cea69f4f96cd1ccc3aae08963328a2c6b39'
 '652c6936b3b76a58c19c0a0c639d562ab0f579dd4c9dc9f29bdd1ab7af879191']",['af7306dc42136d29b5b522beae4a5d59999f2ab5a28ad43d5d66ac487e514680'],1.0,1.0,0.9151769031039737
DRUNK ELEPHANT markasının Lala Retro™ Whipped Cream ürününün puanı kaç?,DRUNK ELEPHANT markasının Lala Retro™ Whipped Cream ürününün puanı 4.2'dir.,"['Ürün adı: Lala Retro™ Whipped Cream\nMarka: DRUNK ELEPHANT\nKategori: Moisturizer\nFiyat: 60\nPuan: 4.2\nUygun cilt tipleri: Combination, Dry, Normal, Oily\n\nÜrün tanıtımı: Bu ürün, cildi nemlendirmeye yardımcı olabilecek bir nemlendiricidir. Karma, kuru, normal ve yağlı dahil olmak üzere çeşitli cilt tipleri için uygun olabilir.\nİçerik analizi: Bu formül, yoğun nemlendirme sağlayan gliserin ve çeşitli besleyici bitkisel yağlar içerir. Fermente içerikler cilt bariyerini desteklemeye yardımcı olabilir. Sodyum Hiyalüronat Çapraz Polimer ile nem tutulumu hedeflenmiştir. Komedojenik risk yaratabilecek içerikler Isopropyl Isostearate ve Stearic Acid olabilir. Hassasiyet/iritasyon riski taşıyabilecek içerikler Chlorphenesin, Phenoxyethanol ve Ceteareth-20 olabilir.\n\nIngredients: Water, Glycerin, Caprylic/ Capric Triglyceride, Isopropyl Isostearate, Pseudozyma Epicola/Camellia Sinensis Seed Oil/Glucose/Glycine Soja Meal/Malt Extract/Yeast Extract Ferment Filtrate (Pseudozyma Epicola/Camellia Sinensis Seed Oil/Glucose/Yeast Extract Ferment Filtrate), Stearic Acid, Glyceryl Stearate SE, Cetearyl Alcohol, Pentylene Glycol, Plantago Lanceolata Leaf Extract, Adansonia Digitata Seed Oil, Citrullus Lanatus (Watermelon) Seed Oil, Passiflora Edulis Seed Oil, Schinziophyton Rautanenii Kernel Oil, Sclerocarya Birrea Seed Oil, Polyglyceryl-6 Ximenia Americana Seedate, Sodium Hyaluronate Crosspolymer, Ceteareth-20, Trisodium Ethylenediamine Disuccinate, Sodium Hydroxide, Citric Acid, Carbomer, Xanthan Gum, Caprylyl Glycol, Chlorphenesin, Phenoxyethanol, Ethylhexylglycerin.'
 ""Ürün adı: The Littles™\nMarka: DRUNK ELEPHANT\nKategori: Moisturizer\nFiyat: 90\nPuan: 4.4\nUygun cilt tipleri: Combination, Dry, Normal, Oily\n\nÜrün tanıtımı: The Littles™, Drunk Elephant'ın çeşitli cilt tiplerine uygun, kapsamlı bir cilt bakım rutini sunan mini ürün setidir. Temizleyiciden güneş koruyucuya kadar birçok temel ürünü içerir.\nİçerik analizi: Ürün seti, nemlendirici, antioksidan, eksfoliyan ve güneş koruyucu gibi farklı cilt ihtiyaçlarına yönelik zengin formüller sunar. Marula yağı ve çeşitli bitki özleri sıkça kullanılmıştır. Isopropyl Isostearate ve Sclerocarya Birrea Seed Oil bazı cilt tiplerinde komedojenik risk taşıyabilir. Ascorbic Acid, Glycolic Acid, Salicylic Acid, Lactic Acid, Citric Acid gibi aktifler ve Phenoxyethanol, Chlorphenesin hassasiyet/iritasyon riski yaratabilir. Niacinamide bazı kişilerde kızarıklığa neden olabilir.\n\nIngredients: Beste™ No.9 Jelly Cleanser: Water, Sodium Lauroyl Methyl Isethionate, Glycerin, Cocamidopropyl Betaine, Cocamidopropyl Hydroxysultaine, Sodium Methyl Oleoyl Taurate, Propanediol, Aloe Barbadensis Leaf Extract, Coco-Glucoside, Lauryl Glucoside, Cucumis Melo Cantalupensis Fruit Extract, Sclerocarya Birrea Seed Oil, Dipotassium Glycyrrhizate, Citric Acid, Phenoxyethanol, Sodium Benzoate, Sodium Chloride. C-Firma™ Day Serum: Water, Ethoxydiglycol, Ascorbic Acid, Glycerin, Laureth-23, Lactobacillus/Pumpkin Ferment Extract, Sclerocarya Birrea Seed Oil, Ferulic Acid, Sodium Hyaluronate, Chondrus Crispus Extract, Camellia Sinensis Leaf Extract, Lactobacillus/Punica Granatum Fruit Ferment Extract, Glycyrrhiza Glabra (Licorice) Root Extract, Vitis Vinifera (Grape) Juice Extract, Phyllanthus Emblica Fruit Extract, Hydrolyzed Wheat Protein, Tocopherol, Caprylhydroxamic Acid, Acetyl Glucosamine, Hydrolyzed Quinoa, Glutamylamidoethyl Imidazole, Dipotassium Glycyrrhizate, Tetrahydrodiferuloylmethane, Tetrahydrodemethoxydiferuloylmethane, Tetrahydrobisdemethoxydiferuloylmethane, Sodium Hyaluronate Crosspolymer, Glycine, Sucrose, Maltodextrin, Propanediol, Caprylyl Glycol, Sodium Hydroxide, Xanthan gum, Hydroxyethyl Acrylate/Sodium Acryloyldimethyl Taurate Copolymer, Isohexadecane, Polysorbate 60. B-Hydra™ Intensive Hydration Serum: Water,Coconut Alkanes, Ammonium Acryloyldimethyltaurate/VP Copolymer, Glycerin, Pentylene Glycol, Sclerocarya Birrea Seed Oil, Wheat Amino Acids, Ananas Sativus (Pineapple) Fruit Extract, Berberis Vulgaris Root Extract, Citrullus Lanatus (Watermelon) Fruit Extract, Lens Esculenta (Lentil) Fruit Extract, Pyrus Malus (Apple) Fruit Extract, Coco-Caprylate/Caprate, Panthenol, Sodium PCA, Sodium Hyaluronate Crosspolymer, Dipotassium Glycyrrhizate, Niacinamide, Cyclodextrin, Sodium Hyaluronate, Sodium Lactate, Phenoxyethanol, Hydroxyproline, Trisodium Ethylenediamine Disuccinate, Citric Acid, Caprylyl Glycol, Chlorphenesin, Ethylhexylglycerin. T.L.C. Framboos™ Glycolic Night Serum: Water, Glycolic Acid, Butylene Glycol, Glycerin, Sodium Hydroxide, Salicylic Acid, Lactic Acid, Citric Acid, Vitis Vinifera (Grape) Juice Extract, Aloe Barbadensis Leaf Juice, Opuntia Ficus-Indica Extract, Aesculus Hippocastanum (Horse Chestnut) Seed Extract, Camellia Sinensis Leaf Extract, Rubus Idaeus (Raspberry) Fruit Extract, Saccharomyces Cerevisiae Extract, Buddleja Davidii Meristem Cell Culture, Sclerocarya Birrea Seed Oil, Sodium Hyaluronate Crosspolymer, Allantoin, Hydroxyethylcellulose, Galactoarabinan, Propanediol, Disodium EDTA, Xanthan Gum, Hexylene Glycol, Phenoxyethanol, Caprylyl Glycol, Ethylhexylglycerin, Sodium Nitrate, Potassium Sorbate, Pentylene Glycol, Sodium Benzoate. Virgin Marula Luxury Facial Oil: Sclerocarya Birrea Seed OilLala Retro™Whipped CreamWater,Glycerin, Caprylic/ Capric Triglyceride, Isopropyl Isostearate, Pseudozyma Epicola/Camellia Sinensis Seed Oil/Glucose/Glycine Soja Meal/Malt Extract/Yeast Extract Ferment Filtrate (Pseudozyma Epicola/Camellia Sinensis Seed Oil/Glucose/Yeast Extract Ferment Filtrate), Stearic Acid, Glyceryl Stearate SE, Cetearyl Alcohol, Pentylene Glycol, Plantago Lanceolata Leaf Extract, Adansonia Digitata Seed Oil, Citrullus Lanatus (Watermelon) Seed Oil, Passiflora Edulis Seed Oil, Schinziophyton Rautanenii Kernel Oil, Sclerocarya Birrea Seed Oil, Polyglyceryl-6 Ximenia Americana Seedate, Sodium Hyaluronate Crosspolymer, Ceteareth-20, Trisodium Ethylenediamine Disuccinate, Sodium Hydroxide, Citric Acid, Carbomer, Xanthan Gum, Caprylyl Glycol, Chlorphenesin, Phenoxyethanol, Ethylhexylglycerin. Umbra™ Sheer Physical Daily Defense SPF 30: Zinc Oxide 20%, Water, Caprylic/Capric Triglyceride, Dicaprylyl Carbonate, Glycerin,Pentylene Glycol, Steareth-2, Propanediol, Steareth-21, Polyhydroxystearic Acid, Cetearyl Alcohol, Silica, Sclerocarya Birrea Seed Oil, Aloe Barbadensis Leaf Extract, Chondrus Crispus Extract, Haematococcus Pluvialis Extract, Helianthus Annuus (Sunflower) Sprout Extract, Vitis Vinifera (Grape) Juice Extract, Helianthus Annuus (Sunflower) Seed Oil, Simmondsia Chinensis (Jojoba) Seed Oil, Raspberry Seed Oil/Tocopheryl Succinate Aminopropanediol Esters, Hydrolyzed Wheat Protein,Tocopheryl Acetate, Tocopherol, Sea Water, Acetyl Glucosamine, Cetearyl Glucoside, Sodium Stearoyl Glutamate, Tetrahexyldecyl Ascorbate, Glycine, Sucrose, Lecithin, Triethoxycaprylylsilane, Xanthan Gum, Trisodium Ethylenediamine Disuccinate, Caprylhydroxamic Acid, Mica, Caprylyl Glycol, Phenoxyethanol, Titanium Dioxide (CI 77891), Iron Oxides (CI 77491). Shaba Complex™ Eye Serum: Water, Octyldodecanol, Glycerin, Boron Nitride, Saccharomyces/Xylinum/Black Tea Ferment, Coconut Alkanes, Cetyl Alcohol, Cetearyl Olivate, Sorbitan Olivate, Niacinamide, Copper Tripeptide-1, Leontopodium Alpinum Meristem Cell Culture, Dipeptide-2, Palmitoyl Tripeptide-1, Palmitoyl Tetrapeptide-7, Copper Lysinate/Prolinate, Hesperidin Methyl Chalcone, Chondrus Crispus (Carrageenan), Mangifera Indica (Mango) Seed Butter, Glycine Soja (Soybean) Oil, Hippophae Rhamnoides Oil, Sclerocarya Birrea Seed Oil, Sodium Hyaluronate Crosspolymer, Hydroxyethylcellulose, Coco-Caprylate/Caprate, Steareth-20, Lecithin, Panthenol, N-Hydroxysuccinimide, Ubiquinone, Citric Acid, Thioctic Acid, Tocopherol, Chrysin, Sclerotium Gum, Methylglucoside Phosphate, Xanthan Gum, Potassium Sorbate, Sodium Benzoate, Chlorphenesin, Caprylyl Glycol, Sodium Hydroxide, Phenoxyethanol, Pentylene Glycol, Ethylhexylglycerin.""
 'Ürün adı: Virgin Marula Luxury Facial Oil\nMarka: DRUNK ELEPHANT\nKategori: Moisturizer\nFiyat: 72\nPuan: 4.4\nUygun cilt tipleri: Combination, Dry, Normal, Oily\n\nÜrün tanıtımı: Bu ürün, cildi nemlendirmeye yardımcı olabilecek %100 saf ve rafine edilmemiş marula çekirdeği yağı içeren lüks bir yüz yağıdır. Çeşitli cilt tipleri için uygun olabilir ve cilde besleyici bir bakım sunmayı hedefleyebilir.\n100% Unrefined Sclerocraya Birrea (Marula) Kernel Oil.\n\nİçerik analizi: Bu ürün tek bir bileşenden, saf Marula çekirdeği yağından oluşur. Cildi nemlendirmeye ve beslemeye yardımcı olabilir. Sclerocraya Birrea (Marula) Kernel Oil bazı cilt tiplerinde komedojenik risk taşıyabilir. Ayrıca, doğal bir yağ olduğu için hassasiyet/iritasyon riski yaratabilir.\n\nIngredients: 100% Unrefined Sclerocraya Birrea (Marula) Kernel Oil.'
 'Ürün adı: Protini™ Polypeptide Cream\nMarka: DRUNK ELEPHANT\nKategori: Moisturizer\nFiyat: 68\nPuan: 4.4\nUygun cilt tipleri: Combination, Dry, Normal, Oily\n\nÜrün tanıtımı: Bu nemlendirici krem, çeşitli peptitler ve nemlendirici bileşenler içeren bir formüle sahiptir. Cildin nemlenmesine ve genel görünümünün desteklenmesine yardımcı olabilir.\nİçerik analizi: Bu formül, çeşitli peptitler, amino asitler ve nemlendirici bileşenler açısından zengindir. Cilt bariyerini desteklemeye ve nemlendirmeye odaklanmış görünmektedir. Sclerocarya Birrea Seed Oil, Cetearyl Alcohol komedojenik risk taşıyabilir. Polysorbate 20, Polysorbate 60, Phenoxyethanol, Chlorphenesin ve Lactic Acid/Glycolic Acid Copolymer hassasiyet/iritasyon riski yaratabilir.\n\nIngredients: Water, Dicaprylyl Carbonate, Glycerin, Cetearyl Alcohol, Cetearyl Olivate, Sorbitan Olivate, Sclerocarya Birrea Seed Oil, Bacillus/Soybean/ Folic Acid Ferment Extract, Nymphaea Alba Root Extract, sh-Oligopeptide-1, sh-Oligopeptide-2, sh-Polypeptide-1, sh-Polypeptide-9, sh-Polypeptide-11, Copper Palmitoyl Heptapeptide-14, Heptapeptide-15 Palmitate, Palmitoyl Tetrapeptide-7, Palmitoyl Tripeptide-1, Alanine, Arginine, Glycine, Histidine, Isoleucine, Phenylalanine, Proline, Serine, Threonine, Valine, Acetyl Glutamine, Coconut Alkanes , Coco-Caprylate/Caprate, Sodium Hyaluronate, Aspartic Acid, Linoleic Acid, Linolenic Acid, Lecithin, Butylene Glycol, Polyvinyl Alcohol, Sodium Lactate, Sodium PCA, PCA, Sorbitan Isostearate, Carbomer, Polysorbate 20, Polysorbate 60, Lactic Acid/Glycolic Acid Copolymer, Hydroxyethyl Acrylate/Sodium Acryloyldimethyl Taurate Copolymer, Xanthan Gum, Isomalt, 1,2-Hexanediol, Caprylyl Glycol, Chlorphenesin, Phenoxyethanol, Tocopherol, Sodium Benzoate, Phenylpropanol, Glyceryl Caprylate, Symphytum Officinale Callus Culture Extract.'
 'Ürün adı: The Moisturizing Soft Cream\nMarka: LA MER\nKategori: Moisturizer\nFiyat: 175\nPuan: 3.8\nUygun cilt tipleri: Combination, Dry, Normal, Oily, Sensitive\n\nÜrün tanıtımı: Bu ürün, cildi nemlendirmeye ve yumuşatmaya yardımcı olan zengin içerikli bir nemlendiricidir. Çeşitli cilt tipleri için uygun olabilir.\nİçerik analizi: Ürün, yoğun nemlendirme sağlayan zengin emolyanlar, silikonlar, çeşitli bitkisel özler ve peptitler barındırır. Petrolatum, Shea Butter ve bazı yağ türevleri komedojenik risk taşıyabilir. Parfüm, limon kabuğu ve okaliptüs yağı gibi içerikler hassasiyet veya iritasyon riski yaratabilir.\n\nIngredients: Algae (Seaweed) Extract, Cyclopentasiloxane, Petrolatum, Glyceryl Distearate, Phenyl Trimethicone, Butylene Glycol, Hydrogenated Vegetable Oil, Cholesterol, Butyrospermum Parkii (Shea Butter), Steareth-10, Dimethicone, Glyceryl Stearate Se, Polysilicone-11, Sesamum Indicum (Sesame) Seed Oil, Medicago Sativa (Alfalfa) Seed Powder, Helianthus Annuus (Sunflower) Seedcake, Prunus Amygdalus Dulcis (Sweet Almond) Seed Meal, Eucalyptus Globulus (Eucalyptus) Leaf Oil, Sodium Gluconate, Copper Gluconate, Calcium Gluconate, Magnesium Gluconate, Zinc Gluconate, Tocopheryl Succinate, Niacin, Sesamum Indicum (Sesame) Seed Powder, Water, Citrus Aurantifolia (Lime) Peel Extract, Laminaria Digitata Extract, Crithmum Maritimum Extract, Salicornia Herbacea Extract, Plankton Extract, Chlorella Vulgaris Extract, Glycine Soja (Soybean) Seed Extract, Glycerin, Caffeine, Sea Salt/Maris Sal/Sel Marin, Micrococcus Lysate, Diethylhexyl Succinate, Adenosine Phosphate, Creatine, Hydrolyzed Algin, Isocetyl Stearoyl Stearate, Cetyl Alcohol, Sucrose, Acetyl Hexapeptide-8, Glucose Oxidase, Polyacrylamide, Acetyl Carnitine Hcl, Glucose, Caprylic/Capric Triglyceride, C13-14 Isoparaffin, Tocopheryl Acetate, Tetrahexyldecyl Ascorbate, Sodium Pca, Glycosaminoglycans, Urea, Distearyldimonium Chloride, Dipalmitoyl Hydroxyproline, Sodium Hyaluronate, Laureth-7, Lecithin, Trehalose, Polyquaternium-51, Lactoperoxidase, Hydroxypropyl Cyclodextrin, Cyanocobalamin, Pentylene Glycol, Fragrance, Disodium Edta, Bht, Citronellol, Hydroxycitronellal, Geraniol, Linalool, Limonene, Potassium Sorbate, Phenoxyethanol']",Puan: 4.2.,"['a48e2ca666e1c58f48ad12d9a129f8f91c74989bb819a8712641c5a32076b62d'
 '652c6936b3b76a58c19c0a0c639d562ab0f579dd4c9dc9f29bdd1ab7af879191'
 '0298e1a8255f33f4ad3cdddc06c0436c6d97e78894df11e4e25b28252d3143dd'
 '6fcecbb9ee483b8734f692e69180ae96ea0dbba64bcdb617e4cf561b26d2849d'
 '8cc86ba1e5d2afe30984613899405cea69f4f96cd1ccc3aae08963328a2c6b39']",['a48e2ca666e1c58f48ad12d9a129f8f91c74989bb819a8712641c5a32076b62d'],1.0,1.0,0.9111887333044454
Lala Retro™ Whipped Cream ürünü hangi cilt tipleri için uygundur?,"Lala Retro™ Whipped Cream ürünü karma, kuru, normal ve yağlı cilt tipleri için uygundur.","['Ürün adı: Lala Retro™ Whipped Cream\nMarka: DRUNK ELEPHANT\nKategori: Moisturizer\nFiyat: 60\nPuan: 4.2\nUygun cilt tipleri: Combination, Dry, Normal, Oily\n\nÜrün tanıtımı: Bu ürün, cildi nemlendirmeye yardımcı olabilecek bir nemlendiricidir. Karma, kuru, normal ve yağlı dahil olmak üzere çeşitli cilt tipleri için uygun olabilir.\nİçerik analizi: Bu formül, yoğun nemlendirme sağlayan gliserin ve çeşitli besleyici bitkisel yağlar içerir. Fermente içerikler cilt bariyerini desteklemeye yardımcı olabilir. Sodyum Hiyalüronat Çapraz Polimer ile nem tutulumu hedeflenmiştir. Komedojenik risk yaratabilecek içerikler Isopropyl Isostearate ve Stearic Acid olabilir. Hassasiyet/iritasyon riski taşıyabilecek içerikler Chlorphenesin, Phenoxyethanol ve Ceteareth-20 olabilir.\n\nIngredients: Water, Glycerin, Caprylic/ Capric Triglyceride, Isopropyl Isostearate, Pseudozyma Epicola/Camellia Sinensis Seed Oil/Glucose/Glycine Soja Meal/Malt Extract/Yeast Extract Ferment Filtrate (Pseudozyma Epicola/Camellia Sinensis Seed Oil/Glucose/Yeast Extract Ferment Filtrate), Stearic Acid, Glyceryl Stearate SE, Cetearyl Alcohol, Pentylene Glycol, Plantago Lanceolata Leaf Extract, Adansonia Digitata Seed Oil, Citrullus Lanatus (Watermelon) Seed Oil, Passiflora Edulis Seed Oil, Schinziophyton Rautanenii Kernel Oil, Sclerocarya Birrea Seed Oil, Polyglyceryl-6 Ximenia Americana Seedate, Sodium Hyaluronate Crosspolymer, Ceteareth-20, Trisodium Ethylenediamine Disuccinate, Sodium Hydroxide, Citric Acid, Carbomer, Xanthan Gum, Caprylyl Glycol, Chlorphenesin, Phenoxyethanol, Ethylhexylglycerin.'
 ""Ürün adı: The Littles™\nMarka: DRUNK ELEPHANT\nKategori: Moisturizer\nFiyat: 90\nPuan: 4.4\nUygun cilt tipleri: Combination, Dry, Normal, Oily\n\nÜrün tanıtımı: The Littles™, Drunk Elephant'ın çeşitli cilt tiplerine uygun, kapsamlı bir cilt bakım rutini sunan mini ürün setidir. Temizleyiciden güneş koruyucuya kadar birçok temel ürünü içerir.\nİçerik analizi: Ürün seti, nemlendirici, antioksidan, eksfoliyan ve güneş koruyucu gibi farklı cilt ihtiyaçlarına yönelik zengin formüller sunar. Marula yağı ve çeşitli bitki özleri sıkça kullanılmıştır. Isopropyl Isostearate ve Sclerocarya Birrea Seed Oil bazı cilt tiplerinde komedojenik risk taşıyabilir. Ascorbic Acid, Glycolic Acid, Salicylic Acid, Lactic Acid, Citric Acid gibi aktifler ve Phenoxyethanol, Chlorphenesin hassasiyet/iritasyon riski yaratabilir. Niacinamide bazı kişilerde kızarıklığa neden olabilir.\n\nIngredients: Beste™ No.9 Jelly Cleanser: Water, Sodium Lauroyl Methyl Isethionate, Glycerin, Cocamidopropyl Betaine, Cocamidopropyl Hydroxysultaine, Sodium Methyl Oleoyl Taurate, Propanediol, Aloe Barbadensis Leaf Extract, Coco-Glucoside, Lauryl Glucoside, Cucumis Melo Cantalupensis Fruit Extract, Sclerocarya Birrea Seed Oil, Dipotassium Glycyrrhizate, Citric Acid, Phenoxyethanol, Sodium Benzoate, Sodium Chloride. C-Firma™ Day Serum: Water, Ethoxydiglycol, Ascorbic Acid, Glycerin, Laureth-23, Lactobacillus/Pumpkin Ferment Extract, Sclerocarya Birrea Seed Oil, Ferulic Acid, Sodium Hyaluronate, Chondrus Crispus Extract, Camellia Sinensis Leaf Extract, Lactobacillus/Punica Granatum Fruit Ferment Extract, Glycyrrhiza Glabra (Licorice) Root Extract, Vitis Vinifera (Grape) Juice Extract, Phyllanthus Emblica Fruit Extract, Hydrolyzed Wheat Protein, Tocopherol, Caprylhydroxamic Acid, Acetyl Glucosamine, Hydrolyzed Quinoa, Glutamylamidoethyl Imidazole, Dipotassium Glycyrrhizate, Tetrahydrodiferuloylmethane, Tetrahydrodemethoxydiferuloylmethane, Tetrahydrobisdemethoxydiferuloylmethane, Sodium Hyaluronate Crosspolymer, Glycine, Sucrose, Maltodextrin, Propanediol, Caprylyl Glycol, Sodium Hydroxide, Xanthan gum, Hydroxyethyl Acrylate/Sodium Acryloyldimethyl Taurate Copolymer, Isohexadecane, Polysorbate 60. B-Hydra™ Intensive Hydration Serum: Water,Coconut Alkanes, Ammonium Acryloyldimethyltaurate/VP Copolymer, Glycerin, Pentylene Glycol, Sclerocarya Birrea Seed Oil, Wheat Amino Acids, Ananas Sativus (Pineapple) Fruit Extract, Berberis Vulgaris Root Extract, Citrullus Lanatus (Watermelon) Fruit Extract, Lens Esculenta (Lentil) Fruit Extract, Pyrus Malus (Apple) Fruit Extract, Coco-Caprylate/Caprate, Panthenol, Sodium PCA, Sodium Hyaluronate Crosspolymer, Dipotassium Glycyrrhizate, Niacinamide, Cyclodextrin, Sodium Hyaluronate, Sodium Lactate, Phenoxyethanol, Hydroxyproline, Trisodium Ethylenediamine Disuccinate, Citric Acid, Caprylyl Glycol, Chlorphenesin, Ethylhexylglycerin. T.L.C. Framboos™ Glycolic Night Serum: Water, Glycolic Acid, Butylene Glycol, Glycerin, Sodium Hydroxide, Salicylic Acid, Lactic Acid, Citric Acid, Vitis Vinifera (Grape) Juice Extract, Aloe Barbadensis Leaf Juice, Opuntia Ficus-Indica Extract, Aesculus Hippocastanum (Horse Chestnut) Seed Extract, Camellia Sinensis Leaf Extract, Rubus Idaeus (Raspberry) Fruit Extract, Saccharomyces Cerevisiae Extract, Buddleja Davidii Meristem Cell Culture, Sclerocarya Birrea Seed Oil, Sodium Hyaluronate Crosspolymer, Allantoin, Hydroxyethylcellulose, Galactoarabinan, Propanediol, Disodium EDTA, Xanthan Gum, Hexylene Glycol, Phenoxyethanol, Caprylyl Glycol, Ethylhexylglycerin, Sodium Nitrate, Potassium Sorbate, Pentylene Glycol, Sodium Benzoate. Virgin Marula Luxury Facial Oil: Sclerocarya Birrea Seed OilLala Retro™Whipped CreamWater,Glycerin, Caprylic/ Capric Triglyceride, Isopropyl Isostearate, Pseudozyma Epicola/Camellia Sinensis Seed Oil/Glucose/Glycine Soja Meal/Malt Extract/Yeast Extract Ferment Filtrate (Pseudozyma Epicola/Camellia Sinensis Seed Oil/Glucose/Yeast Extract Ferment Filtrate), Stearic Acid, Glyceryl Stearate SE, Cetearyl Alcohol, Pentylene Glycol, Plantago Lanceolata Leaf Extract, Adansonia Digitata Seed Oil, Citrullus Lanatus (Watermelon) Seed Oil, Passiflora Edulis Seed Oil, Schinziophyton Rautanenii Kernel Oil, Sclerocarya Birrea Seed Oil, Polyglyceryl-6 Ximenia Americana Seedate, Sodium Hyaluronate Crosspolymer, Ceteareth-20, Trisodium Ethylenediamine Disuccinate, Sodium Hydroxide, Citric Acid, Carbomer, Xanthan Gum, Caprylyl Glycol, Chlorphenesin, Phenoxyethanol, Ethylhexylglycerin. Umbra™ Sheer Physical Daily Defense SPF 30: Zinc Oxide 20%, Water, Caprylic/Capric Triglyceride, Dicaprylyl Carbonate, Glycerin,Pentylene Glycol, Steareth-2, Propanediol, Steareth-21, Polyhydroxystearic Acid, Cetearyl Alcohol, Silica, Sclerocarya Birrea Seed Oil, Aloe Barbadensis Leaf Extract, Chondrus Crispus Extract, Haematococcus Pluvialis Extract, Helianthus Annuus (Sunflower) Sprout Extract, Vitis Vinifera (Grape) Juice Extract, Helianthus Annuus (Sunflower) Seed Oil, Simmondsia Chinensis (Jojoba) Seed Oil, Raspberry Seed Oil/Tocopheryl Succinate Aminopropanediol Esters, Hydrolyzed Wheat Protein,Tocopheryl Acetate, Tocopherol, Sea Water, Acetyl Glucosamine, Cetearyl Glucoside, Sodium Stearoyl Glutamate, Tetrahexyldecyl Ascorbate, Glycine, Sucrose, Lecithin, Triethoxycaprylylsilane, Xanthan Gum, Trisodium Ethylenediamine Disuccinate, Caprylhydroxamic Acid, Mica, Caprylyl Glycol, Phenoxyethanol, Titanium Dioxide (CI 77891), Iron Oxides (CI 77491). Shaba Complex™ Eye Serum: Water, Octyldodecanol, Glycerin, Boron Nitride, Saccharomyces/Xylinum/Black Tea Ferment, Coconut Alkanes, Cetyl Alcohol, Cetearyl Olivate, Sorbitan Olivate, Niacinamide, Copper Tripeptide-1, Leontopodium Alpinum Meristem Cell Culture, Dipeptide-2, Palmitoyl Tripeptide-1, Palmitoyl Tetrapeptide-7, Copper Lysinate/Prolinate, Hesperidin Methyl Chalcone, Chondrus Crispus (Carrageenan), Mangifera Indica (Mango) Seed Butter, Glycine Soja (Soybean) Oil, Hippophae Rhamnoides Oil, Sclerocarya Birrea Seed Oil, Sodium Hyaluronate Crosspolymer, Hydroxyethylcellulose, Coco-Caprylate/Caprate, Steareth-20, Lecithin, Panthenol, N-Hydroxysuccinimide, Ubiquinone, Citric Acid, Thioctic Acid, Tocopherol, Chrysin, Sclerotium Gum, Methylglucoside Phosphate, Xanthan Gum, Potassium Sorbate, Sodium Benzoate, Chlorphenesin, Caprylyl Glycol, Sodium Hydroxide, Phenoxyethanol, Pentylene Glycol, Ethylhexylglycerin.""
 'Ürün adı: The Moisturizing Soft Cream\nMarka: LA MER\nKategori: Moisturizer\nFiyat: 175\nPuan: 3.8\nUygun cilt tipleri: Combination, Dry, Normal, Oily, Sensitive\n\nÜrün tanıtımı: Bu ürün, cildi nemlendirmeye ve yumuşatmaya yardımcı olan zengin içerikli bir nemlendiricidir. Çeşitli cilt tipleri için uygun olabilir.\nİçerik analizi: Ürün, yoğun nemlendirme sağlayan zengin emolyanlar, silikonlar, çeşitli bitkisel özler ve peptitler barındırır. Petrolatum, Shea Butter ve bazı yağ türevleri komedojenik risk taşıyabilir. Parfüm, limon kabuğu ve okaliptüs yağı gibi içerikler hassasiyet veya iritasyon riski yaratabilir.\n\nIngredients: Algae (Seaweed) Extract, Cyclopentasiloxane, Petrolatum, Glyceryl Distearate, Phenyl Trimethicone, Butylene Glycol, Hydrogenated Vegetable Oil, Cholesterol, Butyrospermum Parkii (Shea Butter), Steareth-10, Dimethicone, Glyceryl Stearate Se, Polysilicone-11, Sesamum Indicum (Sesame) Seed Oil, Medicago Sativa (Alfalfa) Seed Powder, Helianthus Annuus (Sunflower) Seedcake, Prunus Amygdalus Dulcis (Sweet Almond) Seed Meal, Eucalyptus Globulus (Eucalyptus) Leaf Oil, Sodium Gluconate, Copper Gluconate, Calcium Gluconate, Magnesium Gluconate, Zinc Gluconate, Tocopheryl Succinate, Niacin, Sesamum Indicum (Sesame) Seed Powder, Water, Citrus Aurantifolia (Lime) Peel Extract, Laminaria Digitata Extract, Crithmum Maritimum Extract, Salicornia Herbacea Extract, Plankton Extract, Chlorella Vulgaris Extract, Glycine Soja (Soybean) Seed Extract, Glycerin, Caffeine, Sea Salt/Maris Sal/Sel Marin, Micrococcus Lysate, Diethylhexyl Succinate, Adenosine Phosphate, Creatine, Hydrolyzed Algin, Isocetyl Stearoyl Stearate, Cetyl Alcohol, Sucrose, Acetyl Hexapeptide-8, Glucose Oxidase, Polyacrylamide, Acetyl Carnitine Hcl, Glucose, Caprylic/Capric Triglyceride, C13-14 Isoparaffin, Tocopheryl Acetate, Tetrahexyldecyl Ascorbate, Sodium Pca, Glycosaminoglycans, Urea, Distearyldimonium Chloride, Dipalmitoyl Hydroxyproline, Sodium Hyaluronate, Laureth-7, Lecithin, Trehalose, Polyquaternium-51, Lactoperoxidase, Hydroxypropyl Cyclodextrin, Cyanocobalamin, Pentylene Glycol, Fragrance, Disodium Edta, Bht, Citronellol, Hydroxycitronellal, Geraniol, Linalool, Limonene, Potassium Sorbate, Phenoxyethanol'
 'Ürün adı: Crème de la Mer Mini\nMarka: LA MER\nKategori: Moisturizer\nFiyat: 85\nPuan: 4.1\nUygun cilt tipleri: Combination, Dry, Normal, Oily, Sensitive\n\nÜrün tanıtımı: LA MER Crème de la Mer Mini, çeşitli cilt tipleri için tasarlanmış bir nemlendiricidir. Cilde yoğun nem sağlamayı hedefleyebilir.\nİçerik analizi: Formül, yoğun nemlendirme ve cilt bariyerini desteklemeyi amaçlayan oklüzif ve nemlendirici içerikler açısından zengindir. Ayrıca çeşitli bitki özleri, vitaminler ve koku bileşenleri içerir. Lanolin Alcohol, Sesamum Indicum (Sesame) Seed Oil ve Decyl Oleate gibi içerikler komedojenik risk taşıyabilir. Alcohol Denat., Fragrance, Eucalyptus Globulus (Eucalyptus) Leaf Oil ve Limonene gibi bileşenler hassasiyet veya iritasyon riski yaratabilir.\n\nIngredients: Algae (Seaweed) Extract, Mineral Oil, Petrolatum, Glycerin, Isohexadecane, Microcrystalline Wax, Lanolin Alcohol, Citrus Aurantifolia (Lime) Extract, Sesamum Indicum (Sesame) Seed Oil, Eucalyptus Globulus (Eucalyptus) Leaf Oil, Sesamum Indicum (Sesame) Seed Powder, Medicago Sativa (Alfalfa) Seed Powder, Helianthus Annuus (Sunflower) Seedcake, Prunus Amygdalus Dulcis (Sweet Almond) Seed Meal, Sodium Gluconate, Copper Gluconate, Calcium Gluconate, Magnesium Gluconate, Zinc Gluconate, Magnesium Sulfate, Paraffin, Tocopheryl Succinate, Niacin, Water, Beta-Carotene, Decyl Oleate, Aluminum Distearate, Octyldodecanol, Citric Acid, Cyanocobalamin, Magnesium Stearate, Panthenol, Limonene, Geraniol, Linalool, Hydroxycitronellal, Citronellol, Benzyl Salicylate, Citral, Sodium Benzoate, Alcohol Denat., Fragrance.'
 'Ürün adı: The True Cream Aqua Bomb\nMarka: BELIF\nKategori: Moisturizer\nFiyat: 38\nPuan: 4.5\nUygun cilt tipleri: Combination, Normal, Oily\n\nÜrün tanıtımı: BELIF The True Cream Aqua Bomb, karma, normal ve yağlı cilt tipleri için tasarlanmış bir nemlendiricidir. Cilde yoğun nem sağlamayı hedefleyen hafif yapılı bir üründür.\nİçerik analizi: Bu formül nemlendirici ve yumuşatıcı bileşenler içerir. Cilt bariyerini destekleyici seramid ve kolesterol de bulunmaktadır. Alkol denat, parfüm ve parfüm bileşenleri (Citronellol, Limonene, Citral, Geraniol, Linalool) hassasiyet/iritasyon riski taşıyabilir. Butyrospermum Parkii (Shea) Butter, Macadamia Ternifolia Seed Oil, Stearic Acid komedojenik risk yaratabilir.\n\nIngredients: Water, Dipropylene Glycol, Glycerin, Methl Trimethicone, Alcohol Denat, Dimethicone, Cyclopentasiloxane, 1,2-Hexanediol, Malakite Extract, Caprylic/Capric Triglyceride, Pentaerythrityl Tetraethylhexanoate, PEG/PPG/Polybutylene Glycol-8/5/3 Glycerin, Alchemilla Vulgaris Leaf Extract*, Equisetum Arvense Leaf Extract*, Stellaria Media (Chickweed) Extract*, Urtica Dioica (Nettle) Leaf Extract*, Plantago Lanceolata Leaf Extract*, Avena Sativa (Oat) Kernel Extract**, Calendula Officinalis Flower Extract**, Nepeta Cataria Extract**, Rubus Idaeus (Raspberry) Leaf Extract**, Baptisia Tinctoria Root Extract**, Dimethiconol, Polymethylsilsesquioxane, Sodium Acrylate/Acryloyldimethyltaurate/Dimethylacrylamide Crosspolymer, Isohexadecane, Polysorbate 60, Ceramide 3, Cholesterol, Butyrospermum Parkii (Shea) Butter, Phenl Trimethicone, Pentaerythrityl Tetraisostearate, Panthenol, Squalane, Triethylhexanoin, Macadamia Ternifolia Seed Oil, PEG-150, PEG-40 Hydrogenated Castor Oil, Acrylates/C10-30 Alkyl Acrylate Crosspolymer, C14-22 Alcohols, Arachidyl Glucoside, Hydrogenated Lecithin, PEG-100 Stearate, Stearic Acid, Glyceryl Stearate, Carbomer, Tromethamine, Trisodium EDTA, Fragrance+, Citronellol, Limonene, Citral, Geraniol, Linalool. *Napiers aqua formula. **Napiers original formula. +Fragrances of natural origin.']","Uygun cilt tipleri: Combination, Dry, Normal, Oily.","['a48e2ca666e1c58f48ad12d9a129f8f91c74989bb819a8712641c5a32076b62d'
 '652c6936b3b76a58c19c0a0c639d562ab0f579dd4c9dc9f29bdd1ab7af879191'
 '8cc86ba1e5d2afe30984613899405cea69f4f96cd1ccc3aae08963328a2c6b39'
 'a39ed2a19f44e024c760ac9ee4e1990ef316651340b02424158d8bc43e6bf64f'
 '8b5befe4aea098f3c275c8d75e0e6d2abcfdcf666c1eb8ba6e1c5d94f70677d7']",['a48e2ca666e1c58f48ad12d9a129f8f91c74989bb819a8712641c5a32076b62d'],1.0,1.0,0.9808903148635698
"Lala Retro™ Whipped Cream ürünün,n fiyatı nedir?",Lala Retro™ Whipped Cream ürününün fiyatı 60'tır.,"['Ürün adı: Lala Retro™ Whipped Cream\nMarka: DRUNK ELEPHANT\nKategori: Moisturizer\nFiyat: 60\nPuan: 4.2\nUygun cilt tipleri: Combination, Dry, Normal, Oily\n\nÜrün tanıtımı: Bu ürün, cildi nemlendirmeye yardımcı olabilecek bir nemlendiricidir. Karma, kuru, normal ve yağlı dahil olmak üzere çeşitli cilt tipleri için uygun olabilir.\nİçerik analizi: Bu formül, yoğun nemlendirme sağlayan gliserin ve çeşitli besleyici bitkisel yağlar içerir. Fermente içerikler cilt bariyerini desteklemeye yardımcı olabilir. Sodyum Hiyalüronat Çapraz Polimer ile nem tutulumu hedeflenmiştir. Komedojenik risk yaratabilecek içerikler Isopropyl Isostearate ve Stearic Acid olabilir. Hassasiyet/iritasyon riski taşıyabilecek içerikler Chlorphenesin, Phenoxyethanol ve Ceteareth-20 olabilir.\n\nIngredients: Water, Glycerin, Caprylic/ Capric Triglyceride, Isopropyl Isostearate, Pseudozyma Epicola/Camellia Sinensis Seed Oil/Glucose/Glycine Soja Meal/Malt Extract/Yeast Extract Ferment Filtrate (Pseudozyma Epicola/Camellia Sinensis Seed Oil/Glucose/Yeast Extract Ferment Filtrate), Stearic Acid, Glyceryl Stearate SE, Cetearyl Alcohol, Pentylene Glycol, Plantago Lanceolata Leaf Extract, Adansonia Digitata Seed Oil, Citrullus Lanatus (Watermelon) Seed Oil, Passiflora Edulis Seed Oil, Schinziophyton Rautanenii Kernel Oil, Sclerocarya Birrea Seed Oil, Polyglyceryl-6 Ximenia Americana Seedate, Sodium Hyaluronate Crosspolymer, Ceteareth-20, Trisodium Ethylenediamine Disuccinate, Sodium Hydroxide, Citric Acid, Carbomer, Xanthan Gum, Caprylyl Glycol, Chlorphenesin, Phenoxyethanol, Ethylhexylglycerin.'
 'Ürün adı: The Moisturizing Soft Cream\nMarka: LA MER\nKategori: Moisturizer\nFiyat: 175\nPuan: 3.8\nUygun cilt tipleri: Combination, Dry, Normal, Oily, Sensitive\n\nÜrün tanıtımı: Bu ürün, cildi nemlendirmeye ve yumuşatmaya yardımcı olan zengin içerikli bir nemlendiricidir. Çeşitli cilt tipleri için uygun olabilir.\nİçerik analizi: Ürün, yoğun nemlendirme sağlayan zengin emolyanlar, silikonlar, çeşitli bitkisel özler ve peptitler barındırır. Petrolatum, Shea Butter ve bazı yağ türevleri komedojenik risk taşıyabilir. Parfüm, limon kabuğu ve okaliptüs yağı gibi içerikler hassasiyet veya iritasyon riski yaratabilir.\n\nIngredients: Algae (Seaweed) Extract, Cyclopentasiloxane, Petrolatum, Glyceryl Distearate, Phenyl Trimethicone, Butylene Glycol, Hydrogenated Vegetable Oil, Cholesterol, Butyrospermum Parkii (Shea Butter), Steareth-10, Dimethicone, Glyceryl Stearate Se, Polysilicone-11, Sesamum Indicum (Sesame) Seed Oil, Medicago Sativa (Alfalfa) Seed Powder, Helianthus Annuus (Sunflower) Seedcake, Prunus Amygdalus Dulcis (Sweet Almond) Seed Meal, Eucalyptus Globulus (Eucalyptus) Leaf Oil, Sodium Gluconate, Copper Gluconate, Calcium Gluconate, Magnesium Gluconate, Zinc Gluconate, Tocopheryl Succinate, Niacin, Sesamum Indicum (Sesame) Seed Powder, Water, Citrus Aurantifolia (Lime) Peel Extract, Laminaria Digitata Extract, Crithmum Maritimum Extract, Salicornia Herbacea Extract, Plankton Extract, Chlorella Vulgaris Extract, Glycine Soja (Soybean) Seed Extract, Glycerin, Caffeine, Sea Salt/Maris Sal/Sel Marin, Micrococcus Lysate, Diethylhexyl Succinate, Adenosine Phosphate, Creatine, Hydrolyzed Algin, Isocetyl Stearoyl Stearate, Cetyl Alcohol, Sucrose, Acetyl Hexapeptide-8, Glucose Oxidase, Polyacrylamide, Acetyl Carnitine Hcl, Glucose, Caprylic/Capric Triglyceride, C13-14 Isoparaffin, Tocopheryl Acetate, Tetrahexyldecyl Ascorbate, Sodium Pca, Glycosaminoglycans, Urea, Distearyldimonium Chloride, Dipalmitoyl Hydroxyproline, Sodium Hyaluronate, Laureth-7, Lecithin, Trehalose, Polyquaternium-51, Lactoperoxidase, Hydroxypropyl Cyclodextrin, Cyanocobalamin, Pentylene Glycol, Fragrance, Disodium Edta, Bht, Citronellol, Hydroxycitronellal, Geraniol, Linalool, Limonene, Potassium Sorbate, Phenoxyethanol'
 ""Ürün adı: The Littles™\nMarka: DRUNK ELEPHANT\nKategori: Moisturizer\nFiyat: 90\nPuan: 4.4\nUygun cilt tipleri: Combination, Dry, Normal, Oily\n\nÜrün tanıtımı: The Littles™, Drunk Elephant'ın çeşitli cilt tiplerine uygun, kapsamlı bir cilt bakım rutini sunan mini ürün setidir. Temizleyiciden güneş koruyucuya kadar birçok temel ürünü içerir.\nİçerik analizi: Ürün seti, nemlendirici, antioksidan, eksfoliyan ve güneş koruyucu gibi farklı cilt ihtiyaçlarına yönelik zengin formüller sunar. Marula yağı ve çeşitli bitki özleri sıkça kullanılmıştır. Isopropyl Isostearate ve Sclerocarya Birrea Seed Oil bazı cilt tiplerinde komedojenik risk taşıyabilir. Ascorbic Acid, Glycolic Acid, Salicylic Acid, Lactic Acid, Citric Acid gibi aktifler ve Phenoxyethanol, Chlorphenesin hassasiyet/iritasyon riski yaratabilir. Niacinamide bazı kişilerde kızarıklığa neden olabilir.\n\nIngredients: Beste™ No.9 Jelly Cleanser: Water, Sodium Lauroyl Methyl Isethionate, Glycerin, Cocamidopropyl Betaine, Cocamidopropyl Hydroxysultaine, Sodium Methyl Oleoyl Taurate, Propanediol, Aloe Barbadensis Leaf Extract, Coco-Glucoside, Lauryl Glucoside, Cucumis Melo Cantalupensis Fruit Extract, Sclerocarya Birrea Seed Oil, Dipotassium Glycyrrhizate, Citric Acid, Phenoxyethanol, Sodium Benzoate, Sodium Chloride. C-Firma™ Day Serum: Water, Ethoxydiglycol, Ascorbic Acid, Glycerin, Laureth-23, Lactobacillus/Pumpkin Ferment Extract, Sclerocarya Birrea Seed Oil, Ferulic Acid, Sodium Hyaluronate, Chondrus Crispus Extract, Camellia Sinensis Leaf Extract, Lactobacillus/Punica Granatum Fruit Ferment Extract, Glycyrrhiza Glabra (Licorice) Root Extract, Vitis Vinifera (Grape) Juice Extract, Phyllanthus Emblica Fruit Extract, Hydrolyzed Wheat Protein, Tocopherol, Caprylhydroxamic Acid, Acetyl Glucosamine, Hydrolyzed Quinoa, Glutamylamidoethyl Imidazole, Dipotassium Glycyrrhizate, Tetrahydrodiferuloylmethane, Tetrahydrodemethoxydiferuloylmethane, Tetrahydrobisdemethoxydiferuloylmethane, Sodium Hyaluronate Crosspolymer, Glycine, Sucrose, Maltodextrin, Propanediol, Caprylyl Glycol, Sodium Hydroxide, Xanthan gum, Hydroxyethyl Acrylate/Sodium Acryloyldimethyl Taurate Copolymer, Isohexadecane, Polysorbate 60. B-Hydra™ Intensive Hydration Serum: Water,Coconut Alkanes, Ammonium Acryloyldimethyltaurate/VP Copolymer, Glycerin, Pentylene Glycol, Sclerocarya Birrea Seed Oil, Wheat Amino Acids, Ananas Sativus (Pineapple) Fruit Extract, Berberis Vulgaris Root Extract, Citrullus Lanatus (Watermelon) Fruit Extract, Lens Esculenta (Lentil) Fruit Extract, Pyrus Malus (Apple) Fruit Extract, Coco-Caprylate/Caprate, Panthenol, Sodium PCA, Sodium Hyaluronate Crosspolymer, Dipotassium Glycyrrhizate, Niacinamide, Cyclodextrin, Sodium Hyaluronate, Sodium Lactate, Phenoxyethanol, Hydroxyproline, Trisodium Ethylenediamine Disuccinate, Citric Acid, Caprylyl Glycol, Chlorphenesin, Ethylhexylglycerin. T.L.C. Framboos™ Glycolic Night Serum: Water, Glycolic Acid, Butylene Glycol, Glycerin, Sodium Hydroxide, Salicylic Acid, Lactic Acid, Citric Acid, Vitis Vinifera (Grape) Juice Extract, Aloe Barbadensis Leaf Juice, Opuntia Ficus-Indica Extract, Aesculus Hippocastanum (Horse Chestnut) Seed Extract, Camellia Sinensis Leaf Extract, Rubus Idaeus (Raspberry) Fruit Extract, Saccharomyces Cerevisiae Extract, Buddleja Davidii Meristem Cell Culture, Sclerocarya Birrea Seed Oil, Sodium Hyaluronate Crosspolymer, Allantoin, Hydroxyethylcellulose, Galactoarabinan, Propanediol, Disodium EDTA, Xanthan Gum, Hexylene Glycol, Phenoxyethanol, Caprylyl Glycol, Ethylhexylglycerin, Sodium Nitrate, Potassium Sorbate, Pentylene Glycol, Sodium Benzoate. Virgin Marula Luxury Facial Oil: Sclerocarya Birrea Seed OilLala Retro™Whipped CreamWater,Glycerin, Caprylic/ Capric Triglyceride, Isopropyl Isostearate, Pseudozyma Epicola/Camellia Sinensis Seed Oil/Glucose/Glycine Soja Meal/Malt Extract/Yeast Extract Ferment Filtrate (Pseudozyma Epicola/Camellia Sinensis Seed Oil/Glucose/Yeast Extract Ferment Filtrate), Stearic Acid, Glyceryl Stearate SE, Cetearyl Alcohol, Pentylene Glycol, Plantago Lanceolata Leaf Extract, Adansonia Digitata Seed Oil, Citrullus Lanatus (Watermelon) Seed Oil, Passiflora Edulis Seed Oil, Schinziophyton Rautanenii Kernel Oil, Sclerocarya Birrea Seed Oil, Polyglyceryl-6 Ximenia Americana Seedate, Sodium Hyaluronate Crosspolymer, Ceteareth-20, Trisodium Ethylenediamine Disuccinate, Sodium Hydroxide, Citric Acid, Carbomer, Xanthan Gum, Caprylyl Glycol, Chlorphenesin, Phenoxyethanol, Ethylhexylglycerin. Umbra™ Sheer Physical Daily Defense SPF 30: Zinc Oxide 20%, Water, Caprylic/Capric Triglyceride, Dicaprylyl Carbonate, Glycerin,Pentylene Glycol, Steareth-2, Propanediol, Steareth-21, Polyhydroxystearic Acid, Cetearyl Alcohol, Silica, Sclerocarya Birrea Seed Oil, Aloe Barbadensis Leaf Extract, Chondrus Crispus Extract, Haematococcus Pluvialis Extract, Helianthus Annuus (Sunflower) Sprout Extract, Vitis Vinifera (Grape) Juice Extract, Helianthus Annuus (Sunflower) Seed Oil, Simmondsia Chinensis (Jojoba) Seed Oil, Raspberry Seed Oil/Tocopheryl Succinate Aminopropanediol Esters, Hydrolyzed Wheat Protein,Tocopheryl Acetate, Tocopherol, Sea Water, Acetyl Glucosamine, Cetearyl Glucoside, Sodium Stearoyl Glutamate, Tetrahexyldecyl Ascorbate, Glycine, Sucrose, Lecithin, Triethoxycaprylylsilane, Xanthan Gum, Trisodium Ethylenediamine Disuccinate, Caprylhydroxamic Acid, Mica, Caprylyl Glycol, Phenoxyethanol, Titanium Dioxide (CI 77891), Iron Oxides (CI 77491). Shaba Complex™ Eye Serum: Water, Octyldodecanol, Glycerin, Boron Nitride, Saccharomyces/Xylinum/Black Tea Ferment, Coconut Alkanes, Cetyl Alcohol, Cetearyl Olivate, Sorbitan Olivate, Niacinamide, Copper Tripeptide-1, Leontopodium Alpinum Meristem Cell Culture, Dipeptide-2, Palmitoyl Tripeptide-1, Palmitoyl Tetrapeptide-7, Copper Lysinate/Prolinate, Hesperidin Methyl Chalcone, Chondrus Crispus (Carrageenan), Mangifera Indica (Mango) Seed Butter, Glycine Soja (Soybean) Oil, Hippophae Rhamnoides Oil, Sclerocarya Birrea Seed Oil, Sodium Hyaluronate Crosspolymer, Hydroxyethylcellulose, Coco-Caprylate/Caprate, Steareth-20, Lecithin, Panthenol, N-Hydroxysuccinimide, Ubiquinone, Citric Acid, Thioctic Acid, Tocopherol, Chrysin, Sclerotium Gum, Methylglucoside Phosphate, Xanthan Gum, Potassium Sorbate, Sodium Benzoate, Chlorphenesin, Caprylyl Glycol, Sodium Hydroxide, Phenoxyethanol, Pentylene Glycol, Ethylhexylglycerin.""
 ""Ürün adı: Little Miss Miracle Limited-Edition Crème de la Mer\nMarka: LA MER\nKategori: Moisturizer\nFiyat: 325\nPuan: 5.0\nUygun cilt tipleri: Belirlenemedi\n\nÜrün tanıtımı: Little Miss Miracle Limited-Edition Crème de la Mer, LA MER'in özel bir nemlendiricisidir. Cildi nemlendirmeye ve beslemeye yardımcı olmayı hedefleyen lüks bir üründür.\nİçerik analizi: Formül, yoğun nemlendirme ve bariyer desteği sağlayan oklüzif ve emoliyan içeriklerle zengindir. Mineral Oil, Petrolatum, Microcrystalline Wax, Lanolin Alcohol, Sesamum Indicum (Sesame) Seed Oil, Paraffin, Decyl Oleate, Magnesium Stearate komedojenik risk taşıyabilir. Fragrance, Limonene, Geraniol, Linalool, Hydroxycitronellal, Citronellol, Benzyl Salicylate, Citral, Alcohol Denat., Citrus Aurantifolia (Lime) Extract, Eucalyptus Globulus (Eucalyptus) Leaf Oil hassasiyet/iritasyon riski yaratabilir.\n\nIngredients: Algae (Seaweed) Extract, Mineral Oil, Petrolatum, Glycerin, Isohexadecane, Microcrystalline Wax, Lanolin Alcohol, Citrus Aurantifolia (Lime) Extract, Sesamum Indicum (Sesame) Seed Oil, Eucalyptus Globulus (Eucalyptus) Leaf Oil, Sesamum Indicum (Sesame) Seed Powder, Medicago Sativa (Alfalfa) Seed Powder, Helianthus Annuus (Sunflower) Seedcake, Prunus Amygdalus Dulcis (Sweet Almond) Seed Meal, Sodium Gluconate, Copper Gluconate, Calcium Gluconate, Magnesium Gluconate, Zinc Gluconate, Magnesium Sulfate, Paraffin, Tocopheryl Succinate, Niacin, Water, Beta-Carotene, Decyl Oleate, Aluminum Distearate, Octyldodecanol, Citric Acid, Cyanocobalamin, Magnesium Stearate, Panthenol, Limonene, Geraniol, Linalool, Hydroxycitronellal, Citronellol, Benzyl Salicylate, Citral, Sodium Benzoate, Alcohol Denat., Fragrance.""
 'Ürün adı: Crème de la Mer\nMarka: LA MER\nKategori: Moisturizer\nFiyat: 175\nPuan: 4.1\nUygun cilt tipleri: Combination, Dry, Normal, Oily, Sensitive\n\nÜrün tanıtımı: Crème de la Mer, cildi nemlendirmeye yardımcı olan bir nemlendiricidir. Çeşitli cilt tipleri için uygun olabilir ve genel cilt bakımı rutininize eklenebilir.\nİçerik analizi: Ürün, mineral yağlar, petrolatum ve bitkisel özlerle zengin, yoğun nemlendirme odaklı bir formüle sahiptir. Mineral Oil, Petrolatum, Microcrystalline Wax, Paraffin ve Decyl Oleate komedojenik risk taşıyabilir. Lanolin Alcohol, Alcohol Denat., Fragrance, Limonene, Linalool, Citrus Aurantifolia (Lime) Extract ve Eucalyptus Globulus (Eucalyptus) Leaf Oil hassasiyet/iritasyon riski yaratabilir.\n\nIngredients: Algae (Seaweed) Extract, Mineral Oil, Petrolatum, Glycerin, Isohexadecane, Microcrystalline Wax, Lanolin Alcohol, Citrus Aurantifolia (Lime) Extract, Sesamum Indicum (Sesame) Seed Oil, Eucalyptus Globulus (Eucalyptus) Leaf Oil, Sesamum Indicum (Sesame) Seed Powder, Medicago Sativa (Alfalfa) Seed Powder, Helianthus Annuus (Sunflower) Seedcake, Prunus Amygdalus Dulcis (Sweet Almond) Seed Meal, Sodium Gluconate, Copper Gluconate, Calcium Gluconate, Magnesium Gluconate, Zinc Gluconate, Magnesium Sulfate, Paraffin, Tocopheryl Succinate, Niacin, Water, Beta-Carotene, Decyl Oleate, Aluminum Distearate, Octyldodecanol, Citric Acid, Cyanocobalamin, Magnesium Stearate, Panthenol, Limonene, Geraniol, Linalool, Hydroxycitronellal, Citronellol, Benzyl Salicylate, Citral, Sodium Benzoate, Alcohol Denat., Fragrance.']",Fiyat: 60.,"['a48e2ca666e1c58f48ad12d9a129f8f91c74989bb819a8712641c5a32076b62d'
 '8cc86ba1e5d2afe30984613899405cea69f4f96cd1ccc3aae08963328a2c6b39'
 '652c6936b3b76a58c19c0a0c639d562ab0f579dd4c9dc9f29bdd1ab7af879191'
 'af7306dc42136d29b5b522beae4a5d59999f2ab5a28ad43d5d66ac487e514680'
 '65e4d1a65dfb3b0b0c62659612acd35456da133d9a069e9175116f09d8701fce']",['a48e2ca666e1c58f48ad12d9a129f8f91c74989bb819a8712641c5a32076b62d'],1.0,1.0,0.9143128412613081
FRESH markasının Rose Deep Hydration Moisturizer ürününün puanı kaç?,FRESH Rose Deep Hydration Moisturizer ürününün puanı 4.4'tür.,"['Ürün adı: Rose Deep Hydration Moisturizer\nMarka: FRESH\nKategori: Moisturizer\nFiyat: 40\nPuan: 4.4\nUygun cilt tipleri: Belirlenemedi\n\nÜrün tanıtımı: Fresh Rose Deep Hydration Moisturizer, cildi nemlendirmeyi hedefleyen bir üründür. İçeriğindeki gül özleri ve nemlendirici bileşenlerle cilde derinlemesine nem sağlamayı amaçlar.\nİçerik analizi: Ürün, yoğun nemlendirme ve cilt bariyerini desteklemeyi hedefleyen bir formüle sahiptir. Gliserin ve sodyum hyaluronat gibi nemlendiriciler içerir. Behenyl Alcohol ve Prunus Domestica Seed Oil gibi içerikler komedojenik risk taşıyabilir. Fragrance, Citronellol ve Geraniol hassasiyet/iritasyon riski yaratabilir.\n\nIngredients: Water, Glycerin, EthylhexylIsononanoate, Butylene Glycol, Pentylene Glycol, Propanediol,Caprylyl Methicone, Isostearyl Isostearate, Dimethicone, BehenylAlcohol, Nylon-6/12, Steareth-2, Xanthan Gum, PrunusDomestica Seed Oil, Rosa Damascena Flower Water, Algin,Angelica Keiskei Extract, Acacia Senegal Gum, Cucumis Sativus(Cucumber) Fruit Extract, Rosa Damascena Flower Oil, SodiumHyaluronate, Tocopheryl Acetate, Ammonium Acryloyldimethy-ltaurate/VP Copolymer, Steareth-21, Polyacrylamide, C13-14Isoparaffin, Acrylates/C10-30 Alkyl Acrylate Crosspolymer, Tromethamine, Dimethiconol, Laureth-7, Tetrasodium EDTA,Caprylic/Capric Triglyceride, BHT, Caramel, Serine, Fragrance, Phenoxyethanol, Citronellol, Geraniol.'
 'Ürün adı: Lotus Youth Preserve Moisturizer\nMarka: FRESH\nKategori: Moisturizer\nFiyat: 45\nPuan: 4.3\nUygun cilt tipleri: Belirlenemedi\n\nÜrün tanıtımı: Bu nemlendirici, cildi nemlendirmeye ve beslemeye yardımcı olan çeşitli bitki özleri ve nemlendiriciler içerir. Cildin daha genç bir görünüm kazanmasına destek olabilir.\nİçerik analizi: Bu formül, nemlendirme ve antioksidan destek sağlamayı hedefleyen çeşitli nemlendiriciler, yumuşatıcılar ve bitki özleri içerir. Cilde nem çekmeye ve nemi korumaya yardımcı bileşenler barındırır. Cetearyl Alcohol, Cetyl Alcohol, Stearyl Alcohol gibi bazı yağ alkolleri komedojenik risk taşıyabilir. Citrus Limon (Lemon) Peel Oil, Limonene, Citral gibi koku bileşenleri hassasiyet/iritasyon riski yaratabilir.\n\nIngredients: Water, Glycerin, Propylene Glycol Dicaprylate/Dicaprate, Pentylene Glycol, Cetearyl Alcohol, Caprylic/Capric Triglyceride, Cetearyl Isononanoate, Betaine, Polymethyl Methacrylate, Steareth-21, Ficus Carica (Fig) Fruit Extract, Lepidium Meyenii Root Extract, Citrus Limon (Lemon) Peel Oil, Cucumis Sativus (Cucumber) Fruit Extract, Algae Extract, Nelumbo Nucifera Flower Extract, Hibiscus Esculentus Fruit Extract, Sodium Hyaluronate, Tocopheryl Acetate, Ascorbyl Tetraisopalmitate, Tocopherol, Behenyl Alcohol, Cetearyl Glucoside, Sorbitol, Dimethicone, Sodium PCA, Caprylyl Glycol, Carbomer, Tromethamine, Cetyl Alcohol, Stearyl Alcohol, Butylene Glycol, Xanthan Gum, Caramel, Citric Acid, Potassium Sorbate, Sorbic Acid, Phenoxyethanol, Limonene, Citral.'
 'Ürün adı: Ultra Repair® Cream Intense Hydration\nMarka: FIRST AID BEAUTY\nKategori: Moisturizer\nFiyat: 30\nPuan: 4.6\nUygun cilt tipleri: Combination, Dry, Normal, Oily, Sensitive\n\nÜrün tanıtımı: Ultra Repair® Cream Intense Hydration, çeşitli cilt tipleri için yoğun nemlendirme sunan bir nemlendiricidir. Cildi yatıştırmaya ve bariyerini desteklemeye yardımcı olabilecek içerikler barındırır.\nİçerik analizi: Formül, yoğun nemlendirme ve yatıştırma sağlayan bileşenler içerir. Seramid, kolloidal yulaf ezmesi ve bitki özleri ile cildi destekler. Stearik Asit, Gliseril Stearat SE, Gliseril Stearat, Setearil Alkol ve Butyrospermum Parkii Butter komedojenik risk taşıyabilir. Eucalyptus Globulus Leaf Oil ve Chrysanthemum Parthenium Extract hassasiyet/iritasyon riski yaratabilir.\n\nIngredients: Water, Stearic Acid, Glycerin, C12-15 Alkyl Benzoate, Caprylic/Capric Triglyceride, Glyceryl Stearate Se, Glyceryl Stearate, Cetearyl Alcohol, Butyrospermum Parkii Butter, Dimethicone, Squalane, Allantoin, Camellia Sinensis Leaf Extract, Caprylyl Glycol, Ceramide 3, Chrysanthemum Parthenium Extract, Colloidal Oatmeal, Disodium EDTA, Eucalyptus Globulus Leaf Oil, Glycyrrhiza Glabra Root Extract, Sodium Hydroxide, Xanthan Gum, Phenoxyethanol.'
 'Ürün adı: The Moisturizing Soft Cream\nMarka: LA MER\nKategori: Moisturizer\nFiyat: 175\nPuan: 3.8\nUygun cilt tipleri: Combination, Dry, Normal, Oily, Sensitive\n\nÜrün tanıtımı: Bu ürün, cildi nemlendirmeye ve yumuşatmaya yardımcı olan zengin içerikli bir nemlendiricidir. Çeşitli cilt tipleri için uygun olabilir.\nİçerik analizi: Ürün, yoğun nemlendirme sağlayan zengin emolyanlar, silikonlar, çeşitli bitkisel özler ve peptitler barındırır. Petrolatum, Shea Butter ve bazı yağ türevleri komedojenik risk taşıyabilir. Parfüm, limon kabuğu ve okaliptüs yağı gibi içerikler hassasiyet veya iritasyon riski yaratabilir.\n\nIngredients: Algae (Seaweed) Extract, Cyclopentasiloxane, Petrolatum, Glyceryl Distearate, Phenyl Trimethicone, Butylene Glycol, Hydrogenated Vegetable Oil, Cholesterol, Butyrospermum Parkii (Shea Butter), Steareth-10, Dimethicone, Glyceryl Stearate Se, Polysilicone-11, Sesamum Indicum (Sesame) Seed Oil, Medicago Sativa (Alfalfa) Seed Powder, Helianthus Annuus (Sunflower) Seedcake, Prunus Amygdalus Dulcis (Sweet Almond) Seed Meal, Eucalyptus Globulus (Eucalyptus) Leaf Oil, Sodium Gluconate, Copper Gluconate, Calcium Gluconate, Magnesium Gluconate, Zinc Gluconate, Tocopheryl Succinate, Niacin, Sesamum Indicum (Sesame) Seed Powder, Water, Citrus Aurantifolia (Lime) Peel Extract, Laminaria Digitata Extract, Crithmum Maritimum Extract, Salicornia Herbacea Extract, Plankton Extract, Chlorella Vulgaris Extract, Glycine Soja (Soybean) Seed Extract, Glycerin, Caffeine, Sea Salt/Maris Sal/Sel Marin, Micrococcus Lysate, Diethylhexyl Succinate, Adenosine Phosphate, Creatine, Hydrolyzed Algin, Isocetyl Stearoyl Stearate, Cetyl Alcohol, Sucrose, Acetyl Hexapeptide-8, Glucose Oxidase, Polyacrylamide, Acetyl Carnitine Hcl, Glucose, Caprylic/Capric Triglyceride, C13-14 Isoparaffin, Tocopheryl Acetate, Tetrahexyldecyl Ascorbate, Sodium Pca, Glycosaminoglycans, Urea, Distearyldimonium Chloride, Dipalmitoyl Hydroxyproline, Sodium Hyaluronate, Laureth-7, Lecithin, Trehalose, Polyquaternium-51, Lactoperoxidase, Hydroxypropyl Cyclodextrin, Cyanocobalamin, Pentylene Glycol, Fragrance, Disodium Edta, Bht, Citronellol, Hydroxycitronellal, Geraniol, Linalool, Limonene, Potassium Sorbate, Phenoxyethanol'
 'Ürün adı: The Water Cream\nMarka: TATCHA\nKategori: Moisturizer\nFiyat: 68\nPuan: 4.2\nUygun cilt tipleri: Combination, Normal, Oily, Sensitive\n\nÜrün tanıtımı: TATCHA The Water Cream, karma, normal, yağlı ve hassas cilt tipleri için tasarlanmış hafif bir nemlendiricidir. Cilde nem sağlamayı ve dengelemeyi hedefleyen Hadasei-3 gibi içerikler barındırır.\nİçerik analizi: Bu formül, nemlendirme ve cilt kondisyonu için fermente içerikler, silikonlar ve çeşitli bitki özleri içerir. Sodyum Klorür komedojenik risk taşıyabilir. Parfüm/Fragrance ve Alkol hassasiyet/iritasyon riski yaratabilir.\n\nIngredients: Water, Saccharomyces/Camellia Sinensis Leaf/Cladosiphon Okamuranus/Rice Ferment Filtrate*, Dimethicone, Propanediol, Glycerin, Diglycerin, Diphenylsiloxy Phenyl Trimethicone, Gold, Belamcanda Chinensis Root Extract, Rosa Multiflora Fruit Extract, Houttuynia Cordata Extract, Sophora Angustifolia Root Extract, Sodium Hyaluronate, Lecithin, Pistacia Lentiscus (Mastic) Gum, Sodium Chloride, Sodium Citrate, Mica, Peg-9 Polydimethylsiloxyethyl Dimethicone, Dimethicone/Peg-10/15 Crosspolymer, Dimethicone/Phenyl Vinyl Dimethicone Crosspolymer, Disodium Edta, Tin Oxide, Titanium Dioxide, Butylene Glycol, Ethylhexylglycerin, Parfum/Fragrance, Alcohol, Phenoxyethanol. *Hadasei-3.']",Puan: 4.4.,"['b9f66dd877e43fcdbdaeea290c23a473aa19171380bd9ac746d6c46123f38710'
 '544c5b4f7ef25fb4f074afdfc342bfe9888aebed2373198a20e12bf041bdf646'
 'c830d0cdc847acd4f9b955eea7ddfd2c50148e65e380cf8b050c3103eed5f92a'
 '8cc86ba1e5d2afe30984613899405cea69f4f96cd1ccc3aae08963328a2c6b39'
 '1ed4a690fab7fbe6a3af924503e394f4f2ee9163677f565770bc5854c289d1f7']",['b9f66dd877e43fcdbdaeea290c23a473aa19171380bd9ac746d6c46123f38710'],1.0,1.0,0.8932597839227023
Rose Deep Hydration Moisturizer ürünü hangi cilt tipleri için uygundur?,Bunu mevcut bilgi tabanında bulamadım.,"['Ürün adı: Rose Deep Hydration Moisturizer\nMarka: FRESH\nKategori: Moisturizer\nFiyat: 40\nPuan: 4.4\nUygun cilt tipleri: Belirlenemedi\n\nÜrün tanıtımı: Fresh Rose Deep Hydration Moisturizer, cildi nemlendirmeyi hedefleyen bir üründür. İçeriğindeki gül özleri ve nemlendirici bileşenlerle cilde derinlemesine nem sağlamayı amaçlar.\nİçerik analizi: Ürün, yoğun nemlendirme ve cilt bariyerini desteklemeyi hedefleyen bir formüle sahiptir. Gliserin ve sodyum hyaluronat gibi nemlendiriciler içerir. Behenyl Alcohol ve Prunus Domestica Seed Oil gibi içerikler komedojenik risk taşıyabilir. Fragrance, Citronellol ve Geraniol hassasiyet/iritasyon riski yaratabilir.\n\nIngredients: Water, Glycerin, EthylhexylIsononanoate, Butylene Glycol, Pentylene Glycol, Propanediol,Caprylyl Methicone, Isostearyl Isostearate, Dimethicone, BehenylAlcohol, Nylon-6/12, Steareth-2, Xanthan Gum, PrunusDomestica Seed Oil, Rosa Damascena Flower Water, Algin,Angelica Keiskei Extract, Acacia Senegal Gum, Cucumis Sativus(Cucumber) Fruit Extract, Rosa Damascena Flower Oil, SodiumHyaluronate, Tocopheryl Acetate, Ammonium Acryloyldimethy-ltaurate/VP Copolymer, Steareth-21, Polyacrylamide, C13-14Isoparaffin, Acrylates/C10-30 Alkyl Acrylate Crosspolymer, Tromethamine, Dimethiconol, Laureth-7, Tetrasodium EDTA,Caprylic/Capric Triglyceride, BHT, Caramel, Serine, Fragrance, Phenoxyethanol, Citronellol, Geraniol.'
 'Ürün adı: Ultra Repair® Cream Intense Hydration\nMarka: FIRST AID BEAUTY\nKategori: Moisturizer\nFiyat: 30\nPuan: 4.6\nUygun cilt tipleri: Combination, Dry, Normal, Oily, Sensitive\n\nÜrün tanıtımı: Ultra Repair® Cream Intense Hydration, çeşitli cilt tipleri için yoğun nemlendirme sunan bir nemlendiricidir. Cildi yatıştırmaya ve bariyerini desteklemeye yardımcı olabilecek içerikler barındırır.\nİçerik analizi: Formül, yoğun nemlendirme ve yatıştırma sağlayan bileşenler içerir. Seramid, kolloidal yulaf ezmesi ve bitki özleri ile cildi destekler. Stearik Asit, Gliseril Stearat SE, Gliseril Stearat, Setearil Alkol ve Butyrospermum Parkii Butter komedojenik risk taşıyabilir. Eucalyptus Globulus Leaf Oil ve Chrysanthemum Parthenium Extract hassasiyet/iritasyon riski yaratabilir.\n\nIngredients: Water, Stearic Acid, Glycerin, C12-15 Alkyl Benzoate, Caprylic/Capric Triglyceride, Glyceryl Stearate Se, Glyceryl Stearate, Cetearyl Alcohol, Butyrospermum Parkii Butter, Dimethicone, Squalane, Allantoin, Camellia Sinensis Leaf Extract, Caprylyl Glycol, Ceramide 3, Chrysanthemum Parthenium Extract, Colloidal Oatmeal, Disodium EDTA, Eucalyptus Globulus Leaf Oil, Glycyrrhiza Glabra Root Extract, Sodium Hydroxide, Xanthan Gum, Phenoxyethanol.'
 'Ürün adı: Lotus Youth Preserve Moisturizer\nMarka: FRESH\nKategori: Moisturizer\nFiyat: 45\nPuan: 4.3\nUygun cilt tipleri: Belirlenemedi\n\nÜrün tanıtımı: Bu nemlendirici, cildi nemlendirmeye ve beslemeye yardımcı olan çeşitli bitki özleri ve nemlendiriciler içerir. Cildin daha genç bir görünüm kazanmasına destek olabilir.\nİçerik analizi: Bu formül, nemlendirme ve antioksidan destek sağlamayı hedefleyen çeşitli nemlendiriciler, yumuşatıcılar ve bitki özleri içerir. Cilde nem çekmeye ve nemi korumaya yardımcı bileşenler barındırır. Cetearyl Alcohol, Cetyl Alcohol, Stearyl Alcohol gibi bazı yağ alkolleri komedojenik risk taşıyabilir. Citrus Limon (Lemon) Peel Oil, Limonene, Citral gibi koku bileşenleri hassasiyet/iritasyon riski yaratabilir.\n\nIngredients: Water, Glycerin, Propylene Glycol Dicaprylate/Dicaprate, Pentylene Glycol, Cetearyl Alcohol, Caprylic/Capric Triglyceride, Cetearyl Isononanoate, Betaine, Polymethyl Methacrylate, Steareth-21, Ficus Carica (Fig) Fruit Extract, Lepidium Meyenii Root Extract, Citrus Limon (Lemon) Peel Oil, Cucumis Sativus (Cucumber) Fruit Extract, Algae Extract, Nelumbo Nucifera Flower Extract, Hibiscus Esculentus Fruit Extract, Sodium Hyaluronate, Tocopheryl Acetate, Ascorbyl Tetraisopalmitate, Tocopherol, Behenyl Alcohol, Cetearyl Glucoside, Sorbitol, Dimethicone, Sodium PCA, Caprylyl Glycol, Carbomer, Tromethamine, Cetyl Alcohol, Stearyl Alcohol, Butylene Glycol, Xanthan Gum, Caramel, Citric Acid, Potassium Sorbate, Sorbic Acid, Phenoxyethanol, Limonene, Citral.'
 ""Ürün adı: Midnight Recovery Concentrate\nMarka: KIEHL'S SINCE 1851\nKategori: Moisturizer\nFiyat: 47\nPuan: 4.4\nUygun cilt tipleri: Combination, Dry, Normal, Oily, Sensitive\n\nÜrün tanıtımı: Kiehl's Midnight Recovery Concentrate, çeşitli bitkisel yağlar ve skualen içeren bir nemlendiricidir. Cildin gece boyunca yenilenmesine yardımcı olmayı hedefleyebilir.\nİçerik analizi: Ürün, yoğun bitkisel yağlar ve özler içeren, nemlendirme odaklı bir formüle sahiptir. Oenothera Biennis Oil ve Simmondsia Chinensis Oil gibi bazı içerikler, bazı cilt tiplerinde komedojenik risk taşıyabilir. Lavandula Angustifolia Oil, Rosmarinus Officinalis Leaf Oil gibi uçucu yağlar ile Linalool, Limonene, Citronellol gibi koku bileşenleri hassasiyet/iritasyon riski yaratabilir.\n\nIngredients: Caprylic/Capric Triglyceride Dicaprylyl Carbonate Squalane Rosa Canina Fruit Oil Oenothera Biennis Oil, Evening Primrose Oil Simmondsia Chinensis Oil, Jojoba Seed Oil Coriandrum Sativum Oil, Coriander Seed Oil Tocopherol Lavandula Angustifolia Oil, Lavender Oil Pelargonium Graveolens Flower Oil Linalool Rosmarinus Officinalis Leaf Oil, Rosemary Leaf Oil Citronellol Geraniol Lavandula Hybrida Oil Cucumis Sativus Extract, Cucumber Fruit Extract Curcuma Longa Extract, Turmeric Root Extract Limonene Citral Sclareolide Rosa Spp, Rose Flower Oil Jasminum Officinale Extract, Jasmine Extract Helianthus Annuus Seed Oil, Sunflower Seed Oil.""
 'Ürün adı: Lala Retro™ Whipped Cream\nMarka: DRUNK ELEPHANT\nKategori: Moisturizer\nFiyat: 60\nPuan: 4.2\nUygun cilt tipleri: Combination, Dry, Normal, Oily\n\nÜrün tanıtımı: Bu ürün, cildi nemlendirmeye yardımcı olabilecek bir nemlendiricidir. Karma, kuru, normal ve yağlı dahil olmak üzere çeşitli cilt tipleri için uygun olabilir.\nİçerik analizi: Bu formül, yoğun nemlendirme sağlayan gliserin ve çeşitli besleyici bitkisel yağlar içerir. Fermente içerikler cilt bariyerini desteklemeye yardımcı olabilir. Sodyum Hiyalüronat Çapraz Polimer ile nem tutulumu hedeflenmiştir. Komedojenik risk yaratabilecek içerikler Isopropyl Isostearate ve Stearic Acid olabilir. Hassasiyet/iritasyon riski taşıyabilecek içerikler Chlorphenesin, Phenoxyethanol ve Ceteareth-20 olabilir.\n\nIngredients: Water, Glycerin, Caprylic/ Capric Triglyceride, Isopropyl Isostearate, Pseudozyma Epicola/Camellia Sinensis Seed Oil/Glucose/Glycine Soja Meal/Malt Extract/Yeast Extract Ferment Filtrate (Pseudozyma Epicola/Camellia Sinensis Seed Oil/Glucose/Yeast Extract Ferment Filtrate), Stearic Acid, Glyceryl Stearate SE, Cetearyl Alcohol, Pentylene Glycol, Plantago Lanceolata Leaf Extract, Adansonia Digitata Seed Oil, Citrullus Lanatus (Watermelon) Seed Oil, Passiflora Edulis Seed Oil, Schinziophyton Rautanenii Kernel Oil, Sclerocarya Birrea Seed Oil, Polyglyceryl-6 Ximenia Americana Seedate, Sodium Hyaluronate Crosspolymer, Ceteareth-20, Trisodium Ethylenediamine Disuccinate, Sodium Hydroxide, Citric Acid, Carbomer, Xanthan Gum, Caprylyl Glycol, Chlorphenesin, Phenoxyethanol, Ethylhexylglycerin.']",Uygun cilt tipleri: Belirlenemedi.,"['b9f66dd877e43fcdbdaeea290c23a473aa19171380bd9ac746d6c46123f38710'
 'c830d0cdc847acd4f9b955eea7ddfd2c50148e65e380cf8b050c3103eed5f92a'
 '544c5b4f7ef25fb4f074afdfc342bfe9888aebed2373198a20e12bf041bdf646'
 'f3ad7ba47540983755a803b0298804e1f50311b268fcccbaaa9928cfea6a9c9b'
 'a48e2ca666e1c58f48ad12d9a129f8f91c74989bb819a8712641c5a32076b62d']",['b9f66dd877e43fcdbdaeea290c23a473aa19171380bd9ac746d6c46123f38710'],1.0,0.0,0.0
"Rose Deep Hydration Moisturizer ürünün,n fiyatı nedir?",Rose Deep Hydration Moisturizer ürününün fiyatı 40'tır.,"['Ürün adı: Rose Deep Hydration Moisturizer\nMarka: FRESH\nKategori: Moisturizer\nFiyat: 40\nPuan: 4.4\nUygun cilt tipleri: Belirlenemedi\n\nÜrün tanıtımı: Fresh Rose Deep Hydration Moisturizer, cildi nemlendirmeyi hedefleyen bir üründür. İçeriğindeki gül özleri ve nemlendirici bileşenlerle cilde derinlemesine nem sağlamayı amaçlar.\nİçerik analizi: Ürün, yoğun nemlendirme ve cilt bariyerini desteklemeyi hedefleyen bir formüle sahiptir. Gliserin ve sodyum hyaluronat gibi nemlendiriciler içerir. Behenyl Alcohol ve Prunus Domestica Seed Oil gibi içerikler komedojenik risk taşıyabilir. Fragrance, Citronellol ve Geraniol hassasiyet/iritasyon riski yaratabilir.\n\nIngredients: Water, Glycerin, EthylhexylIsononanoate, Butylene Glycol, Pentylene Glycol, Propanediol,Caprylyl Methicone, Isostearyl Isostearate, Dimethicone, BehenylAlcohol, Nylon-6/12, Steareth-2, Xanthan Gum, PrunusDomestica Seed Oil, Rosa Damascena Flower Water, Algin,Angelica Keiskei Extract, Acacia Senegal Gum, Cucumis Sativus(Cucumber) Fruit Extract, Rosa Damascena Flower Oil, SodiumHyaluronate, Tocopheryl Acetate, Ammonium Acryloyldimethy-ltaurate/VP Copolymer, Steareth-21, Polyacrylamide, C13-14Isoparaffin, Acrylates/C10-30 Alkyl Acrylate Crosspolymer, Tromethamine, Dimethiconol, Laureth-7, Tetrasodium EDTA,Caprylic/Capric Triglyceride, BHT, Caramel, Serine, Fragrance, Phenoxyethanol, Citronellol, Geraniol.'
 'Ürün adı: Ultra Repair® Cream Intense Hydration\nMarka: FIRST AID BEAUTY\nKategori: Moisturizer\nFiyat: 30\nPuan: 4.6\nUygun cilt tipleri: Combination, Dry, Normal, Oily, Sensitive\n\nÜrün tanıtımı: Ultra Repair® Cream Intense Hydration, çeşitli cilt tipleri için yoğun nemlendirme sunan bir nemlendiricidir. Cildi yatıştırmaya ve bariyerini desteklemeye yardımcı olabilecek içerikler barındırır.\nİçerik analizi: Formül, yoğun nemlendirme ve yatıştırma sağlayan bileşenler içerir. Seramid, kolloidal yulaf ezmesi ve bitki özleri ile cildi destekler. Stearik Asit, Gliseril Stearat SE, Gliseril Stearat, Setearil Alkol ve Butyrospermum Parkii Butter komedojenik risk taşıyabilir. Eucalyptus Globulus Leaf Oil ve Chrysanthemum Parthenium Extract hassasiyet/iritasyon riski yaratabilir.\n\nIngredients: Water, Stearic Acid, Glycerin, C12-15 Alkyl Benzoate, Caprylic/Capric Triglyceride, Glyceryl Stearate Se, Glyceryl Stearate, Cetearyl Alcohol, Butyrospermum Parkii Butter, Dimethicone, Squalane, Allantoin, Camellia Sinensis Leaf Extract, Caprylyl Glycol, Ceramide 3, Chrysanthemum Parthenium Extract, Colloidal Oatmeal, Disodium EDTA, Eucalyptus Globulus Leaf Oil, Glycyrrhiza Glabra Root Extract, Sodium Hydroxide, Xanthan Gum, Phenoxyethanol.'
 'Ürün adı: Lotus Youth Preserve Moisturizer\nMarka: FRESH\nKategori: Moisturizer\nFiyat: 45\nPuan: 4.3\nUygun cilt tipleri: Belirlenemedi\n\nÜrün tanıtımı: Bu nemlendirici, cildi nemlendirmeye ve beslemeye yardımcı olan çeşitli bitki özleri ve nemlendiriciler içerir. Cildin daha genç bir görünüm kazanmasına destek olabilir.\nİçerik analizi: Bu formül, nemlendirme ve antioksidan destek sağlamayı hedefleyen çeşitli nemlendiriciler, yumuşatıcılar ve bitki özleri içerir. Cilde nem çekmeye ve nemi korumaya yardımcı bileşenler barındırır. Cetearyl Alcohol, Cetyl Alcohol, Stearyl Alcohol gibi bazı yağ alkolleri komedojenik risk taşıyabilir. Citrus Limon (Lemon) Peel Oil, Limonene, Citral gibi koku bileşenleri hassasiyet/iritasyon riski yaratabilir.\n\nIngredients: Water, Glycerin, Propylene Glycol Dicaprylate/Dicaprate, Pentylene Glycol, Cetearyl Alcohol, Caprylic/Capric Triglyceride, Cetearyl Isononanoate, Betaine, Polymethyl Methacrylate, Steareth-21, Ficus Carica (Fig) Fruit Extract, Lepidium Meyenii Root Extract, Citrus Limon (Lemon) Peel Oil, Cucumis Sativus (Cucumber) Fruit Extract, Algae Extract, Nelumbo Nucifera Flower Extract, Hibiscus Esculentus Fruit Extract, Sodium Hyaluronate, Tocopheryl Acetate, Ascorbyl Tetraisopalmitate, Tocopherol, Behenyl Alcohol, Cetearyl Glucoside, Sorbitol, Dimethicone, Sodium PCA, Caprylyl Glycol, Carbomer, Tromethamine, Cetyl Alcohol, Stearyl Alcohol, Butylene Glycol, Xanthan Gum, Caramel, Citric Acid, Potassium Sorbate, Sorbic Acid, Phenoxyethanol, Limonene, Citral.'
 'Ürün adı: COMPLEXION RESCUE™ Tinted Moisturizer Broad Spectrum SPF 30\nMarka: BAREMINERALS\nKategori: Moisturizer\nFiyat: 30\nPuan: 3.9\nUygun cilt tipleri: Belirlenemedi\n\nÜrün tanıtımı: Bu ürün, cilde nem sağlarken hafif renk tonu ve SPF 30 ile güneş koruması sunan renkli bir nemlendiricidir. Cilt tonunu eşitlemeye ve korumaya yardımcı olabilir.\nİçerik analizi: Ürün, nemlendirici ve yumuşatıcı bileşenler (Squalane, Gliserin, Sodyum Hyaluronat) açısından zengindir. Mineral bazlı renk ve SPF içerir. Isostearic Acid ve Polysorbate 60 komedojenik risk taşıyabilir. Phenoxyethanol hassasiyet/iritasyon riski yaratabilir. Bazı bitki özleri de hassasiyet potansiyeli taşıyabilir.\n\nIngredients: Water, Coconut Alkanes, Propanediol, Squalane, Trehalose, Isostearic Acid, Glycerin, Silica, Agar, Caprylic/Capric Triglyceride, Globularia Cordifolia Callus Culture Extract, Salicornia Herbacea Extract, Melilotus Officinalis Extract, Coco-Caprylate/Caprate, Butylene Glycol, Lauroyl Lysine, Sodium Hyaluronate, Succinoglycan, Polysorbate 60, Cellulose Gum, Polyglyceryl-4 Laurate/Succinate, Sorbitan Sesquiisostearate, Magnesium Stearate, Magnesium Hydroxide, Magnesium Chloride, Potassium Chloride, Calcium Chloride, Potassium Sorbate, Phenoxyethanol. May Contain: Titanium Dioxide, Iron Oxides.'
 ""Ürün adı: Midnight Recovery Concentrate\nMarka: KIEHL'S SINCE 1851\nKategori: Moisturizer\nFiyat: 47\nPuan: 4.4\nUygun cilt tipleri: Combination, Dry, Normal, Oily, Sensitive\n\nÜrün tanıtımı: Kiehl's Midnight Recovery Concentrate, çeşitli bitkisel yağlar ve skualen içeren bir nemlendiricidir. Cildin gece boyunca yenilenmesine yardımcı olmayı hedefleyebilir.\nİçerik analizi: Ürün, yoğun bitkisel yağlar ve özler içeren, nemlendirme odaklı bir formüle sahiptir. Oenothera Biennis Oil ve Simmondsia Chinensis Oil gibi bazı içerikler, bazı cilt tiplerinde komedojenik risk taşıyabilir. Lavandula Angustifolia Oil, Rosmarinus Officinalis Leaf Oil gibi uçucu yağlar ile Linalool, Limonene, Citronellol gibi koku bileşenleri hassasiyet/iritasyon riski yaratabilir.\n\nIngredients: Caprylic/Capric Triglyceride Dicaprylyl Carbonate Squalane Rosa Canina Fruit Oil Oenothera Biennis Oil, Evening Primrose Oil Simmondsia Chinensis Oil, Jojoba Seed Oil Coriandrum Sativum Oil, Coriander Seed Oil Tocopherol Lavandula Angustifolia Oil, Lavender Oil Pelargonium Graveolens Flower Oil Linalool Rosmarinus Officinalis Leaf Oil, Rosemary Leaf Oil Citronellol Geraniol Lavandula Hybrida Oil Cucumis Sativus Extract, Cucumber Fruit Extract Curcuma Longa Extract, Turmeric Root Extract Limonene Citral Sclareolide Rosa Spp, Rose Flower Oil Jasminum Officinale Extract, Jasmine Extract Helianthus Annuus Seed Oil, Sunflower Seed Oil.""]",Fiyat: 40.,"['b9f66dd877e43fcdbdaeea290c23a473aa19171380bd9ac746d6c46123f38710'
 'c830d0cdc847acd4f9b955eea7ddfd2c50148e65e380cf8b050c3103eed5f92a'
 '544c5b4f7ef25fb4f074afdfc342bfe9888aebed2373198a20e12bf041bdf646'
 'ccc5127b6eb60df804b36f4f65a1049f013a066d4afb7e3e907417ea7077844e'
 'f3ad7ba47540983755a803b0298804e1f50311b268fcccbaaa9928cfea6a9c9b']",['b9f66dd877e43fcdbdaeea290c23a473aa19171380bd9ac746d6c46123f38710'],1.0,1.0,0.8919115694060892
CLINIQUE markasının Moisture Surge 72-Hour Auto-Replenishing Hydrator ürününün puanı kaç?,CLINIQUE Moisture Surge 72-Hour Auto-Replenishing Hydrator ürününün puanı 4.4'tür.,"[""Ürün adı: Moisture Surge 72-Hour Auto-Replenishing Hydrator\nMarka: CLINIQUE\nKategori: Moisturizer\nFiyat: 39\nPuan: 4.4\nUygun cilt tipleri: Combination, Dry, Normal, Oily, Sensitive\n\nÜrün tanıtımı: Clinique'in bu nemlendiricisi, cildin uzun süreli ve yoğun bir şekilde nemlenmesine destek olmayı amaçlar. Otomatik nemlendirme özelliği ile 72 saate kadar etki gösterebilir.\nİçerik analizi: Ürün, yoğun nemlendirme sağlayan bileşenler ve silikon bazlı yapısıyla dikkat çekiyor. Çeşitli bitki özleri ve antioksidanlar içerir. Oleth-10 ve Hidrojene Lesitin komedojenik risk taşıyabilir. Oleth-10, Fenoksietanol ve yapay renklendiriciler (Red 4, Yellow 5) hassasiyet/iritasyon riski yaratabilir.\n\nIngredients: Water , Dimethicone , Butylene Glycol , Glycerin , Trisiloxane , Trehalose , Sucrose , Ammonium Acryloyldimethyltaurate/Vp Copolymer , Hydroxyethyl Urea , Camellia Sinensis (Green Tea) Leaf Extract , Silybum Marianum (Lady'S Thistle) Extract , Betula Alba (Birch) Bark Extract , Saccharomyces Lysate Extract , Aloe Barbadensis Leaf Water , Thermus Thermophillus Ferment , Caffeine , Sorbitol , Palmitoyl Hexapeptide-12 , Sodium Hyaluronate , Caprylyl Glycol , Oleth-10 , Sodium Polyaspartate , Saccharide Isomerate , Hydrogenated Lecithin , Tocopheryl Acetate , Acrylates/C10-30 Alkyl Acrylate Crosspolymer , Glyceryl Polymethacrylate , Tromethamine , Peg-8 , Hexylene Glycol , Magnesium Ascorbyl Phosphate , Disodium Edta , Bht , Phenoxyethanol , Red 4 (Ci 14700) , Yellow 5 (Ci 19140)""
 'Ürün adı: Your Skin But Better™ CC+™ Cream with SPF 50+\nMarka: IT COSMETICS\nKategori: Moisturizer\nFiyat: 38\nPuan: 4.1\nUygun cilt tipleri: Combination, Dry, Normal, Oily, Sensitive\n\nÜrün tanıtımı: Bu ürün, cilde renk eşitleme ve yüksek SPF 50+ güneş koruması sunan, nemlendirici özelliklere sahip bir CC kremidir. Cilt tonunu eşitlemeye ve nemlendirmeye yardımcı olabilir.\nİçerik analizi: Ürün, nemlendirici, SPF ve çeşitli aktif bileşenler içeren zengin bir formüle sahiptir. Salyangoz salgısı filtratı, silikonlar, bitkisel yağlar ve vitaminler içerir. Stearik Asit, Orbignya Oleifera Seed Oil ve Persea Gratissima (Avocado) Oil komedojenik risk taşıyabilir. Narenciye yağları (Citrus Medica Limonum Peel Oil, Citrus Aurantium Bergamia Fruit Oil vb.) ve Eucalyptus Globulus Leaf Oil hassasiyet/iritasyon riski yaratabilir. Chlorhexidine Digluconate de hassasiyet riski taşıyabilir.\n\nIngredients: Water, Snail Secretion Filtrate, Phenyl Trimethicone, Dimethicone, Butylene Glycol, Butylene Glycol Dicaprylate/Dicaprate, Orbignya Oleifera Seed Oil, Butyloctyl Salicylate, Cetyl Peg/Ppg-10/1 Dimethicone, Cyclopentasiloxane, Cyclohexasiloxane, Magnesium Sulfate, Polyglyceryl-4 Isostearate, Dimethicone/Vinyl Dimethicone Crosspolymer, Aluminum Hydroxide, Hexyl Laurate, Stearic Acid, Calcium Stearate, Caprylyl Glycol, Triethoxycaprylylsilane, Ethylhexylglycerin, Citrus Medica Limonum (Lemon) Peel Oil, Tocopheryl Acetate, Sorbitan Isostearate, Phenoxyethanol, Citrus Aurantium Bergamia (Bergamot) Fruit Oil, 1,2-Hexanediol, Disodium Edta, Citrus Aurantium Dulcis (Orange) Peel Oil, Citrus Aurantifolia (Lime) Oil, Vitis Vinifera (Grape) Seed Oil, Punica Granatum Seed Oil, Pinus Sylvestris Leaf Oil, Persea Gratissima (Avocado) Oil, Niacinamide, Citrus Grandis (Grapefruit) Peel Oil, Cholesterol, Anthemis Nobilis Flower Water, Lactobacillus/Honeysuckle Flower/Licorice Root/Morus Alba Root/Pueraria Lobata Root/Schizandra Chinensis Fruit/Scutellaria Baicalensis Root/Sophora Japonica Flower Extract Ferment Filtrate, Perfluorohexane, Olea Europaea (Olive) Leaf Extract, Glycerin, Eucalyptus Globulus Leaf Oil, Camellia Sinensis Leaf Extract, Chrysanthemum Indicum Flower Extract, Pueraria Lobata Root Extract, Perfluorodecalin, Morus Alba Fruit Extract, Magnolia Kobus Bark Extract, Glycine Soja (Soybean) Sprout Extract, Diospyros Kaki Leaf Extract, Cinnamomum Cassia Bark Extract, Artemisia Princeps Leaf Extract, Pentafluoropropane, Curcuma Longa (Turmeric) Root Extract, Steareth-20, Hydrolyzed Hyaluronic Acid, Colloidal Oatmeal, Hydrolyzed Silk, Citric Acid, Sodium Benzoate, Potassium Sorbate, Aloe Barbadensis Leaf Extract, N-Hydroxysuccinimide, Hydrolyzed Collagen, Caprylhydroxamic Acid, Tocopherol, Thiamine Hcl, Riboflavin, Retinyl Palmitate, Pantothenic Acid, Palmitoyl Oligopeptide, Niacin, Folic Acid, Chrysin, Carnitine Hcl, Biotin, Ascorbic Acid, Palmitoyl Tetrapeptide-7, Chlorhexidine Digluconate. May Contain: Iron Oxides (Ci 77492, Ci 77491, Ci 77499).'
 'Ürün adı: Rose Deep Hydration Moisturizer\nMarka: FRESH\nKategori: Moisturizer\nFiyat: 40\nPuan: 4.4\nUygun cilt tipleri: Belirlenemedi\n\nÜrün tanıtımı: Fresh Rose Deep Hydration Moisturizer, cildi nemlendirmeyi hedefleyen bir üründür. İçeriğindeki gül özleri ve nemlendirici bileşenlerle cilde derinlemesine nem sağlamayı amaçlar.\nİçerik analizi: Ürün, yoğun nemlendirme ve cilt bariyerini desteklemeyi hedefleyen bir formüle sahiptir. Gliserin ve sodyum hyaluronat gibi nemlendiriciler içerir. Behenyl Alcohol ve Prunus Domestica Seed Oil gibi içerikler komedojenik risk taşıyabilir. Fragrance, Citronellol ve Geraniol hassasiyet/iritasyon riski yaratabilir.\n\nIngredients: Water, Glycerin, EthylhexylIsononanoate, Butylene Glycol, Pentylene Glycol, Propanediol,Caprylyl Methicone, Isostearyl Isostearate, Dimethicone, BehenylAlcohol, Nylon-6/12, Steareth-2, Xanthan Gum, PrunusDomestica Seed Oil, Rosa Damascena Flower Water, Algin,Angelica Keiskei Extract, Acacia Senegal Gum, Cucumis Sativus(Cucumber) Fruit Extract, Rosa Damascena Flower Oil, SodiumHyaluronate, Tocopheryl Acetate, Ammonium Acryloyldimethy-ltaurate/VP Copolymer, Steareth-21, Polyacrylamide, C13-14Isoparaffin, Acrylates/C10-30 Alkyl Acrylate Crosspolymer, Tromethamine, Dimethiconol, Laureth-7, Tetrasodium EDTA,Caprylic/Capric Triglyceride, BHT, Caramel, Serine, Fragrance, Phenoxyethanol, Citronellol, Geraniol.'
 'Ürün adı: COMPLEXION RESCUE™ Tinted Moisturizer Broad Spectrum SPF 30\nMarka: BAREMINERALS\nKategori: Moisturizer\nFiyat: 30\nPuan: 3.9\nUygun cilt tipleri: Belirlenemedi\n\nÜrün tanıtımı: Bu ürün, cilde nem sağlarken hafif renk tonu ve SPF 30 ile güneş koruması sunan renkli bir nemlendiricidir. Cilt tonunu eşitlemeye ve korumaya yardımcı olabilir.\nİçerik analizi: Ürün, nemlendirici ve yumuşatıcı bileşenler (Squalane, Gliserin, Sodyum Hyaluronat) açısından zengindir. Mineral bazlı renk ve SPF içerir. Isostearic Acid ve Polysorbate 60 komedojenik risk taşıyabilir. Phenoxyethanol hassasiyet/iritasyon riski yaratabilir. Bazı bitki özleri de hassasiyet potansiyeli taşıyabilir.\n\nIngredients: Water, Coconut Alkanes, Propanediol, Squalane, Trehalose, Isostearic Acid, Glycerin, Silica, Agar, Caprylic/Capric Triglyceride, Globularia Cordifolia Callus Culture Extract, Salicornia Herbacea Extract, Melilotus Officinalis Extract, Coco-Caprylate/Caprate, Butylene Glycol, Lauroyl Lysine, Sodium Hyaluronate, Succinoglycan, Polysorbate 60, Cellulose Gum, Polyglyceryl-4 Laurate/Succinate, Sorbitan Sesquiisostearate, Magnesium Stearate, Magnesium Hydroxide, Magnesium Chloride, Potassium Chloride, Calcium Chloride, Potassium Sorbate, Phenoxyethanol. May Contain: Titanium Dioxide, Iron Oxides.'
 'Ürün adı: Ultra Repair® Cream Intense Hydration\nMarka: FIRST AID BEAUTY\nKategori: Moisturizer\nFiyat: 30\nPuan: 4.6\nUygun cilt tipleri: Combination, Dry, Normal, Oily, Sensitive\n\nÜrün tanıtımı: Ultra Repair® Cream Intense Hydration, çeşitli cilt tipleri için yoğun nemlendirme sunan bir nemlendiricidir. Cildi yatıştırmaya ve bariyerini desteklemeye yardımcı olabilecek içerikler barındırır.\nİçerik analizi: Formül, yoğun nemlendirme ve yatıştırma sağlayan bileşenler içerir. Seramid, kolloidal yulaf ezmesi ve bitki özleri ile cildi destekler. Stearik Asit, Gliseril Stearat SE, Gliseril Stearat, Setearil Alkol ve Butyrospermum Parkii Butter komedojenik risk taşıyabilir. Eucalyptus Globulus Leaf Oil ve Chrysanthemum Parthenium Extract hassasiyet/iritasyon riski yaratabilir.\n\nIngredients: Water, Stearic Acid, Glycerin, C12-15 Alkyl Benzoate, Caprylic/Capric Triglyceride, Glyceryl Stearate Se, Glyceryl Stearate, Cetearyl Alcohol, Butyrospermum Parkii Butter, Dimethicone, Squalane, Allantoin, Camellia Sinensis Leaf Extract, Caprylyl Glycol, Ceramide 3, Chrysanthemum Parthenium Extract, Colloidal Oatmeal, Disodium EDTA, Eucalyptus Globulus Leaf Oil, Glycyrrhiza Glabra Root Extract, Sodium Hydroxide, Xanthan Gum, Phenoxyethanol.']",Puan: 4.4.,"['768940f3e648a38b6664f5bf6466070d99f3f4fcce9a0f37645df3437dcd860a'
 '02415a33943b2cc65c009174fd5b3f5a0cffb6f23d553fd8266e9b7f26f16cc0'
 'b9f66dd877e43fcdbdaeea290c23a473aa19171380bd9ac746d6c46123f38710'
 'ccc5127b6eb60df804b36f4f65a1049f013a066d4afb7e3e907417ea7077844e'
 'c830d0cdc847acd4f9b955eea7ddfd2c50148e65e380cf8b050c3103eed5f92a']",['768940f3e648a38b6664f5bf6466070d99f3f4fcce9a0f37645df3437dcd860a'],1.0,1.0,0.910779719356865
Moisture Surge 72-Hour Auto-Replenishing Hydrator ürünü hangi cilt tipleri için uygundur?,"Moisture Surge 72-Hour Auto-Replenishing Hydrator ürünü Combination, Dry, Normal, Oily ve Sensitive cilt tipleri için uygundur.","[""Ürün adı: Moisture Surge 72-Hour Auto-Replenishing Hydrator\nMarka: CLINIQUE\nKategori: Moisturizer\nFiyat: 39\nPuan: 4.4\nUygun cilt tipleri: Combination, Dry, Normal, Oily, Sensitive\n\nÜrün tanıtımı: Clinique'in bu nemlendiricisi, cildin uzun süreli ve yoğun bir şekilde nemlenmesine destek olmayı amaçlar. Otomatik nemlendirme özelliği ile 72 saate kadar etki gösterebilir.\nİçerik analizi: Ürün, yoğun nemlendirme sağlayan bileşenler ve silikon bazlı yapısıyla dikkat çekiyor. Çeşitli bitki özleri ve antioksidanlar içerir. Oleth-10 ve Hidrojene Lesitin komedojenik risk taşıyabilir. Oleth-10, Fenoksietanol ve yapay renklendiriciler (Red 4, Yellow 5) hassasiyet/iritasyon riski yaratabilir.\n\nIngredients: Water , Dimethicone , Butylene Glycol , Glycerin , Trisiloxane , Trehalose , Sucrose , Ammonium Acryloyldimethyltaurate/Vp Copolymer , Hydroxyethyl Urea , Camellia Sinensis (Green Tea) Leaf Extract , Silybum Marianum (Lady'S Thistle) Extract , Betula Alba (Birch) Bark Extract , Saccharomyces Lysate Extract , Aloe Barbadensis Leaf Water , Thermus Thermophillus Ferment , Caffeine , Sorbitol , Palmitoyl Hexapeptide-12 , Sodium Hyaluronate , Caprylyl Glycol , Oleth-10 , Sodium Polyaspartate , Saccharide Isomerate , Hydrogenated Lecithin , Tocopheryl Acetate , Acrylates/C10-30 Alkyl Acrylate Crosspolymer , Glyceryl Polymethacrylate , Tromethamine , Peg-8 , Hexylene Glycol , Magnesium Ascorbyl Phosphate , Disodium Edta , Bht , Phenoxyethanol , Red 4 (Ci 14700) , Yellow 5 (Ci 19140)""
 'Ürün adı: Ultra Repair® Cream Intense Hydration\nMarka: FIRST AID BEAUTY\nKategori: Moisturizer\nFiyat: 30\nPuan: 4.6\nUygun cilt tipleri: Combination, Dry, Normal, Oily, Sensitive\n\nÜrün tanıtımı: Ultra Repair® Cream Intense Hydration, çeşitli cilt tipleri için yoğun nemlendirme sunan bir nemlendiricidir. Cildi yatıştırmaya ve bariyerini desteklemeye yardımcı olabilecek içerikler barındırır.\nİçerik analizi: Formül, yoğun nemlendirme ve yatıştırma sağlayan bileşenler içerir. Seramid, kolloidal yulaf ezmesi ve bitki özleri ile cildi destekler. Stearik Asit, Gliseril Stearat SE, Gliseril Stearat, Setearil Alkol ve Butyrospermum Parkii Butter komedojenik risk taşıyabilir. Eucalyptus Globulus Leaf Oil ve Chrysanthemum Parthenium Extract hassasiyet/iritasyon riski yaratabilir.\n\nIngredients: Water, Stearic Acid, Glycerin, C12-15 Alkyl Benzoate, Caprylic/Capric Triglyceride, Glyceryl Stearate Se, Glyceryl Stearate, Cetearyl Alcohol, Butyrospermum Parkii Butter, Dimethicone, Squalane, Allantoin, Camellia Sinensis Leaf Extract, Caprylyl Glycol, Ceramide 3, Chrysanthemum Parthenium Extract, Colloidal Oatmeal, Disodium EDTA, Eucalyptus Globulus Leaf Oil, Glycyrrhiza Glabra Root Extract, Sodium Hydroxide, Xanthan Gum, Phenoxyethanol.'
 'Ürün adı: Rose Deep Hydration Moisturizer\nMarka: FRESH\nKategori: Moisturizer\nFiyat: 40\nPuan: 4.4\nUygun cilt tipleri: Belirlenemedi\n\nÜrün tanıtımı: Fresh Rose Deep Hydration Moisturizer, cildi nemlendirmeyi hedefleyen bir üründür. İçeriğindeki gül özleri ve nemlendirici bileşenlerle cilde derinlemesine nem sağlamayı amaçlar.\nİçerik analizi: Ürün, yoğun nemlendirme ve cilt bariyerini desteklemeyi hedefleyen bir formüle sahiptir. Gliserin ve sodyum hyaluronat gibi nemlendiriciler içerir. Behenyl Alcohol ve Prunus Domestica Seed Oil gibi içerikler komedojenik risk taşıyabilir. Fragrance, Citronellol ve Geraniol hassasiyet/iritasyon riski yaratabilir.\n\nIngredients: Water, Glycerin, EthylhexylIsononanoate, Butylene Glycol, Pentylene Glycol, Propanediol,Caprylyl Methicone, Isostearyl Isostearate, Dimethicone, BehenylAlcohol, Nylon-6/12, Steareth-2, Xanthan Gum, PrunusDomestica Seed Oil, Rosa Damascena Flower Water, Algin,Angelica Keiskei Extract, Acacia Senegal Gum, Cucumis Sativus(Cucumber) Fruit Extract, Rosa Damascena Flower Oil, SodiumHyaluronate, Tocopheryl Acetate, Ammonium Acryloyldimethy-ltaurate/VP Copolymer, Steareth-21, Polyacrylamide, C13-14Isoparaffin, Acrylates/C10-30 Alkyl Acrylate Crosspolymer, Tromethamine, Dimethiconol, Laureth-7, Tetrasodium EDTA,Caprylic/Capric Triglyceride, BHT, Caramel, Serine, Fragrance, Phenoxyethanol, Citronellol, Geraniol.'
 'Ürün adı: COMPLEXION RESCUE™ Tinted Moisturizer Broad Spectrum SPF 30\nMarka: BAREMINERALS\nKategori: Moisturizer\nFiyat: 30\nPuan: 3.9\nUygun cilt tipleri: Belirlenemedi\n\nÜrün tanıtımı: Bu ürün, cilde nem sağlarken hafif renk tonu ve SPF 30 ile güneş koruması sunan renkli bir nemlendiricidir. Cilt tonunu eşitlemeye ve korumaya yardımcı olabilir.\nİçerik analizi: Ürün, nemlendirici ve yumuşatıcı bileşenler (Squalane, Gliserin, Sodyum Hyaluronat) açısından zengindir. Mineral bazlı renk ve SPF içerir. Isostearic Acid ve Polysorbate 60 komedojenik risk taşıyabilir. Phenoxyethanol hassasiyet/iritasyon riski yaratabilir. Bazı bitki özleri de hassasiyet potansiyeli taşıyabilir.\n\nIngredients: Water, Coconut Alkanes, Propanediol, Squalane, Trehalose, Isostearic Acid, Glycerin, Silica, Agar, Caprylic/Capric Triglyceride, Globularia Cordifolia Callus Culture Extract, Salicornia Herbacea Extract, Melilotus Officinalis Extract, Coco-Caprylate/Caprate, Butylene Glycol, Lauroyl Lysine, Sodium Hyaluronate, Succinoglycan, Polysorbate 60, Cellulose Gum, Polyglyceryl-4 Laurate/Succinate, Sorbitan Sesquiisostearate, Magnesium Stearate, Magnesium Hydroxide, Magnesium Chloride, Potassium Chloride, Calcium Chloride, Potassium Sorbate, Phenoxyethanol. May Contain: Titanium Dioxide, Iron Oxides.'
 'Ürün adı: Lotus Youth Preserve Moisturizer\nMarka: FRESH\nKategori: Moisturizer\nFiyat: 45\nPuan: 4.3\nUygun cilt tipleri: Belirlenemedi\n\nÜrün tanıtımı: Bu nemlendirici, cildi nemlendirmeye ve beslemeye yardımcı olan çeşitli bitki özleri ve nemlendiriciler içerir. Cildin daha genç bir görünüm kazanmasına destek olabilir.\nİçerik analizi: Bu formül, nemlendirme ve antioksidan destek sağlamayı hedefleyen çeşitli nemlendiriciler, yumuşatıcılar ve bitki özleri içerir. Cilde nem çekmeye ve nemi korumaya yardımcı bileşenler barındırır. Cetearyl Alcohol, Cetyl Alcohol, Stearyl Alcohol gibi bazı yağ alkolleri komedojenik risk taşıyabilir. Citrus Limon (Lemon) Peel Oil, Limonene, Citral gibi koku bileşenleri hassasiyet/iritasyon riski yaratabilir.\n\nIngredients: Water, Glycerin, Propylene Glycol Dicaprylate/Dicaprate, Pentylene Glycol, Cetearyl Alcohol, Caprylic/Capric Triglyceride, Cetearyl Isononanoate, Betaine, Polymethyl Methacrylate, Steareth-21, Ficus Carica (Fig) Fruit Extract, Lepidium Meyenii Root Extract, Citrus Limon (Lemon) Peel Oil, Cucumis Sativus (Cucumber) Fruit Extract, Algae Extract, Nelumbo Nucifera Flower Extract, Hibiscus Esculentus Fruit Extract, Sodium Hyaluronate, Tocopheryl Acetate, Ascorbyl Tetraisopalmitate, Tocopherol, Behenyl Alcohol, Cetearyl Glucoside, Sorbitol, Dimethicone, Sodium PCA, Caprylyl Glycol, Carbomer, Tromethamine, Cetyl Alcohol, Stearyl Alcohol, Butylene Glycol, Xanthan Gum, Caramel, Citric Acid, Potassium Sorbate, Sorbic Acid, Phenoxyethanol, Limonene, Citral.']","Uygun cilt tipleri: Combination, Dry, Normal, Oily, Sensitive.","['768940f3e648a38b6664f5bf6466070d99f3f4fcce9a0f37645df3437dcd860a'
 'c830d0cdc847acd4f9b955eea7ddfd2c50148e65e380cf8b050c3103eed5f92a'
 'b9f66dd877e43fcdbdaeea290c23a473aa19171380bd9ac746d6c46123f38710'
 'ccc5127b6eb60df804b36f4f65a1049f013a066d4afb7e3e907417ea7077844e'
 '544c5b4f7ef25fb4f074afdfc342bfe9888aebed2373198a20e12bf041bdf646']",['768940f3e648a38b6664f5bf6466070d99f3f4fcce9a0f37645df3437dcd860a'],1.0,1.0,0.9174784376876813
"Moisture Surge 72-Hour Auto-Replenishing Hydrator ürünün,n fiyatı nedir?",Moisture Surge 72-Hour Auto-Replenishing Hydrator ürününün fiyatı 39'dur.,"[""Ürün adı: Moisture Surge 72-Hour Auto-Replenishing Hydrator\nMarka: CLINIQUE\nKategori: Moisturizer\nFiyat: 39\nPuan: 4.4\nUygun cilt tipleri: Combination, Dry, Normal, Oily, Sensitive\n\nÜrün tanıtımı: Clinique'in bu nemlendiricisi, cildin uzun süreli ve yoğun bir şekilde nemlenmesine destek olmayı amaçlar. Otomatik nemlendirme özelliği ile 72 saate kadar etki gösterebilir.\nİçerik analizi: Ürün, yoğun nemlendirme sağlayan bileşenler ve silikon bazlı yapısıyla dikkat çekiyor. Çeşitli bitki özleri ve antioksidanlar içerir. Oleth-10 ve Hidrojene Lesitin komedojenik risk taşıyabilir. Oleth-10, Fenoksietanol ve yapay renklendiriciler (Red 4, Yellow 5) hassasiyet/iritasyon riski yaratabilir.\n\nIngredients: Water , Dimethicone , Butylene Glycol , Glycerin , Trisiloxane , Trehalose , Sucrose , Ammonium Acryloyldimethyltaurate/Vp Copolymer , Hydroxyethyl Urea , Camellia Sinensis (Green Tea) Leaf Extract , Silybum Marianum (Lady'S Thistle) Extract , Betula Alba (Birch) Bark Extract , Saccharomyces Lysate Extract , Aloe Barbadensis Leaf Water , Thermus Thermophillus Ferment , Caffeine , Sorbitol , Palmitoyl Hexapeptide-12 , Sodium Hyaluronate , Caprylyl Glycol , Oleth-10 , Sodium Polyaspartate , Saccharide Isomerate , Hydrogenated Lecithin , Tocopheryl Acetate , Acrylates/C10-30 Alkyl Acrylate Crosspolymer , Glyceryl Polymethacrylate , Tromethamine , Peg-8 , Hexylene Glycol , Magnesium Ascorbyl Phosphate , Disodium Edta , Bht , Phenoxyethanol , Red 4 (Ci 14700) , Yellow 5 (Ci 19140)""
 'Ürün adı: Rose Deep Hydration Moisturizer\nMarka: FRESH\nKategori: Moisturizer\nFiyat: 40\nPuan: 4.4\nUygun cilt tipleri: Belirlenemedi\n\nÜrün tanıtımı: Fresh Rose Deep Hydration Moisturizer, cildi nemlendirmeyi hedefleyen bir üründür. İçeriğindeki gül özleri ve nemlendirici bileşenlerle cilde derinlemesine nem sağlamayı amaçlar.\nİçerik analizi: Ürün, yoğun nemlendirme ve cilt bariyerini desteklemeyi hedefleyen bir formüle sahiptir. Gliserin ve sodyum hyaluronat gibi nemlendiriciler içerir. Behenyl Alcohol ve Prunus Domestica Seed Oil gibi içerikler komedojenik risk taşıyabilir. Fragrance, Citronellol ve Geraniol hassasiyet/iritasyon riski yaratabilir.\n\nIngredients: Water, Glycerin, EthylhexylIsononanoate, Butylene Glycol, Pentylene Glycol, Propanediol,Caprylyl Methicone, Isostearyl Isostearate, Dimethicone, BehenylAlcohol, Nylon-6/12, Steareth-2, Xanthan Gum, PrunusDomestica Seed Oil, Rosa Damascena Flower Water, Algin,Angelica Keiskei Extract, Acacia Senegal Gum, Cucumis Sativus(Cucumber) Fruit Extract, Rosa Damascena Flower Oil, SodiumHyaluronate, Tocopheryl Acetate, Ammonium Acryloyldimethy-ltaurate/VP Copolymer, Steareth-21, Polyacrylamide, C13-14Isoparaffin, Acrylates/C10-30 Alkyl Acrylate Crosspolymer, Tromethamine, Dimethiconol, Laureth-7, Tetrasodium EDTA,Caprylic/Capric Triglyceride, BHT, Caramel, Serine, Fragrance, Phenoxyethanol, Citronellol, Geraniol.'
 'Ürün adı: Ultra Repair® Cream Intense Hydration\nMarka: FIRST AID BEAUTY\nKategori: Moisturizer\nFiyat: 30\nPuan: 4.6\nUygun cilt tipleri: Combination, Dry, Normal, Oily, Sensitive\n\nÜrün tanıtımı: Ultra Repair® Cream Intense Hydration, çeşitli cilt tipleri için yoğun nemlendirme sunan bir nemlendiricidir. Cildi yatıştırmaya ve bariyerini desteklemeye yardımcı olabilecek içerikler barındırır.\nİçerik analizi: Formül, yoğun nemlendirme ve yatıştırma sağlayan bileşenler içerir. Seramid, kolloidal yulaf ezmesi ve bitki özleri ile cildi destekler. Stearik Asit, Gliseril Stearat SE, Gliseril Stearat, Setearil Alkol ve Butyrospermum Parkii Butter komedojenik risk taşıyabilir. Eucalyptus Globulus Leaf Oil ve Chrysanthemum Parthenium Extract hassasiyet/iritasyon riski yaratabilir.\n\nIngredients: Water, Stearic Acid, Glycerin, C12-15 Alkyl Benzoate, Caprylic/Capric Triglyceride, Glyceryl Stearate Se, Glyceryl Stearate, Cetearyl Alcohol, Butyrospermum Parkii Butter, Dimethicone, Squalane, Allantoin, Camellia Sinensis Leaf Extract, Caprylyl Glycol, Ceramide 3, Chrysanthemum Parthenium Extract, Colloidal Oatmeal, Disodium EDTA, Eucalyptus Globulus Leaf Oil, Glycyrrhiza Glabra Root Extract, Sodium Hydroxide, Xanthan Gum, Phenoxyethanol.'
 'Ürün adı: COMPLEXION RESCUE™ Tinted Moisturizer Broad Spectrum SPF 30\nMarka: BAREMINERALS\nKategori: Moisturizer\nFiyat: 30\nPuan: 3.9\nUygun cilt tipleri: Belirlenemedi\n\nÜrün tanıtımı: Bu ürün, cilde nem sağlarken hafif renk tonu ve SPF 30 ile güneş koruması sunan renkli bir nemlendiricidir. Cilt tonunu eşitlemeye ve korumaya yardımcı olabilir.\nİçerik analizi: Ürün, nemlendirici ve yumuşatıcı bileşenler (Squalane, Gliserin, Sodyum Hyaluronat) açısından zengindir. Mineral bazlı renk ve SPF içerir. Isostearic Acid ve Polysorbate 60 komedojenik risk taşıyabilir. Phenoxyethanol hassasiyet/iritasyon riski yaratabilir. Bazı bitki özleri de hassasiyet potansiyeli taşıyabilir.\n\nIngredients: Water, Coconut Alkanes, Propanediol, Squalane, Trehalose, Isostearic Acid, Glycerin, Silica, Agar, Caprylic/Capric Triglyceride, Globularia Cordifolia Callus Culture Extract, Salicornia Herbacea Extract, Melilotus Officinalis Extract, Coco-Caprylate/Caprate, Butylene Glycol, Lauroyl Lysine, Sodium Hyaluronate, Succinoglycan, Polysorbate 60, Cellulose Gum, Polyglyceryl-4 Laurate/Succinate, Sorbitan Sesquiisostearate, Magnesium Stearate, Magnesium Hydroxide, Magnesium Chloride, Potassium Chloride, Calcium Chloride, Potassium Sorbate, Phenoxyethanol. May Contain: Titanium Dioxide, Iron Oxides.'
 'Ürün adı: Lotus Youth Preserve Moisturizer\nMarka: FRESH\nKategori: Moisturizer\nFiyat: 45\nPuan: 4.3\nUygun cilt tipleri: Belirlenemedi\n\nÜrün tanıtımı: Bu nemlendirici, cildi nemlendirmeye ve beslemeye yardımcı olan çeşitli bitki özleri ve nemlendiriciler içerir. Cildin daha genç bir görünüm kazanmasına destek olabilir.\nİçerik analizi: Bu formül, nemlendirme ve antioksidan destek sağlamayı hedefleyen çeşitli nemlendiriciler, yumuşatıcılar ve bitki özleri içerir. Cilde nem çekmeye ve nemi korumaya yardımcı bileşenler barındırır. Cetearyl Alcohol, Cetyl Alcohol, Stearyl Alcohol gibi bazı yağ alkolleri komedojenik risk taşıyabilir. Citrus Limon (Lemon) Peel Oil, Limonene, Citral gibi koku bileşenleri hassasiyet/iritasyon riski yaratabilir.\n\nIngredients: Water, Glycerin, Propylene Glycol Dicaprylate/Dicaprate, Pentylene Glycol, Cetearyl Alcohol, Caprylic/Capric Triglyceride, Cetearyl Isononanoate, Betaine, Polymethyl Methacrylate, Steareth-21, Ficus Carica (Fig) Fruit Extract, Lepidium Meyenii Root Extract, Citrus Limon (Lemon) Peel Oil, Cucumis Sativus (Cucumber) Fruit Extract, Algae Extract, Nelumbo Nucifera Flower Extract, Hibiscus Esculentus Fruit Extract, Sodium Hyaluronate, Tocopheryl Acetate, Ascorbyl Tetraisopalmitate, Tocopherol, Behenyl Alcohol, Cetearyl Glucoside, Sorbitol, Dimethicone, Sodium PCA, Caprylyl Glycol, Carbomer, Tromethamine, Cetyl Alcohol, Stearyl Alcohol, Butylene Glycol, Xanthan Gum, Caramel, Citric Acid, Potassium Sorbate, Sorbic Acid, Phenoxyethanol, Limonene, Citral.']",Fiyat: 39.,"['768940f3e648a38b6664f5bf6466070d99f3f4fcce9a0f37645df3437dcd860a'
 'b9f66dd877e43fcdbdaeea290c23a473aa19171380bd9ac746d6c46123f38710'
 'c830d0cdc847acd4f9b955eea7ddfd2c50148e65e380cf8b050c3103eed5f92a'
 'ccc5127b6eb60df804b36f4f65a1049f013a066d4afb7e3e907417ea7077844e'
 '544c5b4f7ef25fb4f074afdfc342bfe9888aebed2373198a20e12bf041bdf646']",['768940f3e648a38b6664f5bf6466070d99f3f4fcce9a0f37645df3437dcd860a'],1.0,1.0,0.9083299528852583
BELIF markasının The True Cream Aqua Bomb ürününün puanı kaç?,BELIF The True Cream Aqua Bomb ürününün puanı 4.5'tir.,"['Ürün adı: The True Cream Aqua Bomb\nMarka: BELIF\nKategori: Moisturizer\nFiyat: 38\nPuan: 4.5\nUygun cilt tipleri: Combination, Normal, Oily\n\nÜrün tanıtımı: BELIF The True Cream Aqua Bomb, karma, normal ve yağlı cilt tipleri için tasarlanmış bir nemlendiricidir. Cilde yoğun nem sağlamayı hedefleyen hafif yapılı bir üründür.\nİçerik analizi: Bu formül nemlendirici ve yumuşatıcı bileşenler içerir. Cilt bariyerini destekleyici seramid ve kolesterol de bulunmaktadır. Alkol denat, parfüm ve parfüm bileşenleri (Citronellol, Limonene, Citral, Geraniol, Linalool) hassasiyet/iritasyon riski taşıyabilir. Butyrospermum Parkii (Shea) Butter, Macadamia Ternifolia Seed Oil, Stearic Acid komedojenik risk yaratabilir.\n\nIngredients: Water, Dipropylene Glycol, Glycerin, Methl Trimethicone, Alcohol Denat, Dimethicone, Cyclopentasiloxane, 1,2-Hexanediol, Malakite Extract, Caprylic/Capric Triglyceride, Pentaerythrityl Tetraethylhexanoate, PEG/PPG/Polybutylene Glycol-8/5/3 Glycerin, Alchemilla Vulgaris Leaf Extract*, Equisetum Arvense Leaf Extract*, Stellaria Media (Chickweed) Extract*, Urtica Dioica (Nettle) Leaf Extract*, Plantago Lanceolata Leaf Extract*, Avena Sativa (Oat) Kernel Extract**, Calendula Officinalis Flower Extract**, Nepeta Cataria Extract**, Rubus Idaeus (Raspberry) Leaf Extract**, Baptisia Tinctoria Root Extract**, Dimethiconol, Polymethylsilsesquioxane, Sodium Acrylate/Acryloyldimethyltaurate/Dimethylacrylamide Crosspolymer, Isohexadecane, Polysorbate 60, Ceramide 3, Cholesterol, Butyrospermum Parkii (Shea) Butter, Phenl Trimethicone, Pentaerythrityl Tetraisostearate, Panthenol, Squalane, Triethylhexanoin, Macadamia Ternifolia Seed Oil, PEG-150, PEG-40 Hydrogenated Castor Oil, Acrylates/C10-30 Alkyl Acrylate Crosspolymer, C14-22 Alcohols, Arachidyl Glucoside, Hydrogenated Lecithin, PEG-100 Stearate, Stearic Acid, Glyceryl Stearate, Carbomer, Tromethamine, Trisodium EDTA, Fragrance+, Citronellol, Limonene, Citral, Geraniol, Linalool. *Napiers aqua formula. **Napiers original formula. +Fragrances of natural origin.'
 'Ürün adı: The Moisturizing Soft Cream\nMarka: LA MER\nKategori: Moisturizer\nFiyat: 175\nPuan: 3.8\nUygun cilt tipleri: Combination, Dry, Normal, Oily, Sensitive\n\nÜrün tanıtımı: Bu ürün, cildi nemlendirmeye ve yumuşatmaya yardımcı olan zengin içerikli bir nemlendiricidir. Çeşitli cilt tipleri için uygun olabilir.\nİçerik analizi: Ürün, yoğun nemlendirme sağlayan zengin emolyanlar, silikonlar, çeşitli bitkisel özler ve peptitler barındırır. Petrolatum, Shea Butter ve bazı yağ türevleri komedojenik risk taşıyabilir. Parfüm, limon kabuğu ve okaliptüs yağı gibi içerikler hassasiyet veya iritasyon riski yaratabilir.\n\nIngredients: Algae (Seaweed) Extract, Cyclopentasiloxane, Petrolatum, Glyceryl Distearate, Phenyl Trimethicone, Butylene Glycol, Hydrogenated Vegetable Oil, Cholesterol, Butyrospermum Parkii (Shea Butter), Steareth-10, Dimethicone, Glyceryl Stearate Se, Polysilicone-11, Sesamum Indicum (Sesame) Seed Oil, Medicago Sativa (Alfalfa) Seed Powder, Helianthus Annuus (Sunflower) Seedcake, Prunus Amygdalus Dulcis (Sweet Almond) Seed Meal, Eucalyptus Globulus (Eucalyptus) Leaf Oil, Sodium Gluconate, Copper Gluconate, Calcium Gluconate, Magnesium Gluconate, Zinc Gluconate, Tocopheryl Succinate, Niacin, Sesamum Indicum (Sesame) Seed Powder, Water, Citrus Aurantifolia (Lime) Peel Extract, Laminaria Digitata Extract, Crithmum Maritimum Extract, Salicornia Herbacea Extract, Plankton Extract, Chlorella Vulgaris Extract, Glycine Soja (Soybean) Seed Extract, Glycerin, Caffeine, Sea Salt/Maris Sal/Sel Marin, Micrococcus Lysate, Diethylhexyl Succinate, Adenosine Phosphate, Creatine, Hydrolyzed Algin, Isocetyl Stearoyl Stearate, Cetyl Alcohol, Sucrose, Acetyl Hexapeptide-8, Glucose Oxidase, Polyacrylamide, Acetyl Carnitine Hcl, Glucose, Caprylic/Capric Triglyceride, C13-14 Isoparaffin, Tocopheryl Acetate, Tetrahexyldecyl Ascorbate, Sodium Pca, Glycosaminoglycans, Urea, Distearyldimonium Chloride, Dipalmitoyl Hydroxyproline, Sodium Hyaluronate, Laureth-7, Lecithin, Trehalose, Polyquaternium-51, Lactoperoxidase, Hydroxypropyl Cyclodextrin, Cyanocobalamin, Pentylene Glycol, Fragrance, Disodium Edta, Bht, Citronellol, Hydroxycitronellal, Geraniol, Linalool, Limonene, Potassium Sorbate, Phenoxyethanol'
 'Ürün adı: Your Skin But Better™ CC+™ Cream with SPF 50+\nMarka: IT COSMETICS\nKategori: Moisturizer\nFiyat: 38\nPuan: 4.1\nUygun cilt tipleri: Combination, Dry, Normal, Oily, Sensitive\n\nÜrün tanıtımı: Bu ürün, cilde renk eşitleme ve yüksek SPF 50+ güneş koruması sunan, nemlendirici özelliklere sahip bir CC kremidir. Cilt tonunu eşitlemeye ve nemlendirmeye yardımcı olabilir.\nİçerik analizi: Ürün, nemlendirici, SPF ve çeşitli aktif bileşenler içeren zengin bir formüle sahiptir. Salyangoz salgısı filtratı, silikonlar, bitkisel yağlar ve vitaminler içerir. Stearik Asit, Orbignya Oleifera Seed Oil ve Persea Gratissima (Avocado) Oil komedojenik risk taşıyabilir. Narenciye yağları (Citrus Medica Limonum Peel Oil, Citrus Aurantium Bergamia Fruit Oil vb.) ve Eucalyptus Globulus Leaf Oil hassasiyet/iritasyon riski yaratabilir. Chlorhexidine Digluconate de hassasiyet riski taşıyabilir.\n\nIngredients: Water, Snail Secretion Filtrate, Phenyl Trimethicone, Dimethicone, Butylene Glycol, Butylene Glycol Dicaprylate/Dicaprate, Orbignya Oleifera Seed Oil, Butyloctyl Salicylate, Cetyl Peg/Ppg-10/1 Dimethicone, Cyclopentasiloxane, Cyclohexasiloxane, Magnesium Sulfate, Polyglyceryl-4 Isostearate, Dimethicone/Vinyl Dimethicone Crosspolymer, Aluminum Hydroxide, Hexyl Laurate, Stearic Acid, Calcium Stearate, Caprylyl Glycol, Triethoxycaprylylsilane, Ethylhexylglycerin, Citrus Medica Limonum (Lemon) Peel Oil, Tocopheryl Acetate, Sorbitan Isostearate, Phenoxyethanol, Citrus Aurantium Bergamia (Bergamot) Fruit Oil, 1,2-Hexanediol, Disodium Edta, Citrus Aurantium Dulcis (Orange) Peel Oil, Citrus Aurantifolia (Lime) Oil, Vitis Vinifera (Grape) Seed Oil, Punica Granatum Seed Oil, Pinus Sylvestris Leaf Oil, Persea Gratissima (Avocado) Oil, Niacinamide, Citrus Grandis (Grapefruit) Peel Oil, Cholesterol, Anthemis Nobilis Flower Water, Lactobacillus/Honeysuckle Flower/Licorice Root/Morus Alba Root/Pueraria Lobata Root/Schizandra Chinensis Fruit/Scutellaria Baicalensis Root/Sophora Japonica Flower Extract Ferment Filtrate, Perfluorohexane, Olea Europaea (Olive) Leaf Extract, Glycerin, Eucalyptus Globulus Leaf Oil, Camellia Sinensis Leaf Extract, Chrysanthemum Indicum Flower Extract, Pueraria Lobata Root Extract, Perfluorodecalin, Morus Alba Fruit Extract, Magnolia Kobus Bark Extract, Glycine Soja (Soybean) Sprout Extract, Diospyros Kaki Leaf Extract, Cinnamomum Cassia Bark Extract, Artemisia Princeps Leaf Extract, Pentafluoropropane, Curcuma Longa (Turmeric) Root Extract, Steareth-20, Hydrolyzed Hyaluronic Acid, Colloidal Oatmeal, Hydrolyzed Silk, Citric Acid, Sodium Benzoate, Potassium Sorbate, Aloe Barbadensis Leaf Extract, N-Hydroxysuccinimide, Hydrolyzed Collagen, Caprylhydroxamic Acid, Tocopherol, Thiamine Hcl, Riboflavin, Retinyl Palmitate, Pantothenic Acid, Palmitoyl Oligopeptide, Niacin, Folic Acid, Chrysin, Carnitine Hcl, Biotin, Ascorbic Acid, Palmitoyl Tetrapeptide-7, Chlorhexidine Digluconate. May Contain: Iron Oxides (Ci 77492, Ci 77491, Ci 77499).'
 'Ürün adı: The Water Cream\nMarka: TATCHA\nKategori: Moisturizer\nFiyat: 68\nPuan: 4.2\nUygun cilt tipleri: Combination, Normal, Oily, Sensitive\n\nÜrün tanıtımı: TATCHA The Water Cream, karma, normal, yağlı ve hassas cilt tipleri için tasarlanmış hafif bir nemlendiricidir. Cilde nem sağlamayı ve dengelemeyi hedefleyen Hadasei-3 gibi içerikler barındırır.\nİçerik analizi: Bu formül, nemlendirme ve cilt kondisyonu için fermente içerikler, silikonlar ve çeşitli bitki özleri içerir. Sodyum Klorür komedojenik risk taşıyabilir. Parfüm/Fragrance ve Alkol hassasiyet/iritasyon riski yaratabilir.\n\nIngredients: Water, Saccharomyces/Camellia Sinensis Leaf/Cladosiphon Okamuranus/Rice Ferment Filtrate*, Dimethicone, Propanediol, Glycerin, Diglycerin, Diphenylsiloxy Phenyl Trimethicone, Gold, Belamcanda Chinensis Root Extract, Rosa Multiflora Fruit Extract, Houttuynia Cordata Extract, Sophora Angustifolia Root Extract, Sodium Hyaluronate, Lecithin, Pistacia Lentiscus (Mastic) Gum, Sodium Chloride, Sodium Citrate, Mica, Peg-9 Polydimethylsiloxyethyl Dimethicone, Dimethicone/Peg-10/15 Crosspolymer, Dimethicone/Phenyl Vinyl Dimethicone Crosspolymer, Disodium Edta, Tin Oxide, Titanium Dioxide, Butylene Glycol, Ethylhexylglycerin, Parfum/Fragrance, Alcohol, Phenoxyethanol. *Hadasei-3.'
 ""Ürün adı: The Littles™\nMarka: DRUNK ELEPHANT\nKategori: Moisturizer\nFiyat: 90\nPuan: 4.4\nUygun cilt tipleri: Combination, Dry, Normal, Oily\n\nÜrün tanıtımı: The Littles™, Drunk Elephant'ın çeşitli cilt tiplerine uygun, kapsamlı bir cilt bakım rutini sunan mini ürün setidir. Temizleyiciden güneş koruyucuya kadar birçok temel ürünü içerir.\nİçerik analizi: Ürün seti, nemlendirici, antioksidan, eksfoliyan ve güneş koruyucu gibi farklı cilt ihtiyaçlarına yönelik zengin formüller sunar. Marula yağı ve çeşitli bitki özleri sıkça kullanılmıştır. Isopropyl Isostearate ve Sclerocarya Birrea Seed Oil bazı cilt tiplerinde komedojenik risk taşıyabilir. Ascorbic Acid, Glycolic Acid, Salicylic Acid, Lactic Acid, Citric Acid gibi aktifler ve Phenoxyethanol, Chlorphenesin hassasiyet/iritasyon riski yaratabilir. Niacinamide bazı kişilerde kızarıklığa neden olabilir.\n\nIngredients: Beste™ No.9 Jelly Cleanser: Water, Sodium Lauroyl Methyl Isethionate, Glycerin, Cocamidopropyl Betaine, Cocamidopropyl Hydroxysultaine, Sodium Methyl Oleoyl Taurate, Propanediol, Aloe Barbadensis Leaf Extract, Coco-Glucoside, Lauryl Glucoside, Cucumis Melo Cantalupensis Fruit Extract, Sclerocarya Birrea Seed Oil, Dipotassium Glycyrrhizate, Citric Acid, Phenoxyethanol, Sodium Benzoate, Sodium Chloride. C-Firma™ Day Serum: Water, Ethoxydiglycol, Ascorbic Acid, Glycerin, Laureth-23, Lactobacillus/Pumpkin Ferment Extract, Sclerocarya Birrea Seed Oil, Ferulic Acid, Sodium Hyaluronate, Chondrus Crispus Extract, Camellia Sinensis Leaf Extract, Lactobacillus/Punica Granatum Fruit Ferment Extract, Glycyrrhiza Glabra (Licorice) Root Extract, Vitis Vinifera (Grape) Juice Extract, Phyllanthus Emblica Fruit Extract, Hydrolyzed Wheat Protein, Tocopherol, Caprylhydroxamic Acid, Acetyl Glucosamine, Hydrolyzed Quinoa, Glutamylamidoethyl Imidazole, Dipotassium Glycyrrhizate, Tetrahydrodiferuloylmethane, Tetrahydrodemethoxydiferuloylmethane, Tetrahydrobisdemethoxydiferuloylmethane, Sodium Hyaluronate Crosspolymer, Glycine, Sucrose, Maltodextrin, Propanediol, Caprylyl Glycol, Sodium Hydroxide, Xanthan gum, Hydroxyethyl Acrylate/Sodium Acryloyldimethyl Taurate Copolymer, Isohexadecane, Polysorbate 60. B-Hydra™ Intensive Hydration Serum: Water,Coconut Alkanes, Ammonium Acryloyldimethyltaurate/VP Copolymer, Glycerin, Pentylene Glycol, Sclerocarya Birrea Seed Oil, Wheat Amino Acids, Ananas Sativus (Pineapple) Fruit Extract, Berberis Vulgaris Root Extract, Citrullus Lanatus (Watermelon) Fruit Extract, Lens Esculenta (Lentil) Fruit Extract, Pyrus Malus (Apple) Fruit Extract, Coco-Caprylate/Caprate, Panthenol, Sodium PCA, Sodium Hyaluronate Crosspolymer, Dipotassium Glycyrrhizate, Niacinamide, Cyclodextrin, Sodium Hyaluronate, Sodium Lactate, Phenoxyethanol, Hydroxyproline, Trisodium Ethylenediamine Disuccinate, Citric Acid, Caprylyl Glycol, Chlorphenesin, Ethylhexylglycerin. T.L.C. Framboos™ Glycolic Night Serum: Water, Glycolic Acid, Butylene Glycol, Glycerin, Sodium Hydroxide, Salicylic Acid, Lactic Acid, Citric Acid, Vitis Vinifera (Grape) Juice Extract, Aloe Barbadensis Leaf Juice, Opuntia Ficus-Indica Extract, Aesculus Hippocastanum (Horse Chestnut) Seed Extract, Camellia Sinensis Leaf Extract, Rubus Idaeus (Raspberry) Fruit Extract, Saccharomyces Cerevisiae Extract, Buddleja Davidii Meristem Cell Culture, Sclerocarya Birrea Seed Oil, Sodium Hyaluronate Crosspolymer, Allantoin, Hydroxyethylcellulose, Galactoarabinan, Propanediol, Disodium EDTA, Xanthan Gum, Hexylene Glycol, Phenoxyethanol, Caprylyl Glycol, Ethylhexylglycerin, Sodium Nitrate, Potassium Sorbate, Pentylene Glycol, Sodium Benzoate. Virgin Marula Luxury Facial Oil: Sclerocarya Birrea Seed OilLala Retro™Whipped CreamWater,Glycerin, Caprylic/ Capric Triglyceride, Isopropyl Isostearate, Pseudozyma Epicola/Camellia Sinensis Seed Oil/Glucose/Glycine Soja Meal/Malt Extract/Yeast Extract Ferment Filtrate (Pseudozyma Epicola/Camellia Sinensis Seed Oil/Glucose/Yeast Extract Ferment Filtrate), Stearic Acid, Glyceryl Stearate SE, Cetearyl Alcohol, Pentylene Glycol, Plantago Lanceolata Leaf Extract, Adansonia Digitata Seed Oil, Citrullus Lanatus (Watermelon) Seed Oil, Passiflora Edulis Seed Oil, Schinziophyton Rautanenii Kernel Oil, Sclerocarya Birrea Seed Oil, Polyglyceryl-6 Ximenia Americana Seedate, Sodium Hyaluronate Crosspolymer, Ceteareth-20, Trisodium Ethylenediamine Disuccinate, Sodium Hydroxide, Citric Acid, Carbomer, Xanthan Gum, Caprylyl Glycol, Chlorphenesin, Phenoxyethanol, Ethylhexylglycerin. Umbra™ Sheer Physical Daily Defense SPF 30: Zinc Oxide 20%, Water, Caprylic/Capric Triglyceride, Dicaprylyl Carbonate, Glycerin,Pentylene Glycol, Steareth-2, Propanediol, Steareth-21, Polyhydroxystearic Acid, Cetearyl Alcohol, Silica, Sclerocarya Birrea Seed Oil, Aloe Barbadensis Leaf Extract, Chondrus Crispus Extract, Haematococcus Pluvialis Extract, Helianthus Annuus (Sunflower) Sprout Extract, Vitis Vinifera (Grape) Juice Extract, Helianthus Annuus (Sunflower) Seed Oil, Simmondsia Chinensis (Jojoba) Seed Oil, Raspberry Seed Oil/Tocopheryl Succinate Aminopropanediol Esters, Hydrolyzed Wheat Protein,Tocopheryl Acetate, Tocopherol, Sea Water, Acetyl Glucosamine, Cetearyl Glucoside, Sodium Stearoyl Glutamate, Tetrahexyldecyl Ascorbate, Glycine, Sucrose, Lecithin, Triethoxycaprylylsilane, Xanthan Gum, Trisodium Ethylenediamine Disuccinate, Caprylhydroxamic Acid, Mica, Caprylyl Glycol, Phenoxyethanol, Titanium Dioxide (CI 77891), Iron Oxides (CI 77491). Shaba Complex™ Eye Serum: Water, Octyldodecanol, Glycerin, Boron Nitride, Saccharomyces/Xylinum/Black Tea Ferment, Coconut Alkanes, Cetyl Alcohol, Cetearyl Olivate, Sorbitan Olivate, Niacinamide, Copper Tripeptide-1, Leontopodium Alpinum Meristem Cell Culture, Dipeptide-2, Palmitoyl Tripeptide-1, Palmitoyl Tetrapeptide-7, Copper Lysinate/Prolinate, Hesperidin Methyl Chalcone, Chondrus Crispus (Carrageenan), Mangifera Indica (Mango) Seed Butter, Glycine Soja (Soybean) Oil, Hippophae Rhamnoides Oil, Sclerocarya Birrea Seed Oil, Sodium Hyaluronate Crosspolymer, Hydroxyethylcellulose, Coco-Caprylate/Caprate, Steareth-20, Lecithin, Panthenol, N-Hydroxysuccinimide, Ubiquinone, Citric Acid, Thioctic Acid, Tocopherol, Chrysin, Sclerotium Gum, Methylglucoside Phosphate, Xanthan Gum, Potassium Sorbate, Sodium Benzoate, Chlorphenesin, Caprylyl Glycol, Sodium Hydroxide, Phenoxyethanol, Pentylene Glycol, Ethylhexylglycerin.""]",Puan: 4.5.,"['8b5befe4aea098f3c275c8d75e0e6d2abcfdcf666c1eb8ba6e1c5d94f70677d7'
 '8cc86ba1e5d2afe30984613899405cea69f4f96cd1ccc3aae08963328a2c6b39'
 '02415a33943b2cc65c009174fd5b3f5a0cffb6f23d553fd8266e9b7f26f16cc0'
 '1ed4a690fab7fbe6a3af924503e394f4f2ee9163677f565770bc5854c289d1f7'
 '652c6936b3b76a58c19c0a0c639d562ab0f579dd4c9dc9f29bdd1ab7af879191']",['8b5befe4aea098f3c275c8d75e0e6d2abcfdcf666c1eb8ba6e1c5d94f70677d7'],1.0,1.0,0.9041539109064743
The True Cream Aqua Bomb ürünü hangi cilt tipleri için uygundur?,"The True Cream Aqua Bomb ürünü karma, normal ve yağlı cilt tipleri için uygundur.","['Ürün adı: The True Cream Aqua Bomb\nMarka: BELIF\nKategori: Moisturizer\nFiyat: 38\nPuan: 4.5\nUygun cilt tipleri: Combination, Normal, Oily\n\nÜrün tanıtımı: BELIF The True Cream Aqua Bomb, karma, normal ve yağlı cilt tipleri için tasarlanmış bir nemlendiricidir. Cilde yoğun nem sağlamayı hedefleyen hafif yapılı bir üründür.\nİçerik analizi: Bu formül nemlendirici ve yumuşatıcı bileşenler içerir. Cilt bariyerini destekleyici seramid ve kolesterol de bulunmaktadır. Alkol denat, parfüm ve parfüm bileşenleri (Citronellol, Limonene, Citral, Geraniol, Linalool) hassasiyet/iritasyon riski taşıyabilir. Butyrospermum Parkii (Shea) Butter, Macadamia Ternifolia Seed Oil, Stearic Acid komedojenik risk yaratabilir.\n\nIngredients: Water, Dipropylene Glycol, Glycerin, Methl Trimethicone, Alcohol Denat, Dimethicone, Cyclopentasiloxane, 1,2-Hexanediol, Malakite Extract, Caprylic/Capric Triglyceride, Pentaerythrityl Tetraethylhexanoate, PEG/PPG/Polybutylene Glycol-8/5/3 Glycerin, Alchemilla Vulgaris Leaf Extract*, Equisetum Arvense Leaf Extract*, Stellaria Media (Chickweed) Extract*, Urtica Dioica (Nettle) Leaf Extract*, Plantago Lanceolata Leaf Extract*, Avena Sativa (Oat) Kernel Extract**, Calendula Officinalis Flower Extract**, Nepeta Cataria Extract**, Rubus Idaeus (Raspberry) Leaf Extract**, Baptisia Tinctoria Root Extract**, Dimethiconol, Polymethylsilsesquioxane, Sodium Acrylate/Acryloyldimethyltaurate/Dimethylacrylamide Crosspolymer, Isohexadecane, Polysorbate 60, Ceramide 3, Cholesterol, Butyrospermum Parkii (Shea) Butter, Phenl Trimethicone, Pentaerythrityl Tetraisostearate, Panthenol, Squalane, Triethylhexanoin, Macadamia Ternifolia Seed Oil, PEG-150, PEG-40 Hydrogenated Castor Oil, Acrylates/C10-30 Alkyl Acrylate Crosspolymer, C14-22 Alcohols, Arachidyl Glucoside, Hydrogenated Lecithin, PEG-100 Stearate, Stearic Acid, Glyceryl Stearate, Carbomer, Tromethamine, Trisodium EDTA, Fragrance+, Citronellol, Limonene, Citral, Geraniol, Linalool. *Napiers aqua formula. **Napiers original formula. +Fragrances of natural origin.'
 'Ürün adı: The Water Cream\nMarka: TATCHA\nKategori: Moisturizer\nFiyat: 68\nPuan: 4.2\nUygun cilt tipleri: Combination, Normal, Oily, Sensitive\n\nÜrün tanıtımı: TATCHA The Water Cream, karma, normal, yağlı ve hassas cilt tipleri için tasarlanmış hafif bir nemlendiricidir. Cilde nem sağlamayı ve dengelemeyi hedefleyen Hadasei-3 gibi içerikler barındırır.\nİçerik analizi: Bu formül, nemlendirme ve cilt kondisyonu için fermente içerikler, silikonlar ve çeşitli bitki özleri içerir. Sodyum Klorür komedojenik risk taşıyabilir. Parfüm/Fragrance ve Alkol hassasiyet/iritasyon riski yaratabilir.\n\nIngredients: Water, Saccharomyces/Camellia Sinensis Leaf/Cladosiphon Okamuranus/Rice Ferment Filtrate*, Dimethicone, Propanediol, Glycerin, Diglycerin, Diphenylsiloxy Phenyl Trimethicone, Gold, Belamcanda Chinensis Root Extract, Rosa Multiflora Fruit Extract, Houttuynia Cordata Extract, Sophora Angustifolia Root Extract, Sodium Hyaluronate, Lecithin, Pistacia Lentiscus (Mastic) Gum, Sodium Chloride, Sodium Citrate, Mica, Peg-9 Polydimethylsiloxyethyl Dimethicone, Dimethicone/Peg-10/15 Crosspolymer, Dimethicone/Phenyl Vinyl Dimethicone Crosspolymer, Disodium Edta, Tin Oxide, Titanium Dioxide, Butylene Glycol, Ethylhexylglycerin, Parfum/Fragrance, Alcohol, Phenoxyethanol. *Hadasei-3.'
 'Ürün adı: The Moisturizing Soft Cream\nMarka: LA MER\nKategori: Moisturizer\nFiyat: 175\nPuan: 3.8\nUygun cilt tipleri: Combination, Dry, Normal, Oily, Sensitive\n\nÜrün tanıtımı: Bu ürün, cildi nemlendirmeye ve yumuşatmaya yardımcı olan zengin içerikli bir nemlendiricidir. Çeşitli cilt tipleri için uygun olabilir.\nİçerik analizi: Ürün, yoğun nemlendirme sağlayan zengin emolyanlar, silikonlar, çeşitli bitkisel özler ve peptitler barındırır. Petrolatum, Shea Butter ve bazı yağ türevleri komedojenik risk taşıyabilir. Parfüm, limon kabuğu ve okaliptüs yağı gibi içerikler hassasiyet veya iritasyon riski yaratabilir.\n\nIngredients: Algae (Seaweed) Extract, Cyclopentasiloxane, Petrolatum, Glyceryl Distearate, Phenyl Trimethicone, Butylene Glycol, Hydrogenated Vegetable Oil, Cholesterol, Butyrospermum Parkii (Shea Butter), Steareth-10, Dimethicone, Glyceryl Stearate Se, Polysilicone-11, Sesamum Indicum (Sesame) Seed Oil, Medicago Sativa (Alfalfa) Seed Powder, Helianthus Annuus (Sunflower) Seedcake, Prunus Amygdalus Dulcis (Sweet Almond) Seed Meal, Eucalyptus Globulus (Eucalyptus) Leaf Oil, Sodium Gluconate, Copper Gluconate, Calcium Gluconate, Magnesium Gluconate, Zinc Gluconate, Tocopheryl Succinate, Niacin, Sesamum Indicum (Sesame) Seed Powder, Water, Citrus Aurantifolia (Lime) Peel Extract, Laminaria Digitata Extract, Crithmum Maritimum Extract, Salicornia Herbacea Extract, Plankton Extract, Chlorella Vulgaris Extract, Glycine Soja (Soybean) Seed Extract, Glycerin, Caffeine, Sea Salt/Maris Sal/Sel Marin, Micrococcus Lysate, Diethylhexyl Succinate, Adenosine Phosphate, Creatine, Hydrolyzed Algin, Isocetyl Stearoyl Stearate, Cetyl Alcohol, Sucrose, Acetyl Hexapeptide-8, Glucose Oxidase, Polyacrylamide, Acetyl Carnitine Hcl, Glucose, Caprylic/Capric Triglyceride, C13-14 Isoparaffin, Tocopheryl Acetate, Tetrahexyldecyl Ascorbate, Sodium Pca, Glycosaminoglycans, Urea, Distearyldimonium Chloride, Dipalmitoyl Hydroxyproline, Sodium Hyaluronate, Laureth-7, Lecithin, Trehalose, Polyquaternium-51, Lactoperoxidase, Hydroxypropyl Cyclodextrin, Cyanocobalamin, Pentylene Glycol, Fragrance, Disodium Edta, Bht, Citronellol, Hydroxycitronellal, Geraniol, Linalool, Limonene, Potassium Sorbate, Phenoxyethanol'
 'Ürün adı: Your Skin But Better™ CC+™ Cream with SPF 50+\nMarka: IT COSMETICS\nKategori: Moisturizer\nFiyat: 38\nPuan: 4.1\nUygun cilt tipleri: Combination, Dry, Normal, Oily, Sensitive\n\nÜrün tanıtımı: Bu ürün, cilde renk eşitleme ve yüksek SPF 50+ güneş koruması sunan, nemlendirici özelliklere sahip bir CC kremidir. Cilt tonunu eşitlemeye ve nemlendirmeye yardımcı olabilir.\nİçerik analizi: Ürün, nemlendirici, SPF ve çeşitli aktif bileşenler içeren zengin bir formüle sahiptir. Salyangoz salgısı filtratı, silikonlar, bitkisel yağlar ve vitaminler içerir. Stearik Asit, Orbignya Oleifera Seed Oil ve Persea Gratissima (Avocado) Oil komedojenik risk taşıyabilir. Narenciye yağları (Citrus Medica Limonum Peel Oil, Citrus Aurantium Bergamia Fruit Oil vb.) ve Eucalyptus Globulus Leaf Oil hassasiyet/iritasyon riski yaratabilir. Chlorhexidine Digluconate de hassasiyet riski taşıyabilir.\n\nIngredients: Water, Snail Secretion Filtrate, Phenyl Trimethicone, Dimethicone, Butylene Glycol, Butylene Glycol Dicaprylate/Dicaprate, Orbignya Oleifera Seed Oil, Butyloctyl Salicylate, Cetyl Peg/Ppg-10/1 Dimethicone, Cyclopentasiloxane, Cyclohexasiloxane, Magnesium Sulfate, Polyglyceryl-4 Isostearate, Dimethicone/Vinyl Dimethicone Crosspolymer, Aluminum Hydroxide, Hexyl Laurate, Stearic Acid, Calcium Stearate, Caprylyl Glycol, Triethoxycaprylylsilane, Ethylhexylglycerin, Citrus Medica Limonum (Lemon) Peel Oil, Tocopheryl Acetate, Sorbitan Isostearate, Phenoxyethanol, Citrus Aurantium Bergamia (Bergamot) Fruit Oil, 1,2-Hexanediol, Disodium Edta, Citrus Aurantium Dulcis (Orange) Peel Oil, Citrus Aurantifolia (Lime) Oil, Vitis Vinifera (Grape) Seed Oil, Punica Granatum Seed Oil, Pinus Sylvestris Leaf Oil, Persea Gratissima (Avocado) Oil, Niacinamide, Citrus Grandis (Grapefruit) Peel Oil, Cholesterol, Anthemis Nobilis Flower Water, Lactobacillus/Honeysuckle Flower/Licorice Root/Morus Alba Root/Pueraria Lobata Root/Schizandra Chinensis Fruit/Scutellaria Baicalensis Root/Sophora Japonica Flower Extract Ferment Filtrate, Perfluorohexane, Olea Europaea (Olive) Leaf Extract, Glycerin, Eucalyptus Globulus Leaf Oil, Camellia Sinensis Leaf Extract, Chrysanthemum Indicum Flower Extract, Pueraria Lobata Root Extract, Perfluorodecalin, Morus Alba Fruit Extract, Magnolia Kobus Bark Extract, Glycine Soja (Soybean) Sprout Extract, Diospyros Kaki Leaf Extract, Cinnamomum Cassia Bark Extract, Artemisia Princeps Leaf Extract, Pentafluoropropane, Curcuma Longa (Turmeric) Root Extract, Steareth-20, Hydrolyzed Hyaluronic Acid, Colloidal Oatmeal, Hydrolyzed Silk, Citric Acid, Sodium Benzoate, Potassium Sorbate, Aloe Barbadensis Leaf Extract, N-Hydroxysuccinimide, Hydrolyzed Collagen, Caprylhydroxamic Acid, Tocopherol, Thiamine Hcl, Riboflavin, Retinyl Palmitate, Pantothenic Acid, Palmitoyl Oligopeptide, Niacin, Folic Acid, Chrysin, Carnitine Hcl, Biotin, Ascorbic Acid, Palmitoyl Tetrapeptide-7, Chlorhexidine Digluconate. May Contain: Iron Oxides (Ci 77492, Ci 77491, Ci 77499).'
 'Ürün adı: Ultra Repair® Cream Intense Hydration\nMarka: FIRST AID BEAUTY\nKategori: Moisturizer\nFiyat: 30\nPuan: 4.6\nUygun cilt tipleri: Combination, Dry, Normal, Oily, Sensitive\n\nÜrün tanıtımı: Ultra Repair® Cream Intense Hydration, çeşitli cilt tipleri için yoğun nemlendirme sunan bir nemlendiricidir. Cildi yatıştırmaya ve bariyerini desteklemeye yardımcı olabilecek içerikler barındırır.\nİçerik analizi: Formül, yoğun nemlendirme ve yatıştırma sağlayan bileşenler içerir. Seramid, kolloidal yulaf ezmesi ve bitki özleri ile cildi destekler. Stearik Asit, Gliseril Stearat SE, Gliseril Stearat, Setearil Alkol ve Butyrospermum Parkii Butter komedojenik risk taşıyabilir. Eucalyptus Globulus Leaf Oil ve Chrysanthemum Parthenium Extract hassasiyet/iritasyon riski yaratabilir.\n\nIngredients: Water, Stearic Acid, Glycerin, C12-15 Alkyl Benzoate, Caprylic/Capric Triglyceride, Glyceryl Stearate Se, Glyceryl Stearate, Cetearyl Alcohol, Butyrospermum Parkii Butter, Dimethicone, Squalane, Allantoin, Camellia Sinensis Leaf Extract, Caprylyl Glycol, Ceramide 3, Chrysanthemum Parthenium Extract, Colloidal Oatmeal, Disodium EDTA, Eucalyptus Globulus Leaf Oil, Glycyrrhiza Glabra Root Extract, Sodium Hydroxide, Xanthan Gum, Phenoxyethanol.']","Uygun cilt tipleri: Combination, Normal, Oily.","['8b5befe4aea098f3c275c8d75e0e6d2abcfdcf666c1eb8ba6e1c5d94f70677d7'
 '1ed4a690fab7fbe6a3af924503e394f4f2ee9163677f565770bc5854c289d1f7'
 '8cc86ba1e5d2afe30984613899405cea69f4f96cd1ccc3aae08963328a2c6b39'
 '02415a33943b2cc65c009174fd5b3f5a0cffb6f23d553fd8266e9b7f26f16cc0'
 'c830d0cdc847acd4f9b955eea7ddfd2c50148e65e380cf8b050c3103eed5f92a']",['8b5befe4aea098f3c275c8d75e0e6d2abcfdcf666c1eb8ba6e1c5d94f70677d7'],1.0,1.0,0.9258871787457893
"The True Cream Aqua Bomb ürünün,n fiyatı nedir?",The True Cream Aqua Bomb ürününün fiyatı 38'dir.,"['Ürün adı: The True Cream Aqua Bomb\nMarka: BELIF\nKategori: Moisturizer\nFiyat: 38\nPuan: 4.5\nUygun cilt tipleri: Combination, Normal, Oily\n\nÜrün tanıtımı: BELIF The True Cream Aqua Bomb, karma, normal ve yağlı cilt tipleri için tasarlanmış bir nemlendiricidir. Cilde yoğun nem sağlamayı hedefleyen hafif yapılı bir üründür.\nİçerik analizi: Bu formül nemlendirici ve yumuşatıcı bileşenler içerir. Cilt bariyerini destekleyici seramid ve kolesterol de bulunmaktadır. Alkol denat, parfüm ve parfüm bileşenleri (Citronellol, Limonene, Citral, Geraniol, Linalool) hassasiyet/iritasyon riski taşıyabilir. Butyrospermum Parkii (Shea) Butter, Macadamia Ternifolia Seed Oil, Stearic Acid komedojenik risk yaratabilir.\n\nIngredients: Water, Dipropylene Glycol, Glycerin, Methl Trimethicone, Alcohol Denat, Dimethicone, Cyclopentasiloxane, 1,2-Hexanediol, Malakite Extract, Caprylic/Capric Triglyceride, Pentaerythrityl Tetraethylhexanoate, PEG/PPG/Polybutylene Glycol-8/5/3 Glycerin, Alchemilla Vulgaris Leaf Extract*, Equisetum Arvense Leaf Extract*, Stellaria Media (Chickweed) Extract*, Urtica Dioica (Nettle) Leaf Extract*, Plantago Lanceolata Leaf Extract*, Avena Sativa (Oat) Kernel Extract**, Calendula Officinalis Flower Extract**, Nepeta Cataria Extract**, Rubus Idaeus (Raspberry) Leaf Extract**, Baptisia Tinctoria Root Extract**, Dimethiconol, Polymethylsilsesquioxane, Sodium Acrylate/Acryloyldimethyltaurate/Dimethylacrylamide Crosspolymer, Isohexadecane, Polysorbate 60, Ceramide 3, Cholesterol, Butyrospermum Parkii (Shea) Butter, Phenl Trimethicone, Pentaerythrityl Tetraisostearate, Panthenol, Squalane, Triethylhexanoin, Macadamia Ternifolia Seed Oil, PEG-150, PEG-40 Hydrogenated Castor Oil, Acrylates/C10-30 Alkyl Acrylate Crosspolymer, C14-22 Alcohols, Arachidyl Glucoside, Hydrogenated Lecithin, PEG-100 Stearate, Stearic Acid, Glyceryl Stearate, Carbomer, Tromethamine, Trisodium EDTA, Fragrance+, Citronellol, Limonene, Citral, Geraniol, Linalool. *Napiers aqua formula. **Napiers original formula. +Fragrances of natural origin.'
 'Ürün adı: The Moisturizing Soft Cream\nMarka: LA MER\nKategori: Moisturizer\nFiyat: 175\nPuan: 3.8\nUygun cilt tipleri: Combination, Dry, Normal, Oily, Sensitive\n\nÜrün tanıtımı: Bu ürün, cildi nemlendirmeye ve yumuşatmaya yardımcı olan zengin içerikli bir nemlendiricidir. Çeşitli cilt tipleri için uygun olabilir.\nİçerik analizi: Ürün, yoğun nemlendirme sağlayan zengin emolyanlar, silikonlar, çeşitli bitkisel özler ve peptitler barındırır. Petrolatum, Shea Butter ve bazı yağ türevleri komedojenik risk taşıyabilir. Parfüm, limon kabuğu ve okaliptüs yağı gibi içerikler hassasiyet veya iritasyon riski yaratabilir.\n\nIngredients: Algae (Seaweed) Extract, Cyclopentasiloxane, Petrolatum, Glyceryl Distearate, Phenyl Trimethicone, Butylene Glycol, Hydrogenated Vegetable Oil, Cholesterol, Butyrospermum Parkii (Shea Butter), Steareth-10, Dimethicone, Glyceryl Stearate Se, Polysilicone-11, Sesamum Indicum (Sesame) Seed Oil, Medicago Sativa (Alfalfa) Seed Powder, Helianthus Annuus (Sunflower) Seedcake, Prunus Amygdalus Dulcis (Sweet Almond) Seed Meal, Eucalyptus Globulus (Eucalyptus) Leaf Oil, Sodium Gluconate, Copper Gluconate, Calcium Gluconate, Magnesium Gluconate, Zinc Gluconate, Tocopheryl Succinate, Niacin, Sesamum Indicum (Sesame) Seed Powder, Water, Citrus Aurantifolia (Lime) Peel Extract, Laminaria Digitata Extract, Crithmum Maritimum Extract, Salicornia Herbacea Extract, Plankton Extract, Chlorella Vulgaris Extract, Glycine Soja (Soybean) Seed Extract, Glycerin, Caffeine, Sea Salt/Maris Sal/Sel Marin, Micrococcus Lysate, Diethylhexyl Succinate, Adenosine Phosphate, Creatine, Hydrolyzed Algin, Isocetyl Stearoyl Stearate, Cetyl Alcohol, Sucrose, Acetyl Hexapeptide-8, Glucose Oxidase, Polyacrylamide, Acetyl Carnitine Hcl, Glucose, Caprylic/Capric Triglyceride, C13-14 Isoparaffin, Tocopheryl Acetate, Tetrahexyldecyl Ascorbate, Sodium Pca, Glycosaminoglycans, Urea, Distearyldimonium Chloride, Dipalmitoyl Hydroxyproline, Sodium Hyaluronate, Laureth-7, Lecithin, Trehalose, Polyquaternium-51, Lactoperoxidase, Hydroxypropyl Cyclodextrin, Cyanocobalamin, Pentylene Glycol, Fragrance, Disodium Edta, Bht, Citronellol, Hydroxycitronellal, Geraniol, Linalool, Limonene, Potassium Sorbate, Phenoxyethanol'
 'Ürün adı: The Water Cream\nMarka: TATCHA\nKategori: Moisturizer\nFiyat: 68\nPuan: 4.2\nUygun cilt tipleri: Combination, Normal, Oily, Sensitive\n\nÜrün tanıtımı: TATCHA The Water Cream, karma, normal, yağlı ve hassas cilt tipleri için tasarlanmış hafif bir nemlendiricidir. Cilde nem sağlamayı ve dengelemeyi hedefleyen Hadasei-3 gibi içerikler barındırır.\nİçerik analizi: Bu formül, nemlendirme ve cilt kondisyonu için fermente içerikler, silikonlar ve çeşitli bitki özleri içerir. Sodyum Klorür komedojenik risk taşıyabilir. Parfüm/Fragrance ve Alkol hassasiyet/iritasyon riski yaratabilir.\n\nIngredients: Water, Saccharomyces/Camellia Sinensis Leaf/Cladosiphon Okamuranus/Rice Ferment Filtrate*, Dimethicone, Propanediol, Glycerin, Diglycerin, Diphenylsiloxy Phenyl Trimethicone, Gold, Belamcanda Chinensis Root Extract, Rosa Multiflora Fruit Extract, Houttuynia Cordata Extract, Sophora Angustifolia Root Extract, Sodium Hyaluronate, Lecithin, Pistacia Lentiscus (Mastic) Gum, Sodium Chloride, Sodium Citrate, Mica, Peg-9 Polydimethylsiloxyethyl Dimethicone, Dimethicone/Peg-10/15 Crosspolymer, Dimethicone/Phenyl Vinyl Dimethicone Crosspolymer, Disodium Edta, Tin Oxide, Titanium Dioxide, Butylene Glycol, Ethylhexylglycerin, Parfum/Fragrance, Alcohol, Phenoxyethanol. *Hadasei-3.'
 'Ürün adı: Your Skin But Better™ CC+™ Cream with SPF 50+\nMarka: IT COSMETICS\nKategori: Moisturizer\nFiyat: 38\nPuan: 4.1\nUygun cilt tipleri: Combination, Dry, Normal, Oily, Sensitive\n\nÜrün tanıtımı: Bu ürün, cilde renk eşitleme ve yüksek SPF 50+ güneş koruması sunan, nemlendirici özelliklere sahip bir CC kremidir. Cilt tonunu eşitlemeye ve nemlendirmeye yardımcı olabilir.\nİçerik analizi: Ürün, nemlendirici, SPF ve çeşitli aktif bileşenler içeren zengin bir formüle sahiptir. Salyangoz salgısı filtratı, silikonlar, bitkisel yağlar ve vitaminler içerir. Stearik Asit, Orbignya Oleifera Seed Oil ve Persea Gratissima (Avocado) Oil komedojenik risk taşıyabilir. Narenciye yağları (Citrus Medica Limonum Peel Oil, Citrus Aurantium Bergamia Fruit Oil vb.) ve Eucalyptus Globulus Leaf Oil hassasiyet/iritasyon riski yaratabilir. Chlorhexidine Digluconate de hassasiyet riski taşıyabilir.\n\nIngredients: Water, Snail Secretion Filtrate, Phenyl Trimethicone, Dimethicone, Butylene Glycol, Butylene Glycol Dicaprylate/Dicaprate, Orbignya Oleifera Seed Oil, Butyloctyl Salicylate, Cetyl Peg/Ppg-10/1 Dimethicone, Cyclopentasiloxane, Cyclohexasiloxane, Magnesium Sulfate, Polyglyceryl-4 Isostearate, Dimethicone/Vinyl Dimethicone Crosspolymer, Aluminum Hydroxide, Hexyl Laurate, Stearic Acid, Calcium Stearate, Caprylyl Glycol, Triethoxycaprylylsilane, Ethylhexylglycerin, Citrus Medica Limonum (Lemon) Peel Oil, Tocopheryl Acetate, Sorbitan Isostearate, Phenoxyethanol, Citrus Aurantium Bergamia (Bergamot) Fruit Oil, 1,2-Hexanediol, Disodium Edta, Citrus Aurantium Dulcis (Orange) Peel Oil, Citrus Aurantifolia (Lime) Oil, Vitis Vinifera (Grape) Seed Oil, Punica Granatum Seed Oil, Pinus Sylvestris Leaf Oil, Persea Gratissima (Avocado) Oil, Niacinamide, Citrus Grandis (Grapefruit) Peel Oil, Cholesterol, Anthemis Nobilis Flower Water, Lactobacillus/Honeysuckle Flower/Licorice Root/Morus Alba Root/Pueraria Lobata Root/Schizandra Chinensis Fruit/Scutellaria Baicalensis Root/Sophora Japonica Flower Extract Ferment Filtrate, Perfluorohexane, Olea Europaea (Olive) Leaf Extract, Glycerin, Eucalyptus Globulus Leaf Oil, Camellia Sinensis Leaf Extract, Chrysanthemum Indicum Flower Extract, Pueraria Lobata Root Extract, Perfluorodecalin, Morus Alba Fruit Extract, Magnolia Kobus Bark Extract, Glycine Soja (Soybean) Sprout Extract, Diospyros Kaki Leaf Extract, Cinnamomum Cassia Bark Extract, Artemisia Princeps Leaf Extract, Pentafluoropropane, Curcuma Longa (Turmeric) Root Extract, Steareth-20, Hydrolyzed Hyaluronic Acid, Colloidal Oatmeal, Hydrolyzed Silk, Citric Acid, Sodium Benzoate, Potassium Sorbate, Aloe Barbadensis Leaf Extract, N-Hydroxysuccinimide, Hydrolyzed Collagen, Caprylhydroxamic Acid, Tocopherol, Thiamine Hcl, Riboflavin, Retinyl Palmitate, Pantothenic Acid, Palmitoyl Oligopeptide, Niacin, Folic Acid, Chrysin, Carnitine Hcl, Biotin, Ascorbic Acid, Palmitoyl Tetrapeptide-7, Chlorhexidine Digluconate. May Contain: Iron Oxides (Ci 77492, Ci 77491, Ci 77499).'
 'Ürün adı: Crème de la Mer\nMarka: LA MER\nKategori: Moisturizer\nFiyat: 175\nPuan: 4.1\nUygun cilt tipleri: Combination, Dry, Normal, Oily, Sensitive\n\nÜrün tanıtımı: Crème de la Mer, cildi nemlendirmeye yardımcı olan bir nemlendiricidir. Çeşitli cilt tipleri için uygun olabilir ve genel cilt bakımı rutininize eklenebilir.\nİçerik analizi: Ürün, mineral yağlar, petrolatum ve bitkisel özlerle zengin, yoğun nemlendirme odaklı bir formüle sahiptir. Mineral Oil, Petrolatum, Microcrystalline Wax, Paraffin ve Decyl Oleate komedojenik risk taşıyabilir. Lanolin Alcohol, Alcohol Denat., Fragrance, Limonene, Linalool, Citrus Aurantifolia (Lime) Extract ve Eucalyptus Globulus (Eucalyptus) Leaf Oil hassasiyet/iritasyon riski yaratabilir.\n\nIngredients: Algae (Seaweed) Extract, Mineral Oil, Petrolatum, Glycerin, Isohexadecane, Microcrystalline Wax, Lanolin Alcohol, Citrus Aurantifolia (Lime) Extract, Sesamum Indicum (Sesame) Seed Oil, Eucalyptus Globulus (Eucalyptus) Leaf Oil, Sesamum Indicum (Sesame) Seed Powder, Medicago Sativa (Alfalfa) Seed Powder, Helianthus Annuus (Sunflower) Seedcake, Prunus Amygdalus Dulcis (Sweet Almond) Seed Meal, Sodium Gluconate, Copper Gluconate, Calcium Gluconate, Magnesium Gluconate, Zinc Gluconate, Magnesium Sulfate, Paraffin, Tocopheryl Succinate, Niacin, Water, Beta-Carotene, Decyl Oleate, Aluminum Distearate, Octyldodecanol, Citric Acid, Cyanocobalamin, Magnesium Stearate, Panthenol, Limonene, Geraniol, Linalool, Hydroxycitronellal, Citronellol, Benzyl Salicylate, Citral, Sodium Benzoate, Alcohol Denat., Fragrance.']",Fiyat: 38.,"['8b5befe4aea098f3c275c8d75e0e6d2abcfdcf666c1eb8ba6e1c5d94f70677d7'
 '8cc86ba1e5d2afe30984613899405cea69f4f96cd1ccc3aae08963328a2c6b39'
 '1ed4a690fab7fbe6a3af924503e394f4f2ee9163677f565770bc5854c289d1f7'
 '02415a33943b2cc65c009174fd5b3f5a0cffb6f23d553fd8266e9b7f26f16cc0'
 '65e4d1a65dfb3b0b0c62659612acd35456da133d9a069e9175116f09d8701fce']",['8b5befe4aea098f3c275c8d75e0e6d2abcfdcf666c1eb8ba6e1c5d94f70677d7'],1.0,1.0,0.9211798798637529
